ÿchembl_id,SMILES
CHEMBL2105485,C(=S)(N(c1cc(ccc1)C)C)Oc1cc2c([C@@H]3C[C@H]2CC3)cc1
CHEMBL4297506,[C@@H](c1ccc(Cl)cc1Cl)(OCc1ccc(C(F)(F)F)cc1)Cn1cncc1
CHEMBL1908301,C(c1c(cc(cc1)F)F)(OP(=O)(O)O)(Cn1ncnc1)Cn1ncnc1
CHEMBL298312,c1c(O)cccc1C
CHEMBL2107447,C(=C\SC)(/n1cncc1)\c1c(OCCCCC)cccc1
CHEMBL417799,O1c2c3c(c4c([n+](c3)C)c3c(cc4)cc4OCOc4c3)ccc2OC1
CHEMBL3989818,C1(c2c(cc(cc2)Cl)Cl)(OC(CO1)COc1ccc(c2ccccc2)cc1)Cn1cncc1
CHEMBL2107477,n1c([nH][nH]c2c1cncc2)COc1ccccc1
CHEMBL2107430,C(n1cncc1)(c1c(F)cccc1)(c1ccc(cc1)F)c1ccccc1
CHEMBL486174,C1(=O)N(CCC1)C(=O)/C=C/C=C/C(=C/[C@@H](CCCC)O)/C
CHEMBL3707340,Cc1c(Br)cc(Br)c(O)c1Br
CHEMBL2104617,[C@@]1([C@@H](O1)c1c(cc(cc1)Cl)Cl)(Cn1ncnc1)c1ccc(cc1)Cl
CHEMBL2105308,c1(CO[C@H](Cn2cncc2)c2ccc(cc2)Cl)c(Cl)cccc1Cl
CHEMBL549473,[n+]1(c(SSc2[n+]([O-])cccc2)cccc1)[O-]
CHEMBL522783,[C@H]1([C@H]([C@H]1C)/C=C/[C@H](/C=C(/[C@@H]1O[C@@H](C(=CC1)C)CC)\C)C)/C=C/[C@@H]1O[C@H](CC(=O)O)C[C@@H]([C@H]1O)O
CHEMBL356479,N1(C(=O)C(NC1=O)C(CC)CCCC)SC(Cl)(Cl)Cl
CHEMBL459008,C(=O)(c1ccc(cc1)O)OCCCC
CHEMBL1463,n1c(c(c[nH]c1=O)F)N
CHEMBL294029,[C@@]([C@H](c1nc(cs1)c1ccc(C#N)cc1)C)(c1c(cc(cc1)F)F)(Cn1ncnc1)O
CHEMBL2046550,c1(/C(=C(/n2ccnc2)\C)/OCCOc2ccc(cc2)Cl)c(cc(cc1)Cl)Cl
CHEMBL2106156,C(=C\n1cncc1)(/c1c(cc(cc1)Cl)Cl)\OCCOc1ccc(Cl)cc1
CHEMBL27289,C(=C)(n1cncc1)c1c(OCc2cc(Cl)ccc2)cccc1
CHEMBL3707367,C(COc1ccc(cc1)Cl)O
CHEMBL1651990,c1(C(Cn2ccnc2)OCc2ccc(cc2)Sc2ccccc2)c(cc(cc1)Cl)Cl
CHEMBL1276010,C(=O)(O)CCCCCCCCC=C
CHEMBL489411,N1(C[C@H](O[C@H](C1)C)C)CC(Cc1ccc(C(CC)(C)C)cc1)C
CHEMBL2104297,n1(c(C(=O)OCC)cnc1)C1c2c(CCC1)cccc2
CHEMBL2105577,c1(c(cc(cc1)Cl)Cl)C(Cn1cncc1)OCCCOc1ccc(Cl)cc1
CHEMBL558722,C1(c2c(cc(cc2CCc2c1cccc2)Cl)Cl)n1cncc1
CHEMBL2104297,n1(c(C(=O)OCC)cnc1)[C@@H]1c2c(CCC1)cccc2
CHEMBL2104811,[C@]1(c2c(cc(cc2)Cl)Cl)(O[C@H](CO1)COCC#C)Cn1cncc1
CHEMBL592105,CN(C)c1ccc(cc1)C(O)(c1ccc(cc1)N(C)C)c1ccc(cc1)N(C)C
CHEMBL151803,N1(C(=S)SCN(C1)Cc1ccccc1)Cc1ccccc1
CHEMBL543443,C(=N\Nc1c(Cl)cccc1Cl)(\c1sc(cc1)Cl)/Cn1cncc1
CHEMBL543443,C(=N\Nc1c(Cl)cccc1Cl)(/c1sc(cc1)Cl)\Cn1cncc1
CHEMBL2103914,c12c(=O)[nH]sc1cc(cc2)Cl
CHEMBL2106687,C(=C\c1c(cc(cc1)Cl)Cl)(\Cn1cncc1)/c1ccc(cc1)Cl
CHEMBL1076544,c1nc(Cl)c(cc1)C(=O)Nc1c(cccc1)c1ccc(cc1)Cl
CHEMBL2106552,c1(c(c(c2ccccc2)ccc1)O)C(=O)OCCN(CC)CC
CHEMBL1276010,C(=O)([O-])CCCCCCCCC=C
CHEMBL2104459,C(C(=O)C(C)(C)C)(Oc1c(cc(cc1)Cl)Cl)Cn1cncc1
CHEMBL261627,C1(c2c(cc(cc2)Cl)Cl)(Cn2ncnc2)OCCO1
CHEMBL608870,n1([C@H]2[C@@H]([C@@H]([C@H](O2)C[C@H](CC[C@@H](C(=O)O)N)N)O)O)c2c(nc1)c(ncn2)N
CHEMBL152649,n1(c(nc2c1cccc2)C)Cc1ccc(Cl)cc1
CHEMBL514315,c1([N+](=O)[O-])oc(/C=N/N2C(=O)OC(C2)CSC)cc1
CHEMBL2218899,C1(Sc2c(C1OCc1c(F)cccc1F)cc(cc2)F)Cn1cncc1
CHEMBL356918,c1(c(cc(cc1)Cl)Cl)C(Cn1cncc1)OCC=C
CHEMBL1505471,c12nc3c(nc2c(ccc1C(=O)OC)O)c(c(cc3O)O)C=O
CHEMBL543443,c1(/C(=N/Nc2c(cccc2Cl)Cl)/Cn2ccnc2)sc(cc1)Cl
CHEMBL2107704,n1c(nnc2c1cncc2)Cc1ccccc1
CHEMBL1555126,Clc1c(C2S/C(=C(/n3cncc3)\C#N)/SC2)cccc1
CHEMBL97972,c1([N+](=O)[O-])c(c2c(c[nH]c2)Cl)cccc1Cl
CHEMBL2105583,C(=S)(N(c1cc(ccc1)C)C)Oc1cc2c(cc1)CCC2
CHEMBL2105923,c1(oc2c(c1)cc(cc2)Cl)C(n1cncc1)c1c(Cl)cccc1
CHEMBL2107443,[N+](=O)(C[C@H](c1c(Cl)cccc1)SCCN)[O-]
CHEMBL194014,C(=O)(c1ccc(cc1)O)OCCC
CHEMBL1095699,[N+](=[N-])=CC(=O)OC[C@@H](C(=O)O)N
CHEMBL2106787,c1([N+](=O)[O-])oc(cc1)C(=O)CCl
CHEMBL2104202,n1(cncc1)CC(c1ccc(cc1)Br)c1ccccc1
CHEMBL325372,C(=O)(c1ccc(cc1)O)OC
CHEMBL1908343,C12=C(C(=O)c3c(C1=O)cccc3O)C(OC1C2OC(=O)O1)C
CHEMBL15841,C(=O)(c1ccc(cc1)O)OCC
CHEMBL1327203,c1(COC(c2c(cc(cc2)Cl)Cl)Cn2cncc2)c(Cl)cccc1Cl
CHEMBL2107443,[N+](=O)(CC(c1c(Cl)cccc1)SCCN)[O-]
CHEMBL626,c1(c2c(ccc1)cccc2)CN(C/C=C/c1ccccc1)C
CHEMBL346235,c1(nc2c(s1)cc(cc2)OCCN(CC)CC)N(C)C
CHEMBL562,[C@@]12(C(=O)c3c(O1)c(c(cc3OC)OC)Cl)C(=CC(=O)C[C@H]2C)OC
CHEMBL409153,C(#N)c1ccc(cc1)c1nc(sc1)[C@H](C)[C@@](Cn1ncnc1)(O)c1c(ccc(c1)F)F
CHEMBL1200725,s1c2c(c(c1)CO[C@@H](c1c(cc(cc1)Cl)Cl)Cn1cncc1)cccc2Cl
CHEMBL1591365,C(=S)(N(c1nc(OC)ccc1)C)Oc1cc2c(cc1)CCCC2
CHEMBL808,c1(c(cc(cc1)Cl)Cl)[C@H](Cn1cncc1)OCc1ccc(Cl)cc1
CHEMBL808,c1(c(cc(cc1)Cl)Cl)C(Cn1cncc1)OCc1ccc(Cl)cc1
CHEMBL625,c1(nc2c([nH]1)cccc2)c1ncsc1
CHEMBL541,C(=O)(c1ccccc1)O
CHEMBL2105277,C(C1CC1)(c1ccc(cc1)Cl)(c1ccc(cc1)Cl)O
CHEMBL3989547,c1(nc(cs1)c1ccccc1Oc1ccc(cc1C)C)N=C1NCCCN1
CHEMBL153192,c1(C(=O)Nc2ccc(Cl)cc2)c(ccc(c1)Br)O
CHEMBL2105308,c1(COC(Cn2cncc2)c2ccc(cc2)Cl)c(Cl)cccc1Cl
CHEMBL1651990,c1([C@@H](Cn2ccnc2)OCc2ccc(cc2)Sc2ccccc2)c(cc(cc1)Cl)Cl
CHEMBL1221,c1(c(cc(cc1)Cl)Cl)[C@@H](SCc1ccc(Cl)cc1)Cn1cncc1
CHEMBL990,c1(c2c(ccc1)cccc2)CN(Cc1ccc(C(C)(C)C)cc1)C
CHEMBL1489254,C(=O)(OC(COC(=O)C)COC(=O)C)C
CHEMBL1295,c1(SC(Cn2cncc2)CCc2ccc(Cl)cc2)c(Cl)cccc1Cl
CHEMBL1295,c1(S[C@@H](Cn2cncc2)CCc2ccc(Cl)cc2)c(Cl)cccc1Cl
CHEMBL277535,n1(cncc1)C(c1ccc(cc1)c1ccccc1)c1ccccc1
CHEMBL2105689,n1(ccnc1)/C(=C\1/S[C@@H](CS1)c1c(cc(cc1)Cl)Cl)/C#N
CHEMBL1262,C(=N\OCc1c(cc(cc1)Cl)Cl)(/c1c(cc(cc1)Cl)Cl)\Cn1cncc1
CHEMBL2103877,Fc1cc(c(cc1)[C@@](Cn1cncn1)([C@@H](C)N1CCC(=C)CC1)O)F
CHEMBL1413,n1(c(cc(cc1=O)C)C1CCCCC1)O
CHEMBL324846,C(=O)(O)CCCCCCC
CHEMBL298817,[C@](c1c(cc(cc1)F)F)([C@H](n1c(=O)c2c(nc1)cc(cc2)Cl)C)(Cn1ncnc1)O
CHEMBL607710,C(=O)(OCC(COc1ccc(Cl)cc1)O)N
CHEMBL1221,c1(c(cc(cc1)Cl)Cl)C(SCc1ccc(Cl)cc1)Cn1cncc1
CHEMBL1200725,Clc1c2scc(c2ccc1)CO[C@H](c1c(Cl)cc(Cl)cc1)Cn1cncc1
CHEMBL638,[C@](c1c(cc(cc1)F)F)([C@H](c1c(F)cncn1)C)(Cn1ncnc1)O
CHEMBL1200438,c1(c(scc1)Cl)COC(c1c(cc(cc1)Cl)Cl)Cn1cncc1
CHEMBL1289,C(#CI)COc1cc(c(cc1Cl)Cl)Cl
CHEMBL106,OC(Cn1cncn1)(Cn1cncn1)c1ccc(F)cc1F
CHEMBL91,c1(c(cc(cc1)Cl)Cl)[C@H](Cn1cncc1)OCc1c(cc(cc1)Cl)Cl
CHEMBL424,c1(C(=O)O)c(O)cccc1
CHEMBL83668,C(=S)(N(c1cc(ccc1)C)C)Oc1cc2c(cc1)cccc2
CHEMBL1200725,s1c2c(c(c1)COC(c1c(cc(cc1)Cl)Cl)Cn1cncc1)cccc2Cl
CHEMBL104,C(n1cncc1)(c1c(Cl)cccc1)(c1ccccc1)c1ccccc1
CHEMBL541,C(=O)([O-])c1ccccc1
CHEMBL270271,C1(OCC(O1)CC)(Cn1cncn1)c1c(cc(cc1)Cl)Cl
CHEMBL91,c1(c(cc(cc1)Cl)Cl)C(Cn1cncc1)OCc1c(cc(cc1)Cl)Cl
CHEMBL443052,c12c(ccc(c1)F)B(OC2)O
CHEMBL822,C(#CC(C)(C)C)/C=C/CN(Cc1c2c(ccc1)cccc2)C