SN,Molecule,SMILES,ES,HS
1,A3244,CN(C)CCCOc1ccc(CN(C)Cc2cccc3ccccc23)cc1,0.9964161,0.003583846
2,A1732,CCCN(CCC)CCOC(=O)Cc1ccccc1c1ccccc1,0.99972016,0.000279807
3,A5576,Nc1ncccc1c1cc(Cc2ccc(COCCN3CCCC3)cc2)no1,0.99489367,0.005106311
4,A4678,CN1CCN(C/C=C/CN(C)Cc2cccc3ccccc23)CC1,0.9968573,0.003142756
5,A3201,CN(Cc1ccc(CCCN)cc1)Cc1cccc2ccccc12,0.9979734,0.002026574
6,A3121,OCCCc1ccc(CO[C@@H](Cn2ccnc2)c2ccc(F)cc2Cl)cc1,0.9968262,0.0031739
7,A3250,CN(C)CCCN(Cc1ccccc1)Cc1cccc2ccccc12,0.99232787,0.007672131
8,A3213,COC(=O)CCc1ccc(CN(C)Cc2cccc3ccccc23)cc1,0.9996166,0.000383341
9,A3254,CN(C)Cc1ccc(CN(C)Cc2cccc3ccccc23)cc1,0.9965519,0.003448109
10,A3253,CN(Cc1ccc(CCCCN)cc1)Cc1cccc2ccccc12,0.9961842,0.003815777
11,A3266,CN(C)CCc1ccc(CN(C)Cc2cccc3ccccc23)cc1,0.99579525,0.004204726
12,A4449,O[C@](CN1CCN(Cc2cccs2)CC1)(Cn1cncn1)c1ccc(F)cc1F,0.9924435,0.007556436
13,A3181,CC(=O)N(C)Cc1ccc(CN(C)Cc2cccc3ccccc23)cc1,0.99949265,0.000507297
14,A3243,C[C@H](O)c1ccc(CN(C)Cc2cccc3ccccc23)cc1,0.99759763,0.002402372
15,A5586,COC(=O)CC1CCN(Cc2ccc(Cc3cc(c4cccnc4N)on3)cc2)CC1,0.998173,0.001826993
16,A3223,CN(C)CCOc1ccc(CN(C)Cc2cccc3ccccc23)cc1,0.9989017,0.001098234
17,A3210,CCN(Cc1ccc(C(=O)O)cc1)Cc1cccc2ccccc12,0.99966013,0.000339899
18,A2619,OCCc1ccc(CO[C@@H](Cn2ccnc2)c2ccc(Cl)cc2Cl)cc1,0.9977495,0.002250514
19,A4533,CCc1ccc(CO[C@@H](Cn2ccnc2)c2ccc(F)cc2F)c(F)c1,0.99932754,0.00067253
20,A3228,CN(Cc1ccc(C(F)(F)F)cc1)Cc1ccnc2ccccc12,0.99979883,0.000201221
21,A4686,C[C@@H]1CCN(C/C=C/CN(C)Cc2cccc3ccccc23)CC1,0.99468166,0.005318304
22,A2477,CN(CCCc1ccccc1)Cc1cccc2ccccc12,0.9988857,0.001114322
23,A1947,C=CCN(CC=C)Cc1nc2ccccc2n1Cc1ccc(Cl)cc1,0.99866235,0.00133764
24,A3174,CN(Cc1ccc(C(F)(F)F)cc1)Cc1cccc2cccnc12,0.9997904,0.000209619
25,A3249,CN(Cc1ccc(CCCO)cc1)Cc1cccc2ccccc12,0.99957234,0.00042762
26,A4451,O[C@](CNCCc1ccccn1)(Cn1cncn1)c1ccc(F)cc1F,0.99868315,0.001316868
27,A3308,COc1ccc(CC[C@@H](Cn2ccnc2)Sc2ccc(C)cc2)cc1,0.99347246,0.006527584
28,A5569,COC1CCN(Cc2ccc(Cc3cc(c4cccnc4N)on3)cc2)CC1,0.99643624,0.003563755
29,A3214,CN(Cc1ccc(CCN)cc1)Cc1cccc2ccccc12,0.99738127,0.002618666
30,A5574,Nc1ncccc1c1cc(Cc2ccc(COCCN3CCCCC3)cc2)no1,0.99406505,0.005934956
31,A5565,Nc1ncccc1c1cc(Cc2ccc(OCCN3CCCCC3)cc2)no1,0.9955051,0.004494911
32,A702,Cc1ccc(CO[C@@H](Cn2ccnc2)c2ccc(F)cc2Cl)cc1,0.9996911,0.000308932
33,A2569,CN(CCc1ccccc1)Cc1cccc2ccccc12,0.99864787,0.001352179
34,A3206,CN(Cc1ccc2ccccc2c1)Cc1ccccc1CO,0.99917173,0.000828272
35,A4532,Cc1ccc(CO[C@@H](Cn2ccnc2)c2ccc(F)cc2F)c(F)c1,0.9996333,0.000366636
36,A3204,CC(C)N(Cc1ccc(C(=O)O)cc1)Cc1cccc2ccccc12,0.9989686,0.0010314
37,A2594,CN(Cc1cccc2ccccc12)C[C@H](O)Cc1ccccc1,0.99929714,0.000702868
38,A2471,CN(CCCc1cccc2ccccc12)Cc1ccccc1,0.99811745,0.001882556
39,A3129,Fc1ccc(CS[C@@H](Cn2ccnc2)c2ccc(F)cc2)cc1,0.9998023,0.000197753
40,A4700,C[C@H](O)CC/C=C/CN(C)Cc1cccc2ccccc12,0.99623114,0.003768842
41,A708,COc1ccc(CO[C@@H](Cn2ccnc2)c2ccc(C)cc2Cl)cc1,0.99955326,0.000446698
42,A3183,CN(Cc1ccc(C(F)(F)F)cc1)Cc1cccc2cnccc12,0.9997687,0.000231363
43,A53,Fc1cc(C(F)(F)F)ccc1CO[C@@H](Cn1ccnc1)c1ccccc1,0.9989404,0.001059552
44,A3172,CCOc1cccc(CN(C)Cc2cccc3ccccc23)c1,0.9992262,0.000773728
45,A1832,CCCC[C@H](Oc1ccc(Cl)cc1Cl)C(=O)[C@H](Cn1ccnc1)N(C)C,0.9940606,0.005939385
46,A2633,Cc1ccc(CCO[C@H](Cn2ccnc2)c2ccc(F)cc2F)cc1,0.9993345,0.000665484
47,A3132,Fc1ccc(CS[C@@H](Cn2ccnc2)c2ccccc2F)cc1,0.9996537,0.000346261
48,A3234,CCCN(Cc1ccc(C(=O)O)cc1)Cc1cccc2ccccc12,0.99926263,0.000737411
49,A3336,Cc1ccc(O[C@H](CCc2ccc(Cl)cc2)Cn2ccnc2)cc1,0.9983966,0.001603365
50,A2512,CN(C)C/C=C/CN(C)Cc1cccc2ccccc12,0.9951787,0.004821322
51,A3153,CN(Cc1ccc(C(F)(F)F)cc1)Cc1cccc2ccncc12,0.9997732,0.000226805
52,A3155,Cc1ccccc1CN(C)Cc1cccc2ccccc12,0.9974492,0.002550724
53,A2567,CCN(C)C/C=C/CN(C)Cc1cccc2ccccc12,0.9936207,0.006379247
54,A1734,CCN(CC)CCOC(=O)c1cc(Br)ccc1OCc1ccccc1,0.9998491,0.000150878
55,A3267,CC(C)N(Cc1ccc(CO)cc1)Cc1cccc2ccccc12,0.9983524,0.001647601
56,A3231,COc1cc2ccccc2cc1CN(C)Cc1ccc(C)cc1,0.9974746,0.002525352
57,A3330,N#Cc1ccc(CO[C@H](CCc2ccc(Cl)cc2)Cn2ccnc2)cc1,0.9935939,0.006406176
58,A4718,CCCCNC/C=C/CN(C)Cc1cccc2ccccc12,0.99798906,0.002010902
59,A4723,C[C@H](O)C/C=C/CN(C)Cc1cccc2ccccc12,0.9978941,0.002105947
60,A3230,COc1ccc2ccccc2c1CN(C)Cc1ccc(C)cc1,0.9969791,0.003020891
61,A3232,CC(=O)c1ccc(CN(C)Cc2cccc3ccccc23)cc1,0.9994429,0.000557115
62,A3219,CC(=O)c1cccc(CN(C)Cc2cccc3ccccc23)c1,0.99939454,0.0006054
63,A3195,CN(Cc1ccc(CO)cc1)Cc1cccc2ccccc12,0.99898416,0.00101581
64,A3259,CN(Cc1ccc(CC#N)cc1)Cc1cccc2ccccc12,0.9994337,0.000566227
65,A3207,CN(Cc1cccc(CN)c1)Cc1cccc2ccccc12,0.99624336,0.003756604
66,A1635,CC(C)N(CCCN)CCOC(=O)c1ccc(c2ccccc2)cc1O,0.99792296,0.002077012
67,A3122,CCOC[C@@H](Cn1ccnc1)OCc1ccc(Sc2ccccc2)cc1,0.9989587,0.001041328
68,A1260,Clc1ccc(OCCCO[C@H](Cn2ccnc2)c2ccccc2)cc1,0.9980977,0.001902304
69,A4482,CC(C)N(Cc1ncn(C[C@](O)(Cn2cncn2)c2ccc(F)cc2F)n1)C(C)C,0.99731123,0.002688767
70,A1710,CCN(CC)CCOC(=O)c1ccccc1Cc1ccccc1,0.9996055,0.000394567
71,A3188,CN(Cc1cccc(CO)c1)Cc1cccc2ccccc12,0.9989235,0.001076496
72,A1638,CCCN(CCC)CCOC(=O)c1ccc(c2ccccc2)cc1OC,0.9997522,0.000247822
73,A3205,COC(=O)c1ccc(CN(C)Cc2ccc(C)c3ccccc23)cc1,0.99960333,0.000396656
74,A2596,CCN(Cc1ccccc1OC)Cc1cccc2ccccc12,0.9997545,0.000245473
75,A3295,Clc1ccc(CC[C@H](Cn2ccnc2)OCc2ccccc2)cc1,0.993598,0.006401979
76,A3255,CCOc1ccccc1CN(C)Cc1cccc2ccccc12,0.9993686,0.000631442
77,A3270,CN(Cc1ccc(Cl)cc1)Cc1ccc(CN)c2ccccc12,0.9938081,0.00619194
78,A4472,CN(Cc1ccncc1)C[C@@](O)(Cn1cncn1)c1ccc(F)cc1F,0.9967752,0.003224783
79,A38,OCCNC[C@H](OCc1ccc(C(F)(F)F)cc1)c1ccc(Cl)cc1Cl,0.9987436,0.001256445
80,A3095,Clc1ccc([C@H](CCn2ccnc2)OCCc2ccccc2)cc1,0.9905814,0.009418567
81,A374,OCCc1cn(C[C@H](OCc2ccc(Cl)cc2)c2ccc(Cl)cc2)cn1,0.9983728,0.001627224
82,A5591,CO[C@@H]1CCCN(Cc2ccc(Cc3cc(c4cccnc4N)on3)cc2)C1,0.99572456,0.00427549
83,A373,CC(=O)c1ccc([C@@H](Cn2ccnc2)OCc2ccc(F)cc2)cc1,0.9994696,0.000530419
84,A3160,COC(=O)c1cccc(CN(C)Cc2cccc3ccccc23)c1,0.9994956,0.000504355
85,A3218,CN(Cc1ccccc1)Cc1cc(C#N)cc2ccccc12,0.995455,0.004544933
86,A4586,Clc1ccc([C@@H](Cn2ccnc2)OCCNCc2ccccc2)c(Cl)c1,0.99161935,0.008380576
87,A3194,CN(Cc1ccccc1CO)Cc1cccc2ccccc12,0.99912053,0.000879426
88,A267,Cc1ccc([C@H](Cn2ccnc2)OCc2ccc(Cl)cc2F)cc1,0.99909437,0.000905644
89,A3326,Clc1ccc(CC[C@@H](Cn2ccnc2)SCc2ccccn2)cc1,0.9953113,0.004688694
90,A1599,CCCN(CCC)CCOC(=O)c1cc(c2ccccc2)ccc1OC,0.9997992,0.000200824
91,A1613,CCN(CC)CCOC(=O)c1ccc(OCc2ccccc2)cc1,0.99983704,0.000162962
92,A4510,CCCN(Cc1ccco1)C[C@@](O)(Cn1cncn1)c1ccc(F)cc1F,0.9922192,0.007780868
93,A4277,COc1ccc(CO[C@H](COC(=O)N)OC[C@H](O)COc2ccc(Cl)cc2)cc1,0.9979657,0.002034324
94,A4677,CN(CC#CCOC(C)(C)C)Cc1cccc2ccccc12,0.9946016,0.005398444
95,A3171,CCOc1ccc(CN(C)Cc2cccc3ccccc23)cc1,0.9995907,0.000409323
96,A5577,CC(=O)N1CCC(Cc2ccc(Cc3cc(c4cccnc4N)on3)cc2)CC1,0.9915005,0.008499529
97,A4714,COC(=O)C/C=C/CN(C)Cc1cccc2ccccc12,0.9962919,0.003708201
98,A790,CCC(C)(C)c1ccc(CCCN2C[C@@H](C)O[C@@H](C)C2)c(C)c1,0.9990576,0.00094245
99,A1605,CCCN(CCC)CCOC(=O)c1cccc2ccccc12,0.9994615,0.000538504
100,A3252,CN(Cc1cccc(F)c1F)Cc1cccc2ccccc12,0.99848515,0.001514913
101,A3199,CN(Cc1ncccc1C(F)(F)F)Cc1cccc2ccccc12,0.99980503,0.000195028
102,A4679,CN(C/C=C/C(=O)C(C)(C)C)Cc1cccc2ccccc12,0.99688524,0.003114716
103,A4452,O[C@@](CNCc1ccc(F)cc1)(Cn1cncn1)c1ccc(F)cc1F,0.9986524,0.001347598
104,A1846,CC[C@H](Oc1ccc(Cl)cc1Cl)C(=O)[C@@H](Cn1ccnc1)N1CCOCC1,0.9996431,0.000356903
105,A4489,O[C@](CNCCc1cnc[nH]1)(Cn1cncn1)c1ccc(F)cc1F,0.99915075,0.000849257
106,A3278,CCCCc1ccc(C(=O)OC[C@H](COC(=O)C)OC(=O)C)cc1,0.99982387,0.000176211
107,A1565,c1ccc(CN2C[C@H](c3ccccc3)N(Cc3ccccc3)C2)cc1,0.9970298,0.002970217
108,A715,OCc1ccc(CO[C@H](Cn2ccnc2)c2ccc(Cl)cc2Cl)cc1,0.99817955,0.001820478
109,A271,Cc1ccc(CO[C@H](Cn2ccnc2)c2ccc(Cl)cc2)cc1,0.9996074,0.000392647
110,A4531,CC(C)N(Cc1nccn1C[C@@](O)(Cn1cncn1)c1ccc(F)cc1F)C(C)C,0.99498534,0.005014598
111,A3349,COc1cccc(OC)c1O[C@@H](CCc1ccc(Cl)cc1)Cn1ccnc1,0.99611217,0.003887878
112,A3360,Cc1ccccc1O[C@@H](CCc1ccc(Cl)cc1)Cn1ccnc1,0.99636143,0.003638584
113,A4492,O[C@](CNCCn1ccnc1)(Cn1cncn1)c1ccc(F)cc1F,0.99918,0.000819976
114,A3069,Clc1ccc([C@H](Cn2ccnc2)OCCCOc2ccccc2)cc1,0.99852175,0.001478253
115,A4288,Cc1ccc(CCO[C@H](COC(=O)N)OC[C@@H](O)COc2ccc(Cl)cc2)cc1,0.9972832,0.002716749
116,A4521,O[C@](CN1CCN(Cc2nccs2)CC1)(Cn1cncn1)c1ccc(F)cc1F,0.9924942,0.007505802
117,A4463,CCN(Cc1ccccn1)C[C@@](O)(Cn1cncn1)c1ccc(F)cc1F,0.99579585,0.004204134
118,A257,FC(F)(F)c1ccc([C@@H](Cn2ccnc2)OCc2ccccc2)cc1,0.9963811,0.003618926
119,A3063,Fc1ccc(CCO[C@H](Cn2ccnc2)c2ccc(Cl)cc2)cc1,0.9991359,0.000864097
120,A3305,COc1ccc(CC[C@@H](Cn2ccnc2)Sc2ccccc2)cc1,0.9917414,0.008258539
121,A3263,CN(Cc1ccc(Cl)cc1)Cc1ccc(CO)c2ccccc12,0.99839777,0.001602224
122,A3374,N#Cc1ccc(S[C@@H](CCc2ccccc2)Cn2ccnc2)cc1,0.9967223,0.003277729
123,A3102,Fc1ccc([C@@H](Cn2ccnc2)OCc2cc(F)ccc2Cl)cc1,0.99953425,0.000465722
124,A6053,CC(C)Sc1ccc([C@@H](O)[C@@H](C)NCCCc2ccccc2)cc1,0.9960238,0.003976149
125,A266,Fc1ccc([C@H](Cn2ccnc2)OCc2ccccc2Cl)cc1,0.9989184,0.001081629
126,A4440,O[C@](CNCCc1ccccc1)(Cn1cncn1)c1ccc(F)cc1F,0.99856097,0.001439104
127,A3379,Fc1cccc(F)c1O[C@H](CCc1ccc(Cl)cc1)Cn1ccnc1,0.99414706,0.005852978
128,A324,COc1ccc([C@@H](Cn2ccnc2)OCc2ccc(Cl)cc2F)cc1,0.99960154,0.000398481
129,A1639,CC(C)N(CCCN)CCOC(=O)c1cc(c2ccccc2)ccc1O,0.9983827,0.001617304
130,A361,OCc1ccc(CO[C@@H](Cn2ccnc2)c2ccc(Cl)cc2)cc1,0.99861264,0.001387396
131,A3189,CN(Cc1ccc(C(F)(F)F)cc1)Cc1cccc2cc[nH]c12,0.999744,0.000255983
132,A3198,CN(Cc1ccc(C(F)(F)F)cc1)Cc1cccc2[nH]ccc12,0.9997384,0.000261645
133,A2639,Cc1ccc(CO[C@@H](CCn2ccnc2)c2ccc(F)cc2F)cc1,0.99960166,0.000398302
134,A1559,CC(C)Cc1ccc(CN2CN(Cc3ccccc3)CSC2=O)cc1,0.99422944,0.005770603
135,A3114,Cc1ccc(CO[C@H](Cn2ccnc2)c2ccc(F)cc2Cl)cc1,0.9996911,0.000308932
136,A3109,Cc1ccc(C(=O)CO[C@@H](Cn2ccnc2)c2ccc(Cl)cc2)cc1,0.99973446,0.000265522
137,A1742,O=C([C@@H](Cn1ccnc1)Oc1ccc(Cl)cc1Cl)N1CCCCC1,0.9994049,0.000595048
138,A3135,Cc1ccc(CS[C@@H](Cn2ccnc2)c2ccccc2)cc1,0.99972206,0.000277892
139,A6115,CC(C)Sc1ccc([C@H](O)[C@H](C)NCCCc2ccccc2)cc1,0.9960238,0.003976149
140,A3120,Cc1ccc([C@@H](Cn2ccnc2)OCc2ccc(F)cc2)c(Cl)c1,0.99937004,0.000630011
141,A372,CC(=O)c1ccc(CO[C@H](Cn2ccnc2)c2ccc(Cl)cc2)cc1,0.99972254,0.000277473
142,A2490,CN(C/C=C/c1ccccc1)Cc1cccc2c1CCC2,0.99946564,0.00053442
143,A2589,CN(Cc1ccccn1)Cc1cccc2ccccc12,0.997764,0.002236034
144,A1721,CCN(CC)CC[C@H](C)OC(=O)c1cccc2ccccc12,0.99852186,0.001478141
145,A268,Fc1ccccc1CO[C@H](Cn1ccnc1)c1ccc(Cl)cc1,0.99787986,0.002120196
146,A2083,CCc1cn(C[C@@H](O[C@H](C)Cn2ccnc2)c2ccc(Cl)cc2Cl)cn1,0.99762625,0.002373768
147,A3127,Fc1ccc(CS[C@H](Cn2ccnc2)c2ccccc2)cc1,0.9996935,0.000306476
148,A3225,CN(Cc1ccc(CN)cc1)Cc1cccc2ccccc12,0.9960938,0.003906164
149,A6121,CCCCCCCCN[C@H](C)[C@@H](O)c1cc(OC)cc(OC)c1,0.99384165,0.006158342
150,A3144,Cc1cccc(CN(C)Cc2cccc3ccccc23)c1,0.9991233,0.000876693
151,A2576,CN(Cc1cccc(C#N)c1)Cc1cccc2ccccc12,0.99895513,0.001044855
152,A3177,CN(Cc1ccc(C(F)(F)F)cc1)Cc1cccc2ncccc12,0.99978405,0.000215967
153,A3062,Cc1ccc(O[C@@H](Cn2ccnc2)c2ccc(Cl)cc2)c(C)c1,0.9982949,0.001705117
154,A3339,COc1ccc(CC[C@@H](Cn2ccnc2)Sc2ccccc2OC)cc1,0.9937814,0.006218664
155,A3490,C[C@@H](N1CCN(C(=O)OC(C)(C)C)CC1)[C@](O)(Cn1cncn1)c1ccc(F)cc1F,0.99373055,0.006269448
156,A1240,CCOC(=O)C[C@@H]1CN(C(=O)c2cncn2[C@@H]2CCCc3ccccc23)C1,0.9985537,0.001446342
157,A6013,CC(C)Sc1ccc([C@H](O)[C@@H](C)NCCCc2ccccc2)cc1,0.9960238,0.003976149
158,A3346,COc1ccc(OC)c(O[C@@H](CCc2ccc(Cl)cc2)Cn2ccnc2)c1,0.9971723,0.002827734
159,A4312,COc1ccc(CCC(=O)OC[C@H](O)COc2ccc(Cl)cc2)cc1,0.9998635,0.00013648
160,A307,Fc1ccccc1CO[C@@H](Cn1ccnc1)c1ccc(Cl)cc1,0.99787986,0.002120196
161,A37,FC(F)(F)c1ccc(CO[C@@H](Cn2ccnc2)c2ccccc2)cc1,0.99959666,0.000403366
162,A334,Clc1ccc([C@H](Cn2ccnc2)OCCc2ccccc2)cc1,0.9971372,0.002862843
163,A4713,CSCCCCN(C)Cc1cccc2ccccc12,0.99732935,0.002670613
164,A3216,CC(=O)N(C)c1ccc(CN(C)Cc2cccc3ccccc23)cc1,0.9995902,0.000409848
165,A2379,c1ccc([C@@H](Cn2ccnc2)c2ccc(OCCN3CCCC3)cc2)cc1,0.9948796,0.005120383
166,A2499,CN(C/C=C/c1ccccc1)Cc1cccc2c1CCCC2,0.99946505,0.000534942
167,A445,C/C=C\[C@H](c1ccccc1OCc1cccc(F)c1)n1ccnc1,0.9903058,0.009694221
168,A1634,CCN(CC)CCCCOC(=O)c1cccc2ccccc12,0.99754995,0.002450058
169,A388,Clc1ccc([C@@H](Cn2ccnc2)OCCOCc2ccccc2)cc1,0.999138,0.000861978
170,A1726,CCN(CC)CCOC(=O)c1c(O)c2ccccc2n1Cc1ccccc1,0.9910086,0.008991426
171,A4453,CN(Cc1cccs1)C[C@@](O)(Cn1cncn1)c1ccc(F)cc1F,0.99829787,0.001702174
172,A4435,CN(Cc1ccccc1)C[C@@](O)(Cn1cncn1)c1ccc(F)cc1F,0.99640924,0.003590744
173,A3236,CNCc1ccc(CN(C)Cc2cccc3ccccc23)cc1,0.996367,0.003633058
174,A2530,CN(C/C=C/c1ccccc1)Cc1cccc2c1CCC[C@H]2O,0.99958295,0.000417093
175,A367,FC(F)(F)c1ccc([C@H](Cn2ccnc2)OCc2ccccc2)cc1,0.9963811,0.003618926
176,A4301,CC(C)(Cc1ccccc1)C(=O)OC[C@@H](O)COc1ccc(Cl)cc1,0.99985886,0.000141157
177,A48,Fc1ccc(CO[C@@H](Cn2ccnc2)c2ccccc2Cl)cc1,0.9994368,0.000563152
178,A3141,COc1ccccc1CN(C)Cc1cccc2ccccc12,0.9992593,0.000740672
179,A4294,CCc1ccc(C[C@H](COC(=O)N)OC[C@H](O)COc2ccc(Cl)cc2)cc1,0.9927585,0.007241514
180,A3296,Cc1ccc(S[C@H](CCc2ccccc2)Cn2ccnc2)cc1,0.9993734,0.00062669
181,A2351,CC(C)CC(=O)c1ccc([C@H](Cn2ccnc2)c2ccccc2)cc1,0.99300945,0.006990613
182,A4448,CCN(Cc1ccccc1)C[C@](O)(Cn1cncn1)c1ccc(F)cc1F,0.9962463,0.003753651
183,A3373,COc1ccccc1O[C@@H](CCc1ccc(Cl)cc1)Cn1ccnc1,0.9962071,0.003792888
184,A3229,CN(Cc1ccc(F)cc1)Cc1ccc2ccccc2c1O,0.9981396,0.001860352
185,A3138,COc1ccc(CN(C)Cc2cccc3ccccc23)cc1,0.9996356,0.000364402
186,A4501,O[C@@](CNCCCc1ccccc1)(Cn1cncn1)c1ccc(F)cc1F,0.9940434,0.005956555
187,A3321,Clc1ccc(CC[C@H](Cn2ccnc2)SCc2cccnc2)cc1,0.9954081,0.004591893
188,A3356,Fc1ccc(F)c(O[C@@H](CCc2ccc(Cl)cc2)Cn2ccnc2)c1,0.9968933,0.003106688
189,A3318,N#Cc1ccc(S[C@H](CCc2ccccc2)Cn2ccnc2)cc1,0.9967223,0.003277729
190,A2542,CN(C/C=C/c1ccccc1)Cc1cccc2c1CCC2=O,0.99972147,0.000278567
191,A1746,O=C(COc1ccc(Cl)cc1Cl)[C@H](Cn1ccnc1)OCC1CC1,0.9998067,0.00019337
192,A3130,Cc1ccc(CS[C@H](Cn2ccnc2)c2ccccc2)cc1,0.99972206,0.000277892
193,A3340,COc1ccc(CC[C@@H](Cn2ccnc2)Sc2ccc(F)cc2)cc1,0.99409133,0.005908642
194,A4264,CC(C)(Cc1ccccc1)c1ccc(OC[C@@H](O)COC(=O)N)cc1,0.99965715,0.000342816
195,A2558,CCN(Cc1ccccc1)Cc1cccc2ccccc12,0.9981275,0.001872529
196,A3149,Cc1ccc(CN(C)Cc2cccc3ccccc23)cc1,0.9990219,0.000978055
197,A3191,COCc1ccc(CN(C)Cc2cccc3ccccc23)cc1,0.99972063,0.000279332
198,A1572,Cc1ccc(C(=O)CN2CN(Cc3ccccc3)CSC2=S)cc1,0.99826705,0.001732926
199,A249,Fc1ccc([C@@H](Cn2ccnc2)OCc2ccc(Cl)cc2)cc1,0.9990735,0.000926481
200,A322,Fc1ccc([C@H](Cn2ccnc2)OCc2cccc(Cl)c2)cc1,0.9993771,0.000623002
201,A1594,CCCN(CCC)CCOC(=O)c1ccccc1c1ccccc1,0.99967587,0.000324195
202,A272,CC(=O)c1ccc(CO[C@@H](Cn2ccnc2)c2ccc(Cl)cc2)cc1,0.99972254,0.000277473
203,A2501,CN(CCc1cccc2ccccc12)Cc1ccccc1,0.99799013,0.002009847
204,A3105,Cc1ccc([C@@H](Cn2ccnc2)OCc2cc(C)cc(C)c2)cc1,0.9993742,0.000625786
205,A2508,CN(C/C=C/c1ccccc1)Cc1cccc(N(C)C)c1,0.99951947,0.000480524
206,A330,Cc1ccc([C@@H](Cn2ccnc2)OCc2cccc(C)c2)cc1,0.999348,0.000652046
207,A3151,COc1ccccc1CN(C)Cc1ccc(C(F)(F)F)cc1,0.9998652,0.000134864
208,A325,Cc1ccc([C@@H](Cn2ccnc2)OCc2cccc(Cl)c2)cc1,0.999348,0.000652046
209,A2615,OCc1ccc(CO[C@@H](Cn2ccnc2)c2ccc(Cl)cc2Cl)cc1,0.99817955,0.001820478
210,A2598,CN(Cc1ccc(F)c(F)c1)Cc1cccc2ccccc12,0.9991768,0.000823172
211,A4683,C[C@@H](O)C/C=C/CN(C)Cc1cccc2ccccc12,0.9978941,0.002105947
212,A3227,CSc1ccc(CN(C)Cc2cccc3cccnc23)cc1,0.99957293,0.000427051
213,A4368,Fc1ccc(CN[C@@H](Cn2ccnc2)c2ccc(Cl)cc2Cl)cc1,0.9998012,0.000198777
214,A344,Cc1ccc([C@H](Cn2ccnc2)OCc2ccc(C)cc2C)cc1,0.9992654,0.000734582
215,A4372,Cc1ccc([C@H](Cn2ccnc2)OCc2ccccc2F)c(Cl)c1,0.9989629,0.001037156
216,A3258,COc1ccc(CN(C)Cc2cccc3cccnc23)cc1,0.9996358,0.000364195
217,A369,Clc1ccc([C@H](COCc2ccccc2)Cn2ccnc2)cc1,0.99748385,0.002516083
218,A3354,Fc1cccc(F)c1O[C@@H](CCc1ccc(Cl)cc1)Cn1ccnc1,0.99414706,0.005852978
219,A3143,COc1ccc(CN(C)Cc2cccc3ccccc23)cc1OC,0.9998196,0.000180456
220,A2635,Clc1ccc(CCO[C@@H](Cn2ccnc2)c2ccccc2)cc1,0.9988174,0.001182604
221,A3116,Cc1cccc(CO[C@@H](Cn2ccnc2)c2ccc(F)cc2Cl)c1,0.9995484,0.000451606
222,A5331,O=C(O)CCc1ccc(CCCCc2ccccc2)cc1,0.99060273,0.009397254
223,A329,Cc1ccc(CCO[C@H](Cn2ccnc2)c2ccc(Cl)cc2)cc1,0.9992287,0.000771277
224,A1944,CCCNCc1nc2ccccc2n1Cc1ccc(Cl)cc1,0.99891245,0.001087499
225,A1874,CC(C)C[C@H](Oc1ccc(Cl)cc1F)C(=O)[C@@H](Cn1ccnc1)OC(C)(C)C,0.9980824,0.001917607
226,A3262,CN(Cc1ccc(CO)cc1)Cc1ccc2ccccc2c1,0.99879587,0.001204078
227,A3182,COc1cccc(CN(C)Cc2cccc3ccccc23)c1OC,0.99973744,0.000262547
228,A4707,C[C@@H](/C=C/CN(C)Cc1cccc2ccccc12)C(=O)O,0.9965534,0.003446602
229,A3179,CN(Cc1ccc(C(F)(F)F)cc1)Cc1ccccc1O,0.9998534,0.000146653
230,A3173,Cc1ccccc1CN(C)Cc1ccc(C(C)(C)C)cc1,0.99807006,0.001929972
231,A3169,CN(Cc1ccc(Cl)cc1)Cc1cccc2ccn(C)c12,0.9989384,0.001061593
232,A4720,CN(CC#CCCN)Cc1cccc2ccccc12,0.9945861,0.005413848
233,A1776,O=C(COc1ccc(Cl)cc1Cl)[C@@H](Cn1ccnc1)N1CCCC1,0.9997719,0.000228136
234,A6163,CCCCCCCCN[C@@H](C)[C@H](O)c1ccc(S(=O)(=O)C)c(OC)c1,0.99760723,0.002392771
235,A295,Fc1ccc([C@@H](Cn2ccnc2)OCc2cccc(Cl)c2)cc1,0.9993771,0.000623002
236,A4711,CC(C)C/C=C/CN(C)Cc1cccc2ccccc12,0.9956267,0.004373258
237,A3156,COC(=O)c1ccc(CN(C)Cc2cccc3ccccc23)cc1,0.9996375,0.000362546
238,A3364,Clc1ccc(CC[C@@H](Cn2ccnc2)OCc2ccccc2)cc1,0.993598,0.006401979
239,A4706,C[C@@H](O)CC/C=C/CN(C)Cc1cccc2ccccc12,0.99623114,0.003768842
240,A3159,CN(Cc1ccco1)Cc1cccc2ccccc12,0.9973464,0.002653574
241,A306,Clc1ccc([C@@H](Cn2ccnc2)OCCCOc2ccccc2)cc1,0.99852175,0.001478253
242,A2557,CN(Cc1cccc2ccccc12)C[C@@H](O)c1ccccc1,0.9985373,0.001462735
243,A5594,CN(Cc1ccc(Cc2cc(c3cccnc3N)on2)cc1)C(=O)C1CCCC1,0.9939626,0.006037382
244,A2588,CN(Cc1ccc(C#N)cc1)Cc1cccc2ccccc12,0.99891424,0.001085739
245,A1587,CCCN(CCC)CCOC(=O)c1ccc(c2ccccc2)cc1,0.99970657,0.000293402
246,A3133,COc1ccc([C@@H](Cn2ccnc2)SCc2ccc(C)cc2)cc1,0.99959546,0.000404556
247,A1714,CCN(CC)CCCOc1cccc(c2ccccc2)c1,0.99164224,0.00835777
248,A1873,CC(C)C[C@@H](Oc1ccc(F)cc1Cl)C(=O)[C@@H](Cn1ccnc1)OC(C)C,0.9992926,0.000707406
249,A4493,CN(Cc1ccc(Cl)cc1)C[C@](O)(Cn1cncn1)c1ccc(F)cc1F,0.9966698,0.003330215
250,A4473,CCC(=O)N1CCN(C[C@](O)(Cn2cncn2)c2ccc(F)cc2F)CC1,0.9994469,0.000553119
251,A341,Cc1ccc([C@H](Cn2ccnc2)OCc2ccccc2Cl)cc1,0.9989066,0.001093389
252,A1609,CCN(CC)CCOC(=O)c1ccoc1c1ccccc1,0.9993512,0.00064875
253,A704,Cc1ccc(O[C@H](Cn2ccnc2)c2ccc(C)cc2Cl)cc1,0.99830014,0.001699949
254,A5956,CCCCCCCCN[C@@H](C)[C@@H](O)c1ccc(OC)cc1,0.997027,0.002973067
255,A3083,CC(C)c1ccc([C@@H](Cn2ccnc2)OCc2ccccc2)cc1,0.9949175,0.005082554
256,A337,CC(=O)c1ccc([C@@H](Cn2ccnc2)OCc2ccc(C)cc2)cc1,0.99946946,0.00053053
257,A451,CC(=O)[C@@H](c1ccccc1OCc1cccc(F)c1)n1ccnc1,0.99947363,0.000526388
258,A371,Clc1ccc([C@@H](COCc2ccccc2)Cn2ccnc2)cc1,0.99748385,0.002516083
259,A379,Clc1ccc(CO[C@@H](CCn2ccnc2)c2ccccc2)cc1,0.9993831,0.00061692
260,A3115,COCc1ccc(CO[C@@H](Cn2ccnc2)c2ccc(F)cc2Cl)cc1,0.99954236,0.00045772
261,A1730,CCN(CC)CCNS(=O)(=O)c1cccc(c2ccccc2)c1O,0.9997991,0.000201001
262,A308,CCc1ccc(CO[C@@H](Cn2ccnc2)c2ccc(C)cc2)cc1,0.99943215,0.000567833
263,A2606,CN(C)c1nc2ccc(OCCCN3CCC(CO)CC3)cc2s1,0.9980331,0.001966909
264,A3180,CN(Cc1ccccc1)Cc1ccc(c2ccccc2)cc1,0.9985863,0.001413756
265,A2545,CN(C/C=C/c1ccccc1)Cc1cccc2c1OCCC2,0.99978894,0.000211108
266,A3128,Clc1ccc([C@@H](Cn2ccnc2)SCCN2CCCC2)c(Cl)c1,0.9978835,0.002116426
267,A49,Fc1ccc(CO[C@@H](CCn2ccnc2)c2ccc(F)cc2F)cc1,0.99955755,0.000442471
268,A3260,CN(Cc1cc(Br)cnc1O)Cc1cccc2ccccc12,0.999624,0.000375916
269,A250,Fc1ccc(CO[C@@H](Cn2ccnc2)c2ccc(F)cc2)cc1,0.99968565,0.00031439
270,A287,CC(C)c1ccc([C@H](Cn2ccnc2)OCc2ccccc2)cc1,0.9949175,0.005082554
271,A3242,CN(Cc1ccc(C(C)(C)C)cc1)Cc1ccccc1F,0.9995621,0.00043786
272,A1644,CCCN(CCC)CCOC(=O)c1ccsc1c1ccccc1,0.9997416,0.000258437
273,A3168,CN(Cc1ccc(F)cc1)Cc1ccnc2ccccc12,0.9992895,0.000710426
274,A4733,CN(CCCC(=O)C(C)(C)C)Cc1cccc2ccccc12,0.9996307,0.0003693
275,A885,CC(=O)OC(C)(C)c1ccc(C[C@H](C)CN2C[C@@H](C)O[C@@H](C)C2)cc1,0.9994974,0.000502612
276,A1666,CCN(CC)CCOC(=O)c1ccc(c2ccc(C)cc2)cc1O,0.9963237,0.003676374
277,A2120,Cc1cn(C[C@H](O[C@@H](C)Cn2ccnc2)c2ccc(Cl)cc2Cl)cn1,0.99894553,0.001054538
278,A933,CC[C@@H](Cc1ccc(C(=O)CC(C)(C)C)cc1)N1C[C@@H](C)O[C@@H](C)C1,0.99866045,0.001339599
279,A4441,O[C@@](CNCCc1cccs1)(Cn1cncn1)c1ccc(F)cc1F,0.99924445,0.00075563
280,A4681,CN(CC#CC(C)(C)O)Cc1cccc2ccccc12,0.9922659,0.007734096
281,A1703,CCN(CC)CCOC(=O)c1c(C)oc(c2ccccc2)c1O,0.99705017,0.002949842
282,A3226,CN(Cc1ccc(F)cc1)Cc1cncc2ccccc12,0.99934584,0.00065419
283,A348,CCc1ccc(O[C@H](Cn2ccnc2)c2ccc(Cl)cc2)cc1,0.99804413,0.001955796
284,A772,CCC(C)(C)c1ccc(CC(=O)N2C[C@@H](C)O[C@H](C)C2)cc1,0.99987364,0.000126378
285,A3376,Cc1cccc(S[C@H](CCc2ccccc2)Cn2ccnc2)c1,0.99942505,0.000575022
286,A3196,COc1cccc(CN(C)Cc2ccc3ccccc3c2)c1,0.99902296,0.000977009
287,A1933,CC(=O)CCc1nc2ccccc2n1Cc1ccc(Cl)cc1,0.9915489,0.008451095
288,A3088,CCc1ccc([C@H](Cn2ccnc2)OCc2ccccc2)cc1,0.99707806,0.002921917
289,A2597,CC(C)CN(C/C=C/c1ccccc1)Cc1ccccc1,0.9993174,0.000682621
290,A884,CCC(C)(C)c1ccc(C[C@@H](C)CN2C[C@@H](CO)O[C@H](C)C2)cc1,0.99686486,0.003135134
291,A3107,Clc1ccc(C[C@@H](Cn2ccnc2)Oc2ccc(Cl)cc2)cc1,0.9918864,0.008113662
292,A3203,CN(Cc1ccc(Br)cc1)Cc1cccc2ccncc12,0.99962425,0.000375757
293,A2550,CN(Cc1ccsc1)Cc1cccc2ccccc12,0.9978198,0.002180249
294,A3125,COc1ccc([C@H](Cn2ccnc2)OCc2ccc(Cl)cc2)cc1,0.9996076,0.000392461
295,A1852,CSCC[C@H](Oc1ccc(Cl)cc1Cl)C(=O)C(C)(C)Cn1ccnc1,0.9986481,0.001351874
296,A3176,CN(Cc1ccc2ccccc2c1)Cc1ccccc1C#N,0.99922276,0.000777229
297,A4370,COc1ccc(CS[C@@H](Cn2ccnc2)c2ccccc2)cc1,0.99973553,0.00026448
298,A1136,CCCCN(C(=O)c1cncn1[C@H]1CCCc2ccccc12)C1CC1,0.9988716,0.001128343
299,A4672,Cc1ccc([C@@H](Cn2ccnc2)OCc2ccccc2)c(Cl)c1,0.9973912,0.00260869
300,A3512,C[C@@H](N1CCN(C(=O)NC(C)(C)C)CC1)[C@](O)(Cn1cncn1)c1ccc(F)cc1F,0.99143094,0.00856914
301,A382,COc1cccc(OC[C@@H](Cn2ccnc2)c2ccc(Cl)cc2)c1,0.999215,0.000784994
302,A4484,O[C@@](CNCCCn1ccnc1)(Cn1cncn1)c1ccc(F)cc1F,0.99762064,0.002379337
303,A3217,CC(C)N(Cc1cccnc1)Cc1cccc2ccccc12,0.9978035,0.002196492
304,A3140,CN(Cc1ccc(Cl)cc1)Cc1cccc2cccnc12,0.9987675,0.001232593
305,A1682,CCN(CC)CCOC(=O)c1cc2ccccc2n1Cc1ccccc1,0.9988681,0.001131959
306,A2487,CCN(C/C=C/c1ccccc1)Cc1ccccc1OC,0.99979466,0.00020535
307,A1165,CCOC(=O)[C@H]1CCN(C(=O)c2cncn2[C@H]2CCCc3ccccc23)C1,0.99865437,0.001345577
308,A3148,CN(Cc1ccc(Cl)cc1)Cc1cccc2ccncc12,0.9982918,0.00170825
309,A3163,CN(Cc1ccc(F)cc1)Cc1cccc2cccnc12,0.9991375,0.000862422
310,A251,Cc1ccc([C@@H](Cn2ccnc2)OCc2ccc(Cl)cc2)cc1,0.9990245,0.000975446
311,A5951,CCCCCCCCN[C@H](C)[C@H](O)c1ccc(Cl)cc1,0.99338746,0.006612504
312,A2102,Clc1ccc([C@H](CCn2ccnc2)OCc2ccncc2)c(Cl)c1,0.993926,0.006073969
313,A3170,CN(Cc1ccc(Br)cc1)Cc1cccc2cccnc12,0.9996774,0.000322612
314,A1803,CC(C)[C@@H](Oc1ccc(Cl)cc1Cl)C(=O)C1(Cn2ccnc2)CC1,0.99865144,0.001348531
315,A4527,Cc1nn(C[C@@](O)(Cn2cncn2)c2ccc(F)cc2F)c(C)c1C,0.99672556,0.003274367
316,A333,Cc1ccc([C@H](Cn2ccnc2)OCc2cccc(Cl)c2)cc1,0.999348,0.000652046
317,A2520,CN(Cc1ccccc1)Cc1cccc2ccccc12,0.9960873,0.003912664
318,A6174,COc1ccc(CCN[C@H](C)[C@@H](O)c2ccc(SC(C)C)cc2)cc1,0.9994437,0.000556286
319,A886,CCC(C)(C)c1ccc(CC(=O)CN2C[C@@H](C)O[C@H](C)C2)cc1,0.9998136,0.000186451
320,A821,CCC(C)(CC)c1ccc(C[C@@H](O)CN2C[C@@H](C)O[C@@H](C)C2)c(C)c1,0.9907285,0.009271516
321,A877,CC(=O)NC[C@H](C)Cc1ccc(CC(C)(C)CN2C[C@@H](C)O[C@@H](C)C2)cc1,0.99876523,0.001234778
322,A3064,Clc1ccc([C@@H](CCn2ccnc2)OCc2cccnc2)cc1,0.9910987,0.008901244
323,A2526,CN(C/C=C/c1ccccc1)Cc1cccc2c1CCCC2=O,0.9996909,0.000309139
324,A289,Cc1cccc(CO[C@@H](Cn2ccnc2)c2ccc(Cl)cc2)c1,0.9994547,0.000545332
325,A2493,CN(C/C=C/c1ccccc1)Cc1ccc(F)cc1F,0.99949825,0.000501758
326,A1620,CCN(CC)CCCOC(=O)c1cccc2ccccc12,0.99865746,0.001342573
327,A3247,CN(Cc1cncnc1)Cc1cccc2ccccc12,0.99812764,0.001872397
328,A3261,CN(Cc1ccc2ccccc2c1)Cc1ccccc1CN,0.99812216,0.001877816
329,A3152,COc1cc(CN(C)Cc2cccc3ccccc23)cc(OC)c1,0.9998349,0.000165104
330,A438,C[C@@H](c1ccccc1OCc1cccc(F)c1)n1ccnc1,0.9987931,0.001206896
331,A1712,CCCN(CCC)CCOC(=O)c1ccc(c2ccccc2)nc1,0.9997396,0.000260441
332,A2577,CN(Cc1ccncc1)Cc1cccc2ccccc12,0.99757665,0.002423363
333,A862,CCOC(=O)[C@H]1CN(C[C@H](C)Cc2ccc(C(C)(C)C)cc2)C[C@@H](C)O1,0.9955219,0.004478097
334,A320,Cc1ccccc1CO[C@@H](Cn1ccnc1)c1ccc(Cl)cc1,0.9979988,0.002001169
335,A1568,CC(C)c1ccc(CN2CN(Cc3ccccc3)CSC2=O)cc1,0.9954379,0.004562152
336,A4371,COc1ccc(CN[C@H](Cn2ccnc2)c2ccc(Cl)cc2Cl)cc1,0.99985564,0.000144364
337,A942,CC(=O)N[C@H](C)Cc1ccc(C[C@@H](C)CN2C[C@@H](C)O[C@@H](C)C2)cc1,0.9975305,0.00246955
338,A4247,NC(=O)OC[C@@H](O)COc1ccc(Cc2ccccc2)cc1,0.99713314,0.002866842
339,A4481,C[C@H](O)C(=O)N1CCN(C[C@](O)(Cn2cncn2)c2ccc(F)cc2F)CC1,0.9983973,0.001602647
340,A3092,Cc1ccc([C@@H](OCCn2ccnc2)c2ccc(Cl)cc2)c(C)c1,0.99905986,0.00094014
341,A1861,CCC[C@@H](Oc1ccc(Cl)cc1Cl)C(=O)[C@H](Cn1ccnc1)N(C)C,0.99778664,0.002213331
342,A1558,CC(C)c1ccc(CN2CSC(=O)N(Cc3ccccc3)C2)cc1,0.99975795,0.000242
343,A4438,CN(Cc1ccc(F)cc1)C[C@@](O)(Cn1cncn1)c1ccc(F)cc1F,0.9974993,0.002500668
344,A2553,CN(CC/C=C/c1ccccc1)Cc1ccnc2ccccc12,0.9995271,0.000472905
345,A3161,CN(Cc1ccccc1)Cc1cccc2cccnc12,0.9969748,0.003025208
346,A2387,FC(F)(F)c1ccc(C[C@H](Cn2ccnc2)c2ccccc2)cc1,0.99005353,0.009946454
347,A1674,CCN(CC)CCNC(=O)c1cccc(OCc2ccccc2)c1O,0.99983513,0.000164786
348,A3202,CN(Cc1cc[nH]c1)Cc1cccc2ccccc12,0.9972217,0.002778263
349,A1716,CCN(CC)CCCCOC(=O)c1cc(c2ccccc2)oc1C,0.99872214,0.001277879
350,A2570,CN(C/C=C/c1ccccc1)C[C@H](O)c1cccc2ccoc12,0.9986902,0.001309792
351,A2547,CN(C/C=C/C(C)(C)C)Cc1cccc2ccccc12,0.99662423,0.003375804
352,A2643,OCCCNCCO[C@@H](Cn1ccnc1)c1ccc(Cl)cc1Cl,0.9988175,0.001182484
353,A3273,CCCc1ccc(C(=O)OC[C@@H](COC(=O)C)OC(=O)C)cc1,0.9998161,0.000183894
354,A4731,CC(C)CCCN(C)Cc1cccc2ccccc12,0.9942789,0.005721102
355,A3157,CN(Cc1ccc(C#N)cc1)Cc1ccc2ccccc2c1,0.99892336,0.001076655
356,A2533,CN(Cc1ccccc1)Cc1ccc2ccccc2c1,0.9957135,0.004286547
357,A787,C[C@@H](Cc1ccc(C(C)(C)C)cc1)CN1C[C@@H](C)O[C@@H](C)C1,0.9997472,0.000252764
358,A4691,CN(C/C=C/C(C)(C)C)Cc1ccc2ccccc2c1,0.9967874,0.003212599
359,A2144,C[C@@H](Cc1ccccc1)N(C)C(=S)Oc1ccc2c(c1)CCCC2,0.99813974,0.001860212
360,A1711,CCN(CC)CCCC(=O)c1ccc(c2ccccc2)cc1,0.9956565,0.004343489
361,A1871,CC[C@@H](Oc1ccc(Cl)cc1Cl)C(=O)[C@@H](Cn1ccnc1)C1CC1,0.9976941,0.002305951
362,A805,CCC(CC)c1ccc(C[C@H](C)CN2C[C@@H](C)O[C@@H](C)C2)cc1,0.9987375,0.001262465
363,A2333,CC(=O)c1cncn1C[C@@H](c1ccccc1)c1ccc(Cl)cc1,0.9972361,0.002763953
364,A3237,CN(Cc1ccc(C(F)(F)F)cc1)Cc1ccc2ccccc2n1,0.99979454,0.000205479
365,A3381,COc1ccc(F)cc1O[C@@H](CCc1ccc(Cl)cc1)Cn1ccnc1,0.99172795,0.008272056
366,A3123,OC[C@H](Cn1ccnc1)OCc1ccc(Sc2ccccc2)cc1,0.99568754,0.004312433
367,A386,Clc1ccc([C@H](OCCn2ccnc2)c2ccccc2Cl)cc1,0.9993343,0.000665742
368,A724,Clc1ccc([C@H](Cn2ccnc2)NCc2ccccc2)c(Cl)c1,0.9997657,0.000234326
369,A3193,Cc1ccccc1CN(C)Cc1ccc(C(C)C)cc1,0.9982298,0.001770219
370,A353,Clc1ccc([C@H](Cn2ccnc2)OCCCc2ccccc2)cc1,0.996323,0.003677006
371,A3248,CN(Cc1ccc(C#N)cc1)Cc1cccc2cccnc12,0.9989976,0.001002419
372,A40,Cc1ccc(CO[C@@H](Cn2ccnc2)c2ccc(F)cc2F)cc1,0.99964726,0.000352773
373,A5994,CCCCCCCCN[C@H](C)[C@H](O)c1cc(OC)cc(OC)c1,0.99384165,0.006158342
374,A263,Fc1ccc([C@H](Cn2ccnc2)OCc2ccc(Cl)cc2)cc1,0.9990735,0.000926481
375,A4529,CN(C[C@](O)(Cn1cncn1)c1ccc(F)cc1F)C1CCCC1,0.9902146,0.009785391
376,A360,CCCC[C@@H](Cn1ccnc1)OCc1c(Cl)cccc1Cl,0.99463505,0.00536495
377,A340,COc1ccc(CO[C@H](Cn2ccnc2)c2ccc(Cl)cc2)cc1,0.99962425,0.000375739
378,A3222,CN(Cc1ccc(Br)cc1)Cc1ccnc2ccccc12,0.9996674,0.000332559
379,A1643,CCCOc1c(C(=O)OCCN(CC)CC)cccc1c1ccccc1,0.99353963,0.006460413
380,A4361,COc1ccc(C[C@@H](COC(=O)N)OC[C@H](O)COc2ccc(Cl)cc2)cc1OC,0.99536234,0.004637684
381,A6183,CCCCCCCN[C@H](C)[C@H](O)c1ccc(C)cc1,0.99561477,0.00438525
382,A1629,CC(C)N(CCCN)CCOC(=O)c1ccccc1c1ccccc1,0.99972874,0.000271223
383,A6104,CCCCCCCCN[C@@H](C)[C@H](O)c1cccc(Cl)c1,0.99604225,0.003957782
384,A3164,CN(Cc1ccc(Cl)cc1)Cc1cccc2ncccc12,0.99865377,0.001346226
385,A4509,OCCN(Cc1ncc[nH]1)C[C@](O)(Cn1cncn1)c1ccc(F)cc1F,0.99260145,0.007398586
386,A1759,O=C(C1CCCC1)[C@@H](Cn1ccnc1)Oc1ccc(Cl)cc1Cl,0.9984528,0.001547146
387,A5971,CCCCCCCCN[C@H](C)[C@@H](O)c1cccc(OC)c1,0.9977805,0.002219492
388,A1694,CCN(CC)CCOC(=O)c1cc(c2ccc(OC)cc2)ccc1O,0.9986621,0.001337846
389,A2575,CN(C/C=C/c1ccccc1)Cc1cccc2c1CCCO2,0.9997695,0.00023049
390,A6143,CCCCCCCCN[C@@H](C)[C@H](O)c1cccc(C)c1,0.99604225,0.003957782
391,A4653,O=C(NCc1ccc(F)cc1)C(c1ccccc1)(c1ccccc1)n1ccnc1,0.9998547,0.000145329
392,A867,CCC(C)(CC)c1ccc(CCN2C[C@@H](C)O[C@H](C)C2)cc1,0.99970526,0.000294659
393,A2540,CCN(C/C=C/c1ccccc1)Cc1ccccc1C,0.9995158,0.000484222
394,A362,CC(=O)c1ccc([C@H](Cn2ccnc2)OCc2ccccc2)cc1,0.9972006,0.002799428
395,A4197,Cc1ccc(CC(=O)OC[C@H](O)COc2ccc(Cl)cc2)cc1,0.999871,0.000128989
396,A2532,C=CCN(C/C=C/c1ccccc1)Cc1ccccc1,0.9995937,0.000406349
397,A1648,CCN(CC)CCCOC(=O)c1cc(c2ccccc2)oc1C,0.99941313,0.000586885
398,A439,Clc1cccc(COc2ccccc2CCn2ccnc2)c1,0.9983246,0.001675397
399,A2314,O=C(CC[C@@H](c1ccccc1)c1ccc(Cl)cc1)n1ccnc1,0.99845135,0.001548639
400,A717,COc1ccccc1[C@@H](Cn1ccnc1)OCc1ccc(Cl)cc1,0.99963236,0.000367585
401,A3241,CN(Cc1ccc(Br)cc1)Cc1cccc2ncccc12,0.99967206,0.000327986
402,A714,Cc1ccccc1CO[C@@H](Cn1ccnc1)c1ccc(F)cc1Cl,0.997843,0.002156961
403,A1690,CCN(CC)CCOC(=O)c1cc(c2ccccc2)n(C)c1,0.99966335,0.000336659
404,A3142,CN(Cc1cccnc1)Cc1cccc2ccccc12,0.9976266,0.002373409
405,A706,Cc1ccccc1[C@H](Cn1ccnc1)OCc1ccc(Cl)cc1,0.99970585,0.000294135
406,A2470,CN(C/C=C/C=C/c1ccccc1)Cc1ccccc1,0.99257714,0.007422803
407,A1794,O=C(COc1ccc(Cl)cc1Cl)[C@@H](Cn1ccnc1)OCC1CCCC1,0.9997398,0.000260146
408,A290,Fc1ccc([C@H](Cn2ccnc2)OCc2cccc(F)c2)cc1,0.99944705,0.000552961
409,A2538,C#CCN(C/C=C/c1ccccc1)Cc1ccccc1,0.99618775,0.003812272
410,A3110,Clc1ccc([C@H](Cn2ccnc2)NCc2ccccc2Cl)cc1,0.9997873,0.000212688
411,A937,CCC(C)(C)c1ccc(C[C@@H](O)CN2C[C@@H](C)O[C@@H](C)C2)c(OC)c1,0.99745697,0.002543056
412,A3215,CN(Cc1cc(F)ccc1O)Cc1cccc2ccccc12,0.9975383,0.002461735
413,A2556,CN(C/C=C/c1ccccc1)CCCc1ccccc1,0.9989517,0.0010483
414,A300,COc1ccc(CO[C@@H](Cn2ccnc2)c2ccc(Cl)cc2)cc1,0.99962425,0.000375739
415,A1688,CCN(CC)CCOC(=O)c1ccc(c2ccccc2OC)cc1O,0.99819237,0.001807663
416,A3190,CN(Cc1ccccc1)Cc1cccc2ccncc12,0.994574,0.005425979
417,A265,Fc1ccc([C@@H](Cn2ccnc2)OCc2ccccc2Cl)cc1,0.9989184,0.001081629
418,A2535,CCCN(C/C=C/c1ccccc1)Cc1ccccc1,0.99940753,0.000592467
419,A778,CCC(C)(C)c1ccc(CCCN2C[C@@H](C)O[C@H](C)C2)cc1,0.9996263,0.000373717
420,A1748,CC(C)[C@@H](Oc1ccc(Cl)cc1Cl)C(=O)C(C)(C)Cn1ccnc1,0.99642795,0.003572043
421,A3251,CN(Cc1ccc(Br)cc1)Cc1ccc2ccccc2n1,0.9996977,0.000302285
422,A3098,Cc1ccc(CO[C@@H](Cn2ccnc2)c2cccc(Cl)c2)cc1,0.99967873,0.000321303
423,A6105,CCCCCCCCN[C@@H](C)[C@H](OC)c1ccc(OC)cc1,0.9998154,0.000184656
424,A1807,CC[C@@H](Oc1ccc(Cl)cc1Cl)C(=O)[C@@H](Cn1ccnc1)N(C)C,0.9988772,0.0011228
425,A2491,CN(C/C=C/c1ccccc1)Cc1cccc2c1OCCO2,0.999821,0.000178998
426,A1704,CCN(CC)CCNCc1ccccc1c1ccccc1,0.99966085,0.000339162
427,A6151,CCCCCCCCN[C@@H](C)[C@H](O)c1cc(OC)cc(OC)c1,0.99384165,0.006158342
428,A244,Cc1ccc(CO[C@@H](Cn2ccnc2)c2ccc(Cl)cc2)cc1,0.9996074,0.000392647
429,A2534,COc1cccc(CN(C)C/C=C/c2ccccc2)c1,0.9998233,0.000176742
430,A4658,O=C(NCc1ccccc1F)C(c1ccccc1)(c1ccccc1)n1ccnc1,0.999848,0.000152007
431,A3211,CN(Cc1ccccc1)Cc1cncc2ccccc12,0.99718153,0.002818523
432,A2525,CN(C/C=C/c1ccccc1)C[C@H](O)c1ccc2ccccc2c1,0.99835557,0.001644363
433,A56,Fc1ccc(CO[C@@H](Cn2ccnc2)c2ccc(Cl)cc2)cc1,0.999556,0.000443935
434,A712,Fc1ccccc1[C@H](Cn1ccnc1)OCc1ccc(Cl)cc1,0.9997408,0.000259171
435,A783,CCC(C)(C)c1ccc(C[C@@H](C)CN2C[C@@H](C)O[C@@H](C)C2)cc1,0.9986897,0.001310261
436,A4399,Cc1cc(CO[C@@H](Cn2ccnc2)c2ccc(Cl)cc2Cl)ccn1,0.9995276,0.000472428
437,A1617,CCN(CC)CCOC(=O)c1ccc(c2ccc(Cl)cc2)cc1O,0.9963237,0.003676374
438,A851,CC[C@H](C)c1ccc(C[C@H](C)CN2C[C@@H](C)O[C@@H](C)C2)cc1,0.9993973,0.000602754
439,A2479,CN(C/C=C/c1ccccc1)Cc1cccc(Cl)c1,0.9992493,0.000750634
440,A1660,CCN(CC)CCOC(=O)c1ccc(c2ccccc2)cc1O,0.9966073,0.00339271
441,A446,CCO[C@H](c1ccccc1OCc1cccc(F)c1)n1ccnc1,0.99801576,0.001984185
442,A4443,O[C@](CNCc1ncc[nH]1)(Cn1cncn1)c1ccc(F)cc1F,0.99957687,0.000423108
443,A5210,O=C(O)CCc1ccc(CNCc2ccccc2)cc1,0.999605,0.000395044
444,A4253,NC(=O)OC[C@@H](O)COc1ccc(OCCN2CCCCC2)cc1,0.9936678,0.006332197
445,A2082,C=CCN(CC=C)[C@H](Cn1ccnc1)c1ccc(Cl)cc1Cl,0.9978684,0.002131558
446,A2580,COc1ccccc1CCN(C)C/C=C/c1ccccc1,0.9996325,0.000367542
447,A4427,CC(=O)N1CCN(C[C@](O)(Cn2cncn2)c2ccc(F)cc2F)CC1,0.9993967,0.000603284
448,A922,CC[C@@H](CO)c1ccc(C[C@@H](C)CN2C[C@@H](C)O[C@@H](C)C2)cc1,0.99837947,0.001620503
449,A3077,Clc1ccc([C@H](Cn2ccnc2)OCc2cccnc2N2CCCCC2)cc1,0.99769104,0.002308936
450,A3269,CN(Cc1ccc[nH]1)Cc1cccc2ccccc12,0.99709547,0.00290457
451,A3257,CN(Cc1ccccc1CN)Cc1cccc2ccccc12,0.9973864,0.002613594
452,A2563,CN(C/C=C/C=C\c1ccccc1)Cc1ccccc1,0.9923671,0.007632893
453,A3410,c1ccc([C@@H](c2ccc(N3CCOCC3)cc2)n2ccnc2)cc1,0.99759114,0.002408944
454,A301,CC(=O)c1ccc([C@@H](Cn2ccnc2)OCc2ccc(Cl)cc2)cc1,0.99946946,0.00053053
455,A6165,CC(C)Sc1ccc([C@H](O)[C@H](C)NCCc2ccccc2)cc1,0.99800175,0.001998243
456,A3268,CN(Cc1ccc(CN)cc1)Cc1ccc2ccccc2c1,0.9958269,0.004173094
457,A794,CCC(C)(C)c1ccc(CC(=O)CN2C[C@@H](C)O[C@@H](C)C2)cc1,0.9998136,0.000186451
458,A2572,CN(C)/C=C/CN(C)Cc1cccc2ccccc12,0.99558485,0.004415177
459,A1695,CCN(CC)CCCNCc1ccccc1c1ccccc1,0.9995409,0.000459135
460,A3185,CN(Cc1ccc(F)cc1)Cc1cccc2ccoc12,0.9987704,0.001229532
461,A3167,CN(Cc1ccccc1)Cc1cccc2cnccc12,0.99105257,0.008947362
462,A3067,CCc1ccc([C@@H](Cn2ccnc2)OCc2ccc(C)cc2)cc1,0.99915373,0.000846262
463,A4467,CN(Cc1cccnc1)C[C@](O)(Cn1cncn1)c1ccc(F)cc1F,0.99628323,0.003716814
464,A4401,Cn1cccc1CO[C@H](Cn1ccnc1)c1ccc(Cl)cc1Cl,0.99739033,0.002609653
465,A921,CCC(C)(C)c1ccc(C[C@H](O)CN2C[C@@H](C)O[C@@H](C)C2)c(I)c1,0.9989361,0.001063923
466,A6071,CCCCCCCCN[C@H](C)[C@@H](OC)c1ccc(OC)cc1,0.9998154,0.000184656
467,A253,Cc1ccc([C@@H](Cn2ccnc2)OCc2ccc(Cl)cc2F)cc1,0.99909437,0.000905644
468,A2634,Cc1ccc(CO[C@H](Cn2ccnc2)c2ccc(Cl)cc2F)cc1,0.9994697,0.000530324
469,A312,Cc1ccc(CO[C@@H](Cn2ccnc2)c2ccc(Br)cc2)cc1,0.9997943,0.000205763
470,A3382,Clc1ccc(C[C@@H](Cn2ccnc2)Oc2ccccc2Cl)cc1,0.992808,0.007191959
471,A1661,CCN(CC)CCSc1ccc(c2ccccc2)cc1O,0.9925453,0.007454711
472,A368,Ic1ccc([C@@H](Cn2ccnc2)OCc2ccccc2)cc1,0.9984744,0.001525602
473,A1820,CC(C)C[C@H](Oc1ccc(Cl)cc1Cl)C(=O)[C@@H](N)Cn1ccnc1,0.99838555,0.001614513
474,A4220,Cc1ccc(CCC(=O)OC[C@H](O)COc2ccc(Cl)cc2)cc1,0.9998677,0.000132291
475,A889,C[C@H](Cc1ccc(CC(C)(C)C)cc1)CN1C[C@@H](C)O[C@H](C)C1,0.9995546,0.000445423
476,A5100,O=C([C@@H](Oc1ccc(Cl)cc1)n1ccnc1)N1CC[C@H](CO)CC1,0.99977833,0.000221634
477,A2481,CN(C/C=C/c1ccccc1)Cc1cccc2c1OCO2,0.9997429,0.000257065
478,A758,CC[C@H](Cc1ccc(C(C)C)cc1)CN1C[C@@H](C)O[C@@H](C)C1,0.9996469,0.000353089
479,A2602,CN(Cc1ccc(Br)o1)Cc1cccc2ccccc12,0.99964607,0.00035398
480,A3316,CC(C)CS[C@@H](CCc1ccc(Cl)cc1)Cn1ccnc1,0.9993206,0.000679333
481,A1627,CCCN(CCC)CCOC(=O)c1ccc(c2ccccc2)o1,0.9997414,0.000258583
482,A3256,CN(Cc1ncco1)Cc1cccc2ccccc12,0.9984446,0.001555446
483,A2348,Brc1ccc(C[C@@H](Cn2ccnc2)c2ccccc2)cc1,0.9933924,0.00660762
484,A2555,COc1ccc(/C=C/CN(C)Cc2ccccc2OC)cc1,0.99798644,0.002013511
485,A6073,CC(C)Sc1ccc([C@@H](O)[C@H](C)NCCCc2ccccc2)cc1,0.9960238,0.003976149
486,A4387,CC(=O)N[C@H]1CCN(C[C@](O)(Cn2cncn2)c2ccc(F)cc2F)C1,0.99345076,0.006549235
487,A1608,CCN(CC)CCOC(=O)c1ccc(c2ccc(OC)cc2)cc1O,0.99818283,0.001817121
488,A5071,O=C(C1CCCCCC1)[C@@H](Oc1ccc(Cl)cc1)n1ccnc1,0.9988294,0.001170604
489,A270,CCC(CC)CO[C@@H](Cn1ccnc1)c1ccc(Cl)cc1,0.99328774,0.006712209
490,A1865,CC(C)C[C@@H](Oc1ccc(Cl)cc1F)C(=O)C(C)(C)Cn1ccnc1,0.9970079,0.002992092
491,A1640,CCN(CC)CCCOC(=O)c1ccsc1c1ccccc1,0.9994885,0.000511487
492,A1650,CCN(CC)CCOC(=O)c1cc2ccccc2cc1O,0.996633,0.003367046
493,A2506,CN(C/C=C/c1ccccc1)Cc1cccc(C#N)c1,0.99973434,0.000265636
494,A54,CCC[C@H](Cn1ccnc1)OCc1ccc(C(F)(F)F)cc1,0.99940145,0.000598606
495,A1669,CN(C)CCCCOC(=O)c1ccccc1c1ccccc1,0.9987142,0.001285784
496,A905,CCC(C)(CC)c1ccc(CCN2C[C@H](C)O[C@@H](C)C2)cc1,0.99970526,0.000294659
497,A2521,CN(C/C=C/c1cccc(Cl)c1)Cc1ccccc1,0.99910283,0.000897185
498,A387,Clc1ccccc1CO[C@@H](Cn1ccnc1)c1ccccc1,0.99567586,0.004324118
499,A2518,COc1ccccc1CN(C)C/C=C/c1ccccc1,0.99951625,0.000483739
500,A908,C[C@H](Cc1ccc(NC(=O)C(C)(C)C)cc1)CN1C[C@@H](C)O[C@@H](C)C1,0.9997677,0.000232319
501,A4729,CC(C)CCN(C)Cc1cccc2ccccc12,0.99347717,0.006522892
502,A3147,CN(Cc1ccc(Cl)cc1)Cc1cccc2cnccc12,0.99803835,0.001961663
503,A759,CCC(C)(C)c1ccc(CCCN2C[C@@H](C)O[C@@H](C)C2)cc1,0.9996263,0.000373717
504,A1591,CCN(CC)CCCOc1ccccc1c1ccccc1,0.99503434,0.00496566
505,A2546,C=CCN(C/C=C/c1ccccc1)Cc1ccccc1OC,0.9998246,0.00017541
506,A4346,NC(=O)OC[C@@H](O)COc1ccc(COc2ccccc2)cc1,0.9976186,0.002381308
507,A278,Cc1cccc(CO[C@H](Cn2ccnc2)c2ccc(Cl)cc2)c1,0.9994547,0.000545332
508,A6091,CCCCCCN[C@H](C)[C@H](O)c1ccc(OC)cc1,0.9988091,0.001190885
509,A299,Cc1ccc(O[C@@H](Cn2ccnc2)c2ccc(Cl)cc2)cc1,0.9983829,0.001617033
510,A845,CCC(C)(C)c1ccc(C[C@@H](C)CN2C[C@@H](C)O[C@@H](C)C2)cn1,0.9984189,0.001581065
511,A3073,Cc1cc(C)cc(O[C@@H](Cn2ccnc2)c2ccc(Cl)cc2)c1,0.99824226,0.001757794
512,A3131,Clc1ccc([C@H](Cn2ccnc2)SCCN2CCCC2)c(Cl)c1,0.9978835,0.002116426
513,A1692,CCN(CC)CCOC(=O)c1ccc(c2ccc(F)cc2)cc1O,0.9976732,0.002326784
514,A2554,CN(C/C=C/c1cccc(Br)c1)Cc1ccccc1,0.9986588,0.001341226
515,A1701,CCN(CC)CCOC(=O)c1ccc(c2ccc(Br)cc2)cc1O,0.9992059,0.000794109
516,A1853,CC[C@@H](Oc1ccc(Cl)cc1Cl)C(=O)C1(Cn2ccnc2)CC1,0.99876297,0.001237042
517,A2155,OCCN(Cc1ccccc1)C(=S)Oc1ccc2c(c1)CCC2,0.9986059,0.001394115
518,A4445,CN(Cc1ncc[nH]1)C[C@](O)(Cn1cncn1)c1ccc(F)cc1F,0.9979565,0.002043531
519,A3246,CN(Cc1ccc(F)cc1)Cc1cccc2cc[nH]c12,0.99857354,0.00142639
520,A2316,CCc1cn(C[C@H](c2ccccc2)c2ccc(OC)cc2)cn1,0.9912691,0.008730874
521,A720,CSc1ccc(CO[C@H](Cn2ccnc2)c2ccc(F)cc2)cc1,0.99972457,0.000275458
522,A3186,CN(Cc1ccc(Cl)cc1)Cc1cncc2ccccc12,0.9990773,0.000922683
523,A1842,CCC[C@@H](Oc1ccc(Cl)cc1C)C(=O)[C@@H](Cn1ccnc1)OC,0.99929345,0.000706522
524,A1655,CCCN(CCC)CCOC(=O)c1nc(c2ccccc2)ccc1O,0.99924785,0.000752119
525,A1805,CC(C)C[C@H](Oc1ccc(Cl)cc1F)C(=O)[C@@H](Cn1ccnc1)OC(C)C,0.998531,0.001469006
526,A1878,O=C(COc1ccc(Cl)cc1Cl)[C@@H](Cn1ccnc1)NC1CC1,0.9997495,0.000250497
527,A2642,Clc1ccc([C@H](CCn2ccnc2)OCc2ccccn2)c(Cl)c1,0.9933072,0.006692807
528,A1723,CN(C)CCCCCOC(=O)c1ccccc1c1ccccc1,0.996822,0.003177989
529,A3100,Clc1ccc(C[C@H](Cn2ccnc2)OCc2ccccc2)cc1,0.99814117,0.001858867
530,A4241,COc1ccc(C[C@@H](COC(=O)N)OC[C@@H](O)COc2ccc(Cl)cc2)cc1,0.99670166,0.003298303
531,A298,N#Cc1ccc(CO[C@@H](Cn2ccnc2)c2ccc(Cl)cc2)cc1,0.99049336,0.009506681
532,A2517,CN(C/C=C/c1ccccc1)Cc1ccc(F)c(F)c1,0.99962723,0.000372697
533,A6125,CCCCCCCN[C@H](C)[C@H](O)c1ccc(Cl)cc1,0.99561477,0.00438525
534,A319,N#Cc1ccc([C@@H](Cn2ccnc2)OCc2ccc(Cl)cc2)cc1,0.9935959,0.006404109
535,A3239,COc1ccc(CN(C)Cc2cccc3occc23)cc1,0.99926656,0.000733405
536,A928,CCC(C)(C)c1ccc(C[C@H](C)CN2C[C@H](C)O[C@@H](C)C2)cc1,0.9986897,0.001310261
537,A311,Cc1ccc(OC[C@H](Cn2ccnc2)c2ccc(Cl)cc2)cc1,0.99872833,0.001271667
538,A2513,COc1ccccc1/C=C/CN(C)Cc1ccccc1,0.99518955,0.004810463
539,A1886,CC[C@H](Oc1ccc(Cl)cc1Cl)C(=O)[C@H](Cn1ccnc1)N1CCCCC1,0.99870074,0.001299287
540,A2537,CN(C/C=C/c1cccc(F)c1)Cc1ccccc1,0.99922204,0.000777956
541,A2641,Clc1ccc([C@H](CCn2ccnc2)OCc2ccc(Cl)nc2)cc1,0.9977685,0.002231477
542,A2488,CN(C/C=C/c1ccccc1)Cc1cccc(Br)c1,0.9991775,0.000822497
543,A4383,CC(=O)N[C@H]1CCN(C[C@@](O)(Cn2cncn2)c2ccc(F)cc2F)C1,0.99345076,0.006549235
544,A1835,CC(C)(C)C(=O)[C@H](Cn1ccnc1)Oc1ccccc1C(F)(F)F,0.99738926,0.002610788
545,A3304,CC(C)O[C@@H](CCc1ccc(Cl)cc1)Cn1ccnc1,0.99703467,0.002965389
546,A1630,CC(C)Cc1ccc(c2cccc(C(=O)OCCN(C)C)c2O)cc1,0.9953347,0.004665326
547,A3313,Clc1ccc(CC[C@@H](Cn2ccnc2)OCc2cccnc2)cc1,0.9957268,0.004273186
548,A305,Clc1ccc(CO[C@H](Cn2ccnc2)c2ccccc2)cc1,0.9994073,0.000592729
549,A3233,CN(Cc1ccc(Cl)cc1)Cc1cccc2occc12,0.9984586,0.001541379
550,A2607,Fc1ccc([C@@H](Cn2ccnc2)OCc2ccccc2)c(Cl)c1,0.99746096,0.002538968
551,A3076,Cc1ccc(O[C@@H](Cn2ccnc2)c2ccc(Cl)cc2)cc1C,0.9982322,0.001767889
552,A796,CCC(C)(C)c1ccc(CCCN2C[C@H](C)O[C@@H](C)C2)cc1,0.9996263,0.000373717
553,A4400,Cc1cn(C[C@@H](OCc2cccnc2)c2ccc(Cl)cc2Cl)cn1,0.9996518,0.000348216
554,A2264,c1ccc([C@H](Cn2ccnc2)c2ccc(OCC3CC3)cc2)cc1,0.9931878,0.006812165
555,A4690,CN(CC#CCN)Cc1cccc2ccccc12,0.99842715,0.001572896
556,A1929,CCNCc1nc2ccccc2n1Cc1ccc(Cl)cc1,0.99865615,0.001343881
557,A782,CCC(C)(C)c1ccc(C[C@H](C)CN2CCO[C@@H](C)C2)cc1,0.99952793,0.000472134
558,A64,CC(=O)CCCO[C@@H](Cn1ccnc1)c1ccc(Cl)cc1Cl,0.9982248,0.00177523
559,A2562,CN(CC/C=C/c1ccccc1)Cc1ccccc1Cl,0.99906904,0.00093101
560,A3106,Fc1ccc([C@H](Cn2ccnc2)OCc2ccsc2)cc1,0.9975001,0.002499866
561,A6079,CCCCCCCN[C@H](C)[C@@H](O)c1ccc(OC)cc1,0.9979949,0.002005156
562,A839,CC[C@H]1CN(CCCc2ccc(C(C)(C)C)cc2)C[C@@H](C)O1,0.99498427,0.005015733
563,A276,Fc1ccc(CO[C@H](Cn2ccnc2)c2ccc(Cl)cc2)cc1,0.999556,0.000443935
564,A1680,CCN(CC)CCOC(=O)c1cccc(Oc2ccccc2)c1,0.9996253,0.000374638
565,A932,CCC(C)(C)c1ccc(C[C@H](C)CN2C[C@@H](C)O[C@H](C)C2)c(C)c1,0.9971589,0.00284117
566,A1815,COc1ccc(CO[C@@H](Cn2ccnc2)C(=O)C(C)(C)C)cc1,0.9998265,0.000173529
567,A2581,CC(C)c1ccc(CN(C)C/C=C/c2ccccc2)cc1,0.9997714,0.000228535
568,A2497,CC(C)N(C/C=C/c1ccccc1)Cc1ccccc1,0.9993135,0.000686562
569,A3187,CN(Cc1ccc(Br)cc1)Cc1cccc2ccoc12,0.99929655,0.000703449
570,A2472,CN(C/C=C/c1ccccc1)Cc1ccc(F)cc1,0.99943846,0.000561546
571,A1590,CCN(CC)CCOC(=O)c1ccc(c2ccccc2)cc1,0.9995443,0.000455613
572,A2582,CN(C/C=C/c1ccccc1)CCCCc1ccccc1,0.99832076,0.001679254
573,A6202,CCCCCCN[C@@H](C)[C@@H](O)c1ccc(OC)cc1,0.9988091,0.001190885
574,A2162,CCc1cccc(CN(C)C(=S)Oc2ccc3c(c2)CCC3)c1,0.99841845,0.001581491
575,A931,C[C@@H](Cc1ccc(C(C)(C)C)cc1)CN1C[C@@H](C)O[C@H](C)C1,0.9997472,0.000252764
576,A4462,O[C@](CNCCc1c[nH]cn1)(Cn1cncn1)c1ccc(F)cc1F,0.99915075,0.000849257
577,A4702,CN(Cc1cccc2ccccc12)CC1CCC1,0.9961055,0.003894441
578,A941,C=CC(C)(C)c1ccc(C[C@H](C)CN2C[C@@H](C)O[C@@H](C)C2)cc1,0.99358845,0.006411514
579,A327,COc1ccccc1CO[C@@H](Cn1ccnc1)c1ccc(Cl)cc1,0.9969831,0.003016865
580,A2483,CN(C/C=C/c1ccccc1)Cc1ccc(C#N)cc1,0.9996669,0.000333117
581,A2524,Cc1ccccc1CN(C)C/C=C/c1ccccc1,0.99914956,0.000850475
582,A3235,COC(=O)c1ccc(CN(C)Cc2ccc3ccccc3c2)cc1,0.99970764,0.000292279
583,A2548,CN(C/C=C/c1ccc(C#N)cc1)Cc1ccccc1,0.9994624,0.000537594
584,A4434,CN(Cc1ccco1)C[C@@](O)(Cn1cncn1)c1ccc(F)cc1F,0.9974025,0.002597541
585,A4496,O[C@](CNCc1ccc[nH]1)(Cn1cncn1)c1ccc(F)cc1F,0.99952483,0.00047521
586,A1885,CC(C)(C)C(=O)[C@@H](Cn1ccnc1)Oc1ccc(SC(F)(F)F)cc1,0.99852884,0.001471115
587,A2592,C[C@@H](/C=C/c1ccccc1)CN(C)Cc1ccccc1,0.9985701,0.001429877
588,A241,Clc1ccc([C@@H](Cn2ccnc2)OCc2ccccc2)cc1,0.99579394,0.004206014
589,A4697,CSCCCN(C)Cc1cccc2ccccc12,0.99721116,0.00278888
590,A5044,CCC[C@H](Oc1ccc(Cl)cc1)C(=O)C(C)(C)n1ccnc1,0.99636674,0.003633284
591,A770,CCC(C)(CC)c1ccc(C[C@H](O)CN2C[C@@H](C)O[C@@H](C)C2)cc1,0.9956934,0.004306622
592,A4724,CN(CC(=O)C(C)(C)C)Cc1cccc2ccccc12,0.99979466,0.00020531
593,A6052,CCCCCCCCN[C@@H](C)[C@@H](O)c1cccc(OC)c1,0.9977805,0.002219492
594,A4369,Clc1ccc([C@@H](Cn2ccnc2)SCCNC2CC2)c(Cl)c1,0.99062437,0.009375599
595,A4475,O[C@@](CNCc1ccccn1)(Cn1cncn1)c1ccc(F)cc1F,0.9994301,0.000569886
596,A3104,CC(C)SC[C@H](Cn1ccnc1)OCc1ccc(Cl)cc1,0.9991704,0.000829609
597,A2583,Cc1cccc(CN(C)C/C=C/c2ccccc2)c1,0.99978465,0.000215316
598,A781,CCC(C)(CC)c1ccc(CC(=O)N2C[C@@H](C)O[C@@H](C)C2)cc1,0.9998573,0.000142638
599,A1799,O=C(COc1ccc(Cl)cc1Cl)[C@H](Cn1ccnc1)OCC1CCC1,0.9997768,0.000223236
600,A6209,CCCCCCCCN[C@H](C)[C@@H](O)c1ccc(OC)c(OC)c1,0.99258304,0.007416919
601,A3175,CN(Cc1ccccc1)Cc1cccc2ncccc12,0.99642205,0.003577971
602,A1706,CCN(CC)CCCOC(=O)c1ccccc1c1ccccc1,0.9993799,0.000620102
603,A764,CCC(C)(CC)c1ccc(CCCN2C[C@@H](C)O[C@@H](C)C2)cc1,0.9992785,0.00072154
604,A4406,C[C@H](CF)CO[C@@H](Cn1ccnc1)c1ccc(Cl)cc1Cl,0.9925775,0.007422451
605,A1567,O=C1CN(Cc2ccccc2)CN1Cc1ccccc1,0.9987154,0.001284579
606,A820,CC[C@H](Cc1ccc(C(C)(C)C)cc1)N1C[C@H](C)O[C@@H](C)C1,0.99971753,0.000282388
607,A791,CCC(C)(C)c1ccc(C[C@H](O)CN2C[C@@H](C)O[C@H](C)C2)cc1,0.998357,0.001642944
608,A2287,Clc1ccc(O[C@@H](CCn2ccnc2)c2ccccc2)cc1,0.9977436,0.002256415
609,A3197,CN(Cc1ccc(Br)cc1)Cc1cccc2cnccc12,0.99958795,0.000412093
610,A292,Brc1ccc([C@H](Cn2ccnc2)OCc2ccccc2)cc1,0.9984463,0.001553739
611,A1406,O=C(c1cncn1[C@H]1CCCc2ccccc12)N1CCCCC1,0.99775946,0.002240547
612,A3178,CN(Cc1ccc(Cl)cc1)Cc1cccc2[nH]ccc12,0.99791414,0.002085837
613,A3162,CN(Cc1ccc(Cl)cc1)Cc1cccc2cc[nH]c12,0.9980812,0.001918858
614,A1762,CC[C@@H](Oc1ccc(Cl)cc1Cl)C(=O)[C@H](Cn1ccnc1)C(C)C,0.9988728,0.001127173
615,A3070,COc1cccc(CO[C@H](Cn2ccnc2)c2ccc(Cl)cc2)c1,0.99937797,0.000622028
616,A2142,CCCN(Cc1ccccc1)C(=S)Oc1ccc2c(c1)CCC2,0.99883837,0.001161695
617,A814,CC[C@H](Cc1ccc(C(C)(C)C)cc1)N1C[C@@H](C)O[C@@H](C)C1,0.99971753,0.000282388
618,A6059,CCCCCCCCN[C@H](C)[C@H](O)c1cccc(C)c1,0.99604225,0.003957782
619,A944,CCC(C)(CC)c1ccc(C[C@@H](O)CN2C[C@@H](C)O[C@@H](C)C2)c(OC)c1,0.9942327,0.00576728
620,A2610,Fc1ccc([C@H](Cn2ccnc2)OCc2ccccc2)c(Cl)c1,0.99746096,0.00253897
621,A2522,CN(C/C=C/c1ccccc1)C[C@@H](O)c1cccc2ccoc12,0.9986902,0.001309792
622,A1664,CCCN(CCC)CC(=O)c1ccccc1c1ccccc1,0.999663,0.00033703
623,A1932,CCOCc1nc2ccccc2n1Cc1ccc(Cl)cc1,0.9932088,0.00679114
624,A1691,CC(C)N(CCN)CCOC(=O)c1cccc(c2ccccc2)c1O,0.9991253,0.000874732
625,A3085,Cc1ccc(CO[C@H](Cn2ccnc2)c2ccc(Cl)cc2)s1,0.99967885,0.00032116
626,A5953,CCCCCCCCN[C@H](C)[C@H](O)c1ccc(C)cc1,0.99338746,0.006612504
627,A3101,N#Cc1ccc(CO[C@H](CCn2ccnc2)c2ccc(Cl)cc2)cc1,0.9900247,0.00997526
628,A259,Cc1ccc([C@H](Cn2ccnc2)OCc2ccc(Cl)cc2)cc1,0.9990245,0.000975446
629,A6081,CCCCCCCCN[C@H](C)[C@H](O)c1ccc(Cl)c(OC)c1,0.9927528,0.007247276
630,A3322,Cc1ncc([C@@H](CCc2ccc(Cl)cc2)Cn2ccnc2)n1C,0.9958145,0.004185442
631,A4407,Clc1ccc([C@H](Cn2ccnc2)OCCCc2cccnc2)c(Cl)c1,0.996452,0.003548079
632,A1685,CC(C)N(CCCN)CC(=O)c1cccc(c2ccccc2)c1O,0.999203,0.00079698
633,A763,CC[C@H](Cc1ccc(C(C)C)cc1)CN1C[C@@H](C)O[C@H](C)C1,0.9996469,0.000353089
634,A906,CCC(C)(C)c1ccc(CCCCN2C[C@@H](C)O[C@H](C)C2)cc1,0.9994135,0.000586491
635,A2587,CN(C/C=C/c1ccccc1)CCc1cccc2c1OCO2,0.9997557,0.000244371
636,A6120,CC(C)Sc1ccc([C@H](C)NCCCCCO)cc1,0.9998946,0.000105415
637,A1678,CCN(CC)CC[C@H](C)OC(=O)c1ccccc1c1ccccc1,0.998978,0.00102196
638,A3378,CC(C)NC[C@@H](Cn1ccnc1)Sc1c(Cl)cccc1Cl,0.9998072,0.000192818
639,A2568,CN(C/C=C/c1ccccc1Br)Cc1ccccc1,0.99892455,0.001075384
640,A4428,CN1CCN(C[C@@](O)(Cn2cncn2)c2ccc(F)cc2F)CC1,0.9956375,0.004362545
641,A3221,COc1ccccc1CN(C)Cc1ccc2ccccc2c1,0.9986957,0.001304399
642,A1623,CCN(CC)CC[C@@H](C)Oc1ccccc1c1ccccc1,0.9924495,0.007550445
643,A3165,COc1ccc(CN(C)Cc2ccc3ccccc3c2)cc1,0.9993913,0.000608686
644,A1252,O=C1CCCN1CCO[C@@H](Cn1ccnc1)c1ccc(Cl)cc1Cl,0.9996809,0.000319161
645,A2632,CC(=O)CCCCO[C@@H](Cn1ccnc1)c1ccc(Cl)cc1Cl,0.99729234,0.002707697
646,A4433,O[C@@](CNC1CCCCC1)(Cn1cncn1)c1ccc(F)cc1F,0.9961926,0.003807441
647,A1561,CC(C)Cc1ccc(CN2CSC(=O)N(Cc3ccccc3)C2)cc1,0.99975437,0.000245664
648,A3209,CN(Cc1ccc(F)cc1)Cc1ccc(C(C)(C)C)cc1,0.9990004,0.000999645
649,A2341,CC(C)(C)Oc1ccc([C@H](Cn2ccnc2)c2ccccc2)cc1,0.9925748,0.007425227
650,A1856,CCC(CC)COC(=O)[C@@H](Cn1ccnc1)Oc1ccc(Cl)cc1Cl,0.9941373,0.005862759
651,A443,COc1cccc(COc2ccccc2[C@@H](C)n2ccnc2)c1,0.99508566,0.004914375
652,A767,C[C@@H](Cc1ccc(C(C)C)cc1)CN1C[C@@H](C)O[C@@H](C)C1,0.9997985,0.000201503
653,A2150,Cc1cccc(CN(C)C(=S)Oc2ccc3c(c2)CCCC3)c1,0.9991929,0.000807091
654,A1668,CCN(CC)CCOC(=O)c1c(O)c(c2ccccc2)cn1C,0.9956915,0.004308526
655,A2579,CN(C/C=C/c1ccccc1)C[C@@H](O)c1ccc2ccoc2c1,0.9988199,0.00118009
656,A4193,Cc1ccc(C[C@@H](COC(=O)N)OC[C@@H](O)COc2ccc(Cl)cc2)cc1,0.99658513,0.003414837
657,A2254,CC(=O)c1cn(C[C@@H](c2ccccc2)c2ccc(Cl)cc2)cn1,0.9988593,0.001140759
658,A2595,CN(C/C=C/c1ccccc1)C(=O)Cc1ccccc1,0.9998659,0.00013414
659,A1657,CCN(CC)C[C@@H](C)OC(=O)c1ccccc1c1ccccc1,0.9996594,0.000340555
660,A3299,CCCS[C@@H](CCc1ccc(Cl)cc1)Cn1ccnc1,0.9952867,0.00471323
661,A3089,Clc1ccc([C@H](CCn2ccnc2)OCc2ccsc2)cc1,0.9930848,0.006915188
662,A1621,CCN(CC)CCCNc1ccccc1c1ccccc1,0.997412,0.00258797
663,A624,CCCCN(CCO)CCOc1ccc(Cl)cc1,0.99843854,0.001561484
664,A5986,CCCCCCCCN[C@@H](C)[C@H](O)c1ccc(C)cc1,0.99338746,0.006612504
665,A761,C[C@@H](Cc1ccc(C(C)(C)C)cc1)N1C[C@@H](C)O[C@@H](C)C1,0.9998287,0.000171253
666,A4292,O=C(CCc1ccccc1)OC[C@H](O)COc1ccc(Cl)cc1,0.99984455,0.00015546
667,A871,COC(=O)[C@@H]1CN(C[C@@H](C)Cc2ccc(C(C)(C)C)cc2)C[C@@H](C)O1,0.99591595,0.004084024
668,A2119,Clc1ccc([C@H](Cn2ccnc2)OCCN2CCCCC2)c(Cl)c1,0.9964945,0.003505495
669,A819,CCC(C)(C)c1ccc(CCCN2C[C@@H](C)O[C@@H](C)[C@H]2C)cc1,0.9990337,0.000966384
670,A848,CCC(CC)(CC)c1ccc(CCN2C[C@@H](C)O[C@@H](C)C2)cc1,0.999119,0.000881052
671,A868,CCC(CC)c1ccc(C[C@@H](C)CN2C[C@@H](C)O[C@@H](C)C2)cn1,0.9982686,0.001731352
672,A2644,CC(=O)CC[C@@H](Cn1ccnc1)OCc1ccc(Cl)cc1,0.99921966,0.000780369
673,A3145,CN(Cc1ccc(Cl)cc1)Cc1cccc2ccoc12,0.9984181,0.001581868
674,A246,Clc1ccc([C@H](Cn2ccnc2)OCc2ccccc2)cc1,0.99579394,0.004206014
675,A3150,CN(Cc1ccc(Cl)cc1)Cc1ccnc2ccccc12,0.9990042,0.000995805
676,A328,Clc1cccc(CO[C@@H](Cn2ccnc2)c2ccccc2)c1,0.9990559,0.000944075
677,A286,CC(=O)c1ccc([C@@H](Cn2ccnc2)OCc2ccccc2)cc1,0.9972006,0.002799428
678,A5064,CC(C)(C)C(=O)[C@H](SCc1ccc(Cl)cc1)n1ccnc1,0.9998,0.000200041
679,A2496,CN(C/C=C/c1ccccc1)Cc1ccccc1Br,0.99896157,0.001038374
680,A1612,CCN(CC)CCOC(=O)c1ccc(c2ccccc2OC)cc1,0.99976355,0.000236397
681,A2313,COc1ccc([C@@H](Cn2ccnc2)c2ccc(C)cc2)cc1,0.99260885,0.007391082
682,A1388,CCCCN(CCCC)C(=O)c1cncn1[C@H]1CCCc2ccccc12,0.9995983,0.000401645
683,A441,C[C@H](c1ccccc1OCc1ccc(Cl)cc1)n1ccnc1,0.9987519,0.001248137
684,A824,CC[C@H](Cc1ccc(C(C)(C)C)cc1)CN1C[C@H](C)O[C@@H](C)C1,0.9990521,0.000947843
685,A5954,CCCCCCCCN[C@@H](C)[C@H](O)c1ccc(Cl)cc1,0.99338746,0.006612504
686,A5111,CC(C)Cc1ccc(O[C@@H](C(=O)C(C)(C)C)n2ccnc2)cc1,0.9987276,0.001272338
687,A1729,CCN(CC)CCCC(=O)c1c(O)cccc1c1ccccc1,0.99459803,0.005401938
688,A1876,CC(C)N(C(=O)[C@H](Cn1ccnc1)Oc1ccc(Cl)cc1Cl)C(C)C,0.99982494,0.000175122
689,A2482,CN(C/C=C/c1ccccc1)Cc1ccc(N(C)C)cc1,0.99939275,0.000607189
690,A1257,Cc1ccc(OCCO[C@H](Cn2ccnc2)c2ccc(Cl)cc2)cc1,0.9991748,0.000825185
691,A4732,CN(CCOCC(C)(C)C)Cc1cccc2ccccc12,0.99984944,0.000150556
692,A2078,O=C(O[C@@H](Cn1ccnc1)c1ccc(Cl)cc1Cl)C1CCCC1,0.9993591,0.000640951
693,A51,Clc1ccc([C@H](CCn2ccnc2)OCc2cccnc2)c(Cl)c1,0.99439764,0.005602397
694,A858,C[C@@H](CN1C[C@@H](C)O[C@@H](C)C1)c1ccc(C(C)(C)C)cc1,0.99805826,0.001941763
695,A1821,Cc1ccc([C@@H](C)O[C@@H](Cn2ccnc2)C(=O)C(C)(C)C)cc1,0.99943966,0.00056034
696,A6207,CC(C)CCCNC[C@H](O)c1ccc(SC(C)C)cc1,0.9997826,0.000217416
697,A813,CC[C@@H](Cc1ccc(C(C)(C)C)cc1)CN1C[C@@H](C)O[C@H](C)C1,0.9990521,0.000947843
698,A5053,CCCC(C)(C)C(=O)[C@H](Oc1ccc(C)cc1)n1ccnc1,0.9943856,0.005614382
699,A1656,CCN(CC)CCSc1ccccc1c1ccccc1,0.99737895,0.002621117
700,A6102,CCCCCCCCN[C@H](C)[C@@H](O)c1ccc(Cl)c(OC)c1,0.9927528,0.007247276
701,A1263,O=C(CCCO[C@@H](Cn1ccnc1)c1ccc(Cl)cc1Cl)NC1CC1,0.99931943,0.000680525
702,A281,Cc1ccc(OC[C@@H](Cn2ccnc2)c2ccc(Cl)cc2)cc1,0.99872833,0.001271667
703,A798,CCC(C)(C)c1ccc(CCN2C[C@@H](C)O[C@@H](C)[C@H]2C)cc1,0.99940276,0.000597228
704,A380,CC(=O)c1ccc([C@H](Cn2ccnc2)OCc2ccc(Cl)cc2)cc1,0.99946946,0.00053053
705,A2364,COc1ccc([C@@H](Cn2ccnc2)c2cccc(OC)c2)cc1,0.99535924,0.004640815
706,A3146,CN(Cc1ccccc1C#N)Cc1cccc2ccccc12,0.9989894,0.001010557
707,A6226,CSc1ccc([C@@H](C)NCCCCCCCO)cc1,0.9998909,0.000109103
708,A1579,CC(C)N1CN(Cc2ccccc2)/C(=N/c2ccccc2)/S1,0.9992065,0.000793489
709,A825,C[C@@H](Cc1ccc([C@@H](C)O)cc1)CN1C[C@@H](C)O[C@@H](C)C1,0.999331,0.000669039
710,A5119,CCCC(C)(C)C(=O)[C@H](Oc1cccc(Cl)c1)n1ccnc1,0.9944951,0.005504908
711,A378,Clc1cccc([C@@H](Cn2ccnc2)OCc2ccccc2)c1,0.9973876,0.002612435
712,A784,CCC(C)(C)c1ccc(C[C@@H](C)CN2CCOC(C)(C)C2)cc1,0.9995388,0.000461213
713,A2156,CCN(Cc1ccncc1)C(=S)Oc1ccc2c(c1)CCC2,0.9994648,0.000535165
714,A2378,CCc1cn(C[C@@H](c2ccccc2)c2ccc(Br)cc2)nn1,0.9957241,0.00427594
715,A1659,CCN(CC)CCCCOC(=O)c1ccc(c2ccccc2)o1,0.99905974,0.000940272
716,A1194,CCOC(=O)c1cncn1[C@@H]1CCCc2cc(OC(C)C)ccc12,0.99428695,0.005713064
717,A803,CCC(C)(C)c1ccc(CCN2C[C@H](C)O[C@H](C)C2)cc1,0.99974805,0.000251902
718,A4431,OCCCNC[C@](O)(Cn1cncn1)c1ccc(F)cc1F,0.99852353,0.00147652
719,A4398,Cc1nccn1C[C@@H](OCc1cccnc1)c1ccc(Cl)cc1Cl,0.999137,0.000863034
720,A800,CCC(C)(CC)c1ccc(C[C@H](C)CN2CCO[C@@H](C)C2)cc1,0.9989955,0.001004574
721,A6094,CCCCCCCN[C@@H](C)[C@H](O)c1ccc(OC)cc1,0.9979949,0.002005156
722,A3240,CN(Cc1ccccc1N(C)C)Cc1cccc2ccccc12,0.99804187,0.001958073
723,A1689,CCN(CC)CCc1ccccc1c1ccccc1,0.99147123,0.008528777
724,A5122,CCCCc1ccc(O[C@H](C(=O)C(C)(C)C)n2ccnc2)cc1,0.99736017,0.002639774
725,A1880,CC[C@H](Oc1ccc(Cl)cc1Cl)C(=O)[C@H](N)Cn1ccnc1,0.99827576,0.001724251
726,A347,COc1cccc(CO[C@@H](Cn2ccnc2)c2ccc(Cl)cc2)c1,0.99937797,0.000622028
727,A1676,CCN(CC)CCOC(=O)c1ccccc1C(=O)c1ccccc1,0.9997917,0.000208372
728,A776,CCC(C)(C)c1ccc(CCN2C[C@H](C)O[C@@H](C)C2)cc1,0.99974805,0.000251902
729,A924,CC[C@H]1CN(C[C@H](C)Cc2ccc(C(C)(C)C)cc2)CCO1,0.99710184,0.002898167
730,A926,CCC(C)(C)c1ccc(CCCN2C[C@@H](C)OC(C)(C)C2)cc1,0.9995408,0.000459252
731,A2358,CC(C)c1cn(C[C@@H](c2ccccc2)c2ccc(F)cc2)cn1,0.99535084,0.004649162
732,A5950,CCCCCCCCN[C@@H](C)[C@H](O)c1ccc(OC)cc1,0.997027,0.002973067
733,A356,CC(=O)CCCCO[C@@H](Cn1ccnc1)c1ccc(Cl)cc1,0.9977192,0.002280697
734,A1570,O=C1CN(Cc2ccccc2)CN1c1ccccc1,0.99837744,0.001622564
735,A773,CCC(C)(C)c1ccc(CCCCN2C[C@@H](C)O[C@@H](C)C2)cc1,0.9994135,0.000586491
736,A4256,CCOC(=O)CCc1ccc(OC[C@H](O)COC(=O)N)cc1,0.9987633,0.001236692
737,A1697,CCCCN(C)CCOC(=O)c1ccccc1c1ccccc1,0.99950314,0.000496915
738,A1778,CC(C)C[C@@H](Oc1ccc(Cl)cc1Cl)C(=O)[C@@H](C)Cn1ccnc1,0.99582005,0.004179937
739,A5999,CCCCN[C@@H](C)[C@@H](O)c1ccc(OC(C)C)cc1,0.9977639,0.002236145
740,A916,CC[C@H](Cc1cccc(C(C)C)c1)CN1C[C@@H](C)O[C@@H](C)C1,0.9996574,0.000342618
741,A2516,CN(C/C=C/c1ccccc1)Cc1c[nH]c2ccccc12,0.9995364,0.000463575
742,A2274,COc1ccc([C@@H](Cn2ccnc2)c2ccccc2)cc1OC,0.992882,0.007117964
743,A1872,CC(C)C[C@@H](Oc1ccc(Cl)cc1Cl)C(=O)C(C)(C)Cn1ccnn1,0.9982424,0.001757582
744,A835,CCC(C)(CC)c1ccc(C[C@@H](O)CN2C[C@@H](C)O[C@@H](C)C2)cn1,0.9952081,0.004791891
745,A6112,CC(C)CCCN[C@H](C)[C@H](O)c1ccc(SC(C)C)cc1,0.9925904,0.007409566
746,A2578,CN(C/C=C\c1ccccc1)Cc1ccccc1,0.9988722,0.001127764
747,A2536,CN(CC/C=C/c1ccccc1)CCc1ccccc1,0.99928015,0.000719886
748,A342,CCC(CC)CO[C@H](Cn1ccnc1)c1ccc(Cl)cc1,0.99328774,0.006712209
749,A801,CCC(C)(CC)c1ccc(C[C@H](C)CN2C[C@@H](C)O[C@@H](C)C2)cn1,0.99624723,0.003752812
750,A1178,CCCCOC(=O)c1cncn1[C@H]1CCCc2ccccc12,0.9945439,0.005456133
751,A899,CCC(C)(C)c1ccc(CCCN2CCO[C@@H](C)C2)cc1,0.99972457,0.000275395
752,A5960,CCCCCCCCN[C@H](C)[C@@H](O)c1ccc(C)cc1,0.99338746,0.006612504
753,A2486,CN(C/C=C/c1ccccc1)Cc1ccccc1Cl,0.9988574,0.001142579
754,A793,CC[C@H](Cc1ccc(C(C)(C)O)cc1)CN1C[C@@H](C)O[C@@H](C)C1,0.99711084,0.002889185
755,A3377,CCCCNC[C@@H](Cn1ccnc1)Sc1c(Cl)cccc1Cl,0.999634,0.000365964
756,A2259,c1ccc(C(OCCn2ccnc2)c2ccccc2)cc1,0.9988832,0.001116824
757,A1600,CCN(CC)CCOC(=O)c1cc(c2ccccc2)oc1C,0.99956053,0.0004395
758,A1686,CCN(CC)CCCOC(=O)c1ccc(c2ccccc2OC)cc1,0.9997254,0.000274614
759,A2494,CN(C/C=C/c1ccccc1)Cc1cc2ccccc2o1,0.9995524,0.000447587
760,A1610,CC(C)N(CCCN)CCOC(=O)c1cccc(c2ccccc2)c1O,0.9983884,0.001611571
761,A963,CCOC(=O)CCc1cncn1[C@@H]1CCCc2ccccc12,0.9900495,0.009950492
762,A2267,COc1ccc(C(Cn2ccnc2)c2ccc(OC)cc2)cc1,0.9964598,0.003540273
763,A3154,CN(Cc1ccc(Cl)cc1)Cc1ccc2ccccc2n1,0.99850464,0.001495425
764,A826,CCC(C)(C)c1ccc(CCN2C[C@@H](C)O[C@@H](C)C2)nc1,0.99967885,0.000321141
765,A2106,Clc1ccc([C@H](Cn2ccnc2)OCC2CCC2)c(Cl)c1,0.99305385,0.006946147
766,A3097,Fc1cccc(CO[C@H](Cn2ccnc2)c2ccc(Cl)cc2)c1,0.9993901,0.000609803
767,A3081,Clc1ccc([C@H](Cn2ccnc2)OCCc2cccs2)cc1,0.9979025,0.00209747
768,A2559,CN(C/C=C/c1ccccc1)Cc1ccc(CO)cc1,0.99957603,0.000423925
769,A1562,c1ccc(CN2CCCN(Cc3ccccc3)C2)cc1,0.99899644,0.001003524
770,A4439,O[C@@](CNCC(F)(F)F)(Cn1cncn1)c1ccc(F)cc1F,0.9994825,0.00051747
771,A780,C[C@@H](Cc1ccc(C(C)C)cc1)CN1C[C@@H](C)O[C@H](C)C1,0.9997985,0.000201503
772,A2515,CN(C/C=C/c1ccccc1)Cc1cc2ccccc2[nH]1,0.99954826,0.00045168
773,A1037,CCCN(CCC)C(=O)c1cncn1[C@@H]1CCCc2ccccc12,0.99962294,0.000376992
774,A1628,CCN(CC)CCCOC(=O)c1ccc(c2ccccc2)o1,0.9994673,0.000532719
775,A255,Cc1ccc(CO[C@H](Cn2ccnc2)c2ccc(C)cc2)cc1,0.9996074,0.000392647
776,A827,CCC(C)(C)c1ccc(C[C@H](C)CN2C[C@@H](C)O[C@H](C)C2)cc1,0.9986897,0.001310261
777,A6008,CCCCCCCCN[C@H](C)[C@H](O)c1cccc(Cl)c1,0.99604225,0.003957782
778,A3293,CC(C)S[C@H](CCc1ccc(Cl)cc1)Cn1ccnc1,0.9985367,0.001463351
779,A1731,CCN(CC)CCN(CC)Cc1ccccc1c1ccccc1,0.9959449,0.004055135
780,A917,CCC(C)(CC)c1ccc(C[C@@H](C)CN2C[C@@H](C)O[C@@H](C)C2)nc1,0.99710506,0.002894901
781,A3238,COc1ccc(CN(C)Cc2cccc3[nH]ccc23)cc1,0.998923,0.00107694
782,A317,CC[C@@H](Cn1ccnc1)OCc1c(Cl)cccc1Cl,0.99810034,0.001899728
783,A375,COc1ccccc1CO[C@H](Cn1ccnc1)c1ccc(Cl)cc1,0.9969831,0.003016865
784,A44,CC[C@@H](Cn1ccnc1)OCc1ccc(C(F)(F)F)cc1,0.9996265,0.000373505
785,A3224,CN(Cc1ccccc1)Cc1cccc2[nH]ccc12,0.9912539,0.008746054
786,A855,CCC(C)(C)c1ccc(OC[C@H](C)CN2C[C@@H](C)O[C@@H](C)C2)cc1,0.9995977,0.000402324
787,A940,CC[C@H](Cc1ccc(C(C)(C)C)cc1)N1C[C@@H](C)O[C@@H](C)[C@H]1C,0.9949904,0.005009614
788,A2519,CN(CC/C=C/c1ccccc1)Cc1ccccc1F,0.9993111,0.000688916
789,A875,C[C@H](Cc1ccc(C(C)C)cc1)CN1C[C@H](C)O[C@@H](C)C1,0.9997985,0.000201503
790,A2527,CC(=O)N(C/C=C/c1ccccc1)Cc1ccccc1,0.99981195,0.000188072
791,A2475,CCN(C/C=C/c1ccccc1)Cc1ccccc1,0.9994955,0.000504459
792,A5134,O=C([C@H](Oc1ccc(Cl)cc1)C1CC1)[C@H](C1CC1)n1ccnc1,0.99223375,0.007766211
793,A3365,COC(=O)[C@H](CCc1ccc(Cl)cc1)Cn1ccnc1,0.99084866,0.00915138
794,A6177,CCCCCCN[C@H](C)[C@@H](O)c1ccc(OC)cc1,0.9988091,0.001190885
795,A5959,CCCCCCCCN[C@@H](C)[C@@H](O)c1ccc(Cl)cc1,0.99338746,0.006612504
796,A1683,CCN(CC)CCCOC(=O)c1ccc(Oc2ccccc2)cc1,0.99955994,0.000439988
797,A4515,CCN(Cc1cccnc1)C[C@@](O)(Cn1cncn1)c1ccc(F)cc1F,0.9958652,0.004134767
798,A4234,COC(=O)CCc1ccc(OC[C@@H](O)COC(=O)N)cc1,0.9986571,0.001342905
799,A120,CS/C=C(\c1cccc(OCCCC(C)C)c1)/n1ccnc1,0.99792176,0.002078247
800,A713,CC[C@H](CO[C@@H](Cn1ccnc1)c1ccc(Cl)cc1Cl)OC,0.999159,0.000841055
801,A31,CC(C)CCO[C@@H](Cn1ccnc1)c1ccc(Cl)cc1Cl,0.9945259,0.005474083
802,A1813,CC(C)(C)C(=O)[C@H](Cn1ccnc1)Oc1cccc(C(F)(F)F)c1,0.996828,0.00317195
803,A5098,CCC[C@@H](C)C(=O)[C@@H](Oc1ccc(F)cc1)n1ccnc1,0.99705744,0.00294262
804,A3200,CN(Cc1ccccc1)Cc1cccc2cc[nH]c12,0.99232084,0.007679169
805,A1773,O=C(C1CCC1)[C@H](Cn1ccnc1)Oc1ccc(Cl)cc1Cl,0.999131,0.000868951
806,A3350,COC(=O)[C@@H](CCc1ccc(Cl)cc1)Cn1ccnc1,0.99084866,0.00915138
807,A832,CC[C@H](Cc1ccc(C(C)C)cc1)CN1C[C@H](C)O[C@@H](C)C1,0.9996469,0.000353089
808,A437,Clc1ccc(COc2ccccc2CCn2ccnc2)cc1,0.99859565,0.001404321
809,A4465,CCN(Cc1ccco1)C[C@](O)(Cn1cncn1)c1ccc(F)cc1F,0.9973041,0.002695906
810,A3166,COc1cc(CN(C)Cc2cccc3ccccc23)cc(OC)c1OC,0.9998241,0.000175962
811,A837,CC[C@@H](C)c1ccc(C[C@@H](CC)N2C[C@@H](C)O[C@@H](C)C2)cc1,0.9993678,0.000632209
812,A2604,CN(C)c1nc2ccc(OCCCN3CCC(C)(C)CC3)cc2s1,0.9960232,0.00397684
813,A1614,CCN(CC)CCCOC(=O)c1ccc2ccccc2c1,0.9986526,0.001347445
814,A2100,Clc1ccc([C@@H](Cn2ccnc2)OCCN2CCOCC2)c(Cl)c1,0.9994598,0.000540219
815,A1727,CCOc1c(C(=O)OCCN(CC)CC)cccc1c1ccccc1,0.99677485,0.003225189
816,A2308,Brc1ccc([C@@H](OCCn2ccnc2)c2ccccc2)cc1,0.9992379,0.000762099
817,A903,C[C@@H]1CN(C[C@@H](O)Cc2ccc(C(C)(C)C)cc2)C[C@H](C)O1,0.99699247,0.003007553
818,A846,C[C@@H](Cc1ccc(C(C)(C)C)cc1)CN1CCO[C@@H](C)C1,0.99982446,0.000175612
819,A1060,CCOC(=O)CCc1cncn1[C@@H]1CCc2ccccc12,0.9937937,0.006206296
820,A1034,CN(Cc1ccccc1)C(=O)c1cncn1[C@H]1CCCc2ccccc12,0.9994609,0.00053916
821,A1595,CCN(CC)CCOc1ccccc1c1ccccc1,0.996015,0.003984949
822,A1606,CCN(CC)CCCOC(=O)c1ccc(c2ccccc2)cc1,0.99937266,0.00062735
823,A1647,CCN(CC)CCCC(=O)c1ccccc1c1ccccc1,0.99737084,0.002629097
824,A1622,CCN(CC)CCOC(=O)c1ccccc1c1ccccc1,0.9994216,0.000578373
825,A359,Ic1ccc([C@H](Cn2ccnc2)OCc2ccccc2)cc1,0.9984744,0.001525602
826,A5138,CCC[C@@H](CC)C(=O)[C@H](Oc1ccc(Cl)cc1)n1ccnc1,0.99565506,0.004344966
827,A1170,CCOC(=O)c1cncn1[C@@H]1CCCc2cc(C(F)(F)F)ccc12,0.99079657,0.009203411
828,A5997,CCCCCN[C@H](C)[C@H](O)c1ccc(SC(C)C)cc1,0.9940724,0.005927677
829,A3192,COc1ccc(CN(C)Cc2cccc3ncccc23)cc1,0.99953604,0.000463964
830,A6208,CCCCN[C@H](C)[C@@H](O)Cc1ccc(SC(C)C)cc1,0.9987392,0.001260809
831,A3338,CC(=O)O[C@@H](CCc1ccc(Cl)cc1)Cn1ccnc1,0.9984119,0.001588041
832,A914,CC[C@H]1CN(C[C@@H](C)Cc2ccc(C(C)(C)C)cc2)CCO1,0.99710184,0.002898167
833,A260,Clc1ccc(CO[C@@H](Cn2ccnc2)c2ccccc2)cc1,0.9994073,0.000592729
834,A1653,CCN(CC)CCOC(=O)c1c(O)c2ccccc2n1C,0.9968772,0.003122781
835,A4355,COCCOC[C@H](O)COc1ccc(Cl)cc1,0.99561995,0.004380059
836,A1652,CC(C)N(CCOC(=O)c1ccccc1c1ccccc1)C(C)C,0.9998503,0.000149671
837,A3124,CSCC[C@H](Cn1ccnc1)OCc1ccc(Cl)cc1,0.99525577,0.004744173
838,A1672,CCN(CC)CCOC(=O)c1ncccc1c1ccccc1,0.999338,0.000662054
839,A4502,O[C@@](CNCCCF)(Cn1cncn1)c1ccc(F)cc1F,0.9978654,0.002134698
840,A930,CCC(C)(C)c1ccc(C[C@H](O)CN2C[C@@H](C)O[C@H](C)C2)cn1,0.9979716,0.002028387
841,A891,CCC(C)(CC)c1ccc(CCCN2C[C@@H](C)O[C@H](C)C2)cc1,0.9992785,0.00072154
842,A4408,CC(C)NCCO[C@H](Cn1ccnc1)c1ccc(Cl)cc1Cl,0.99969256,0.000307494
843,A2302,Brc1cccc([C@@H](Cn2ccnc2)c2ccccc2)c1,0.99096864,0.009031356
844,A6006,CCCCCCCCN[C@H](C)[C@H](O)c1ccc(OC)cc1,0.997027,0.002973067
845,A2564,CN(C/C=C/c1ccccc1)C[C@H](O)c1ccccc1,0.9996012,0.000398829
846,A4310,CC(C)(C)c1ccc(OC[C@H](CO)COC(=O)N)cc1,0.9992889,0.000711017
847,A457,C[C@H](c1ccccc1OCc1cccc(F)c1)n1ccnc1,0.9987931,0.001206896
848,A1779,Cc1ccc(CO[C@H](Cn2ccnc2)C(=O)C(C)(C)C)cc1,0.99982387,0.000176125
849,A2571,COc1ccc(CCN(C)C/C=C/c2ccccc2)cc1,0.9997602,0.000239825
850,A895,CCC(C)(C)c1ccc(C[C@H](C)CN2C(=O)CS[C@@H]2C)cc1,0.998125,0.001875014
851,A2495,CN(C/C=C/c1ccc(Br)cc1)Cc1ccccc1,0.99894863,0.001051344
852,A818,CCC(C)(C)c1ccc(C/C=C/CN2C[C@@H](C)O[C@@H](C)C2)cc1,0.9990727,0.000927311
853,A6119,CC[C@@H](C)NC[C@H](C)[C@H](O)c1ccc(SC(C)C)cc1,0.9942557,0.005744293
854,A5131,CCCC(C)(C)C(=O)[C@@H](Oc1cccc(C)c1)n1ccnc1,0.9944951,0.005504908
855,A1771,CC(C)(C)C(=O)[C@@H](Cn1ccnc1)Oc1ccc(Cl)c(C(F)(F)F)c1,0.9973717,0.002628347
856,A5018,CC[C@@H](Oc1ccc(Cl)cc1)C(=O)C(C)(C)n1ccnc1,0.99866605,0.001333928
857,A61,Clc1ccccc1[C@@H](Cn1ccnc1)OCc1ccccc1,0.9980926,0.001907372
858,A817,CCC(C)(C)c1ccc(C[C@@H](C)CN2C[C@@H](C)O[C@@H](C)C2)c(C)c1,0.9971589,0.00284117
859,A894,CC[C@H](Cc1ccc(C(=O)C(C)(C)C)cc1)N1C[C@@H](C)O[C@@H](C)C1,0.9992229,0.000777069
860,A4466,C[C@@H]1CCN(C[C@@](O)(Cn2cncn2)c2ccc(F)cc2F)CC1,0.9923381,0.007661868
861,A310,COc1ccc([C@@H](Cn2ccnc2)OCc2ccc(Cl)cc2)cc1,0.9996076,0.000392461
862,A2489,CN(C/C=C/c1ccccc1)Cc1cccc(F)c1,0.9994399,0.000560064
863,A2478,CN(C/C=C/c1ccc(Cl)cc1)Cc1ccccc1,0.99922943,0.000770559
864,A3302,CS[C@H](CCc1ccc(Cl)cc1)Cn1ccnc1,0.9914779,0.008522118
865,A766,CCC(C)(CC)c1ccc(CCN2C[C@@H](C)O[C@@H](C)C2)cc1,0.99970526,0.000294659
866,A2480,CN(CC/C=C/c1ccccc1)Cc1ccccc1,0.99911433,0.000885612
867,A5126,O=C([C@H](Oc1ccc(Cl)cc1)n1ccnc1)N1CCCCC1,0.99942374,0.000576319
868,A3139,COc1ccccc1CN(C)Cc1ccc(C)cc1,0.9991536,0.000846415
869,A866,C[C@H](Cc1ccc(CC(C)(C)C)cc1)CN1C[C@@H](C)O[C@@H](C)C1,0.9995546,0.000445423
870,A5039,O=C(Oc1ccc(Cl)cc1)[C@@H](CC1CC1)n1ccnc1,0.9993467,0.000653326
871,A918,C[C@H](CCc1ccc(C(C)(C)C)cc1)N1C[C@@H](C)O[C@@H](C)C1,0.9997521,0.000247848
872,A346,Brc1ccc(CO[C@H](Cn2ccnc2)c2ccccc2)cc1,0.99959403,0.000406034
873,A2531,CN(C/C=C/c1ccccc1Cl)Cc1ccccc1,0.9988856,0.00111442
874,A2585,CN(C/C=C/c1ccccc1)CCc1ccccn1,0.99914944,0.00085055
875,A2605,CN(C)CCOc1ccc2nc(CCCC(C)(C)C)sc2c1,0.99502426,0.004975762
876,A6180,CCCCN(C)C[C@H](O)c1ccc(SC(C)C)cc1,0.9946715,0.005328454
877,A2590,CN(C/C=C/c1ccc(F)cc1)Cc1ccccc1O,0.9992053,0.000794722
878,A4494,O=C1CCN(C[C@@](O)(Cn2cncn2)c2ccc(F)cc2F)C1,0.9971046,0.002895433
879,A646,OCCOc1ccccc1COc1ccc(Cl)cc1,0.99192905,0.008070969
880,A890,CCC(C)(C)c1ccc(C[C@H](C)CN2C(=O)COC(C)(C)C2=O)cc1,0.9996928,0.000307275
881,A901,C[C@@H](Cc1ccc([C@@H](C)O)cc1)CN1C[C@@H](C)O[C@H](C)C1,0.999331,0.000669039
882,A4504,O[C@@](CN1CCC(F)(F)CC1)(Cn1cncn1)c1ccc(F)cc1F,0.99275345,0.007246499
883,A5010,O=C([C@@H](Oc1ccc(Cl)cc1)n1ccnc1)N1CCCCC1,0.99942374,0.000576319
884,A5115,CC(C)(C)CC(=O)[C@H](Oc1ccc(F)cc1)n1ccnc1,0.9989618,0.001038234
885,A2552,CN(C/C=C/c1ccccc1)Cc1ccccc1N(C)C,0.9994222,0.00057785
886,A1187,CC(C)(C)OC(=O)c1cncn1[C@H]1CCCc2ccccc12,0.9979547,0.002045267
887,A4447,CN(C[C@@](O)(Cn1cncn1)c1ccc(F)cc1F)C1CC1,0.9970681,0.002931922
888,A876,CC[C@H](Cc1ccc(C(C)C)cc1)CN1C[C@H](C)O[C@H](C)C1,0.9996469,0.000353089
889,A6124,CCCCCCCCN[C@@H](C)[C@H](O)c1ccc(Cl)c(OC)c1,0.9927528,0.007247276
890,A6190,CCCCCCCCN[C@@H](C)[C@@H](O)c1cccc(Cl)c1,0.99604225,0.003957782
891,A4437,CN(Cc1ccccn1)C[C@](O)(Cn1cncn1)c1ccc(F)cc1F,0.9962166,0.003783457
892,A2148,C[C@H](Cc1ccccc1)N(C)C(=S)Oc1ccc2c(c1)CCC2,0.99768746,0.002312495
893,A4525,O[C@@](CNC1CCC1)(Cn1cncn1)c1ccc(F)cc1F,0.996962,0.003037975
894,A898,CCC(C)(CC)c1ccc(C[C@@H](O)CN2C[C@@H](C)O[C@@H](C)C2)nc1,0.99598134,0.004018609
895,A5090,CCC[C@H](C)C(=O)[C@@H](Oc1ccc(Cl)cc1)n1ccnc1,0.9955686,0.004431413
896,A2915,CCN(CC)C(=O)c1cccc([C@](O)(c2ccc(Cl)cc2)C2CC2)c1,0.99092746,0.009072545
897,A893,C[C@@H](Cc1ccc(C2CCCC2)cc1)CN1C[C@@H](C)O[C@@H](C)C1,0.9994411,0.00055888
898,A6107,CCCCCCCCN[C@@H](C)[C@@H](O)c1cccc(C)c1,0.99604225,0.003957782
899,A2549,Cc1ccccc1/C=C/CN(C)Cc1ccccc1,0.9902402,0.009759772
900,A2511,CN(C/C=C/c1ccccc1)CCc1ccccc1,0.99906176,0.000938272
901,A6043,CCCCCCCCN[C@H](C)[C@@H](O)c1cccc(C)c1,0.99604225,0.003957782
902,A628,CCCN(CCO)CCOc1ccc(Cl)cc1,0.99794227,0.002057744
903,A1332,CN(C)CCNC(=O)[C@H]1c2ccccc2CCc2cc(Cl)cc(Cl)c12,0.9980708,0.001929205
904,A1844,Cc1ccc(C(C)(C)C)c(O[C@H](Cn2ccnc2)C(=O)C(C)C)c1,0.99868375,0.0013163
905,A1833,Cc1cccc(O[C@H](Cn2ccnc2)C(=O)C(C)(C)C)c1,0.99959725,0.00040277
906,A5042,CCC(CC)C(=O)[C@H](Oc1ccc(F)cc1)n1ccnc1,0.99781406,0.002185915
907,A1800,CCN(CC)C[C@@H](Oc1ccc(Cl)cc1Cl)C(=O)C(C)(C)C,0.99829036,0.001709661
908,A843,CC[C@@H](Cc1ccc(CC(C)(C)C)cc1)N1C[C@@H](C)O[C@@H](C)C1,0.99920315,0.00079693
909,A6027,CC(C)CCN[C@H](C)[C@@H](O)c1ccc(SC(C)C)cc1,0.9931619,0.006838092
910,A5118,CCCC(C)(C)C(=O)[C@H](Oc1ccccc1Cl)n1ccnc1,0.99572253,0.004277431
911,A6012,CCCCCCCCN[C@H](C)[C@H](OC)c1ccc(OC)cc1,0.9998154,0.000184656
912,A2099,O=C(O[C@H](Cn1ccnc1)c1ccc(Cl)cc1Cl)C1CCC1,0.9994185,0.000581465
913,A2108,Clc1ccc([C@H](Cn2ccnc2)OC/C=C/C2CC2)c(Cl)c1,0.99471986,0.005280094
914,A1775,CC(C)C[C@@H](Oc1ccc(Cl)cc1Cl)C(=O)CCn1ccnc1,0.99887437,0.001125601
915,A1663,CCN(CC)CCOC(=O)c1nc(c2ccccc2)ccc1OC,0.99970526,0.000294766
916,A2111,CCC(CC)O[C@H](Cn1ccnc1)c1ccc(F)cc1Cl,0.9965938,0.003406242
917,A1645,CCN(CC)CCOC(=O)C1=Cc2ccccc2[OH+]C1=O,0.9908025,0.009197466
918,A2574,C/C(=C\c1ccccc1)/CN(C)C/C=C/c1ccccc1,0.99824214,0.001757886
919,A1618,CCN(CC)CCOC(=O)c1c(OC)cccc1OCc1ccccc1,0.9998264,0.000173639
920,A4328,Cc1ccc(C(C)(C)c2ccc(OC[C@H](O)COC(=O)N)cc2)cc1,0.9994235,0.000576575
921,A3355,CC(C)S[C@@H](CCc1ccc(Cl)cc1)Cn1ccnc1,0.9985367,0.001463351
922,A1573,CN1CN(Cc2ccccc2)/C(=N/Cc2ccccc2)/S1,0.99979323,0.000206813
923,A3415,CCC(CC)O/N=C(\Cn1ccnc1)/c1ccc(Cl)cc1Cl,0.9949779,0.005022127
924,A5130,CCC(C)(C)C(=O)[C@@H](Oc1ccccc1C)n1ccnc1,0.9977754,0.002224668
925,A2514,COc1ccc(CN(C)C/C=C/c2ccccc2)cc1,0.9997969,0.000203064
926,A4313,CCCc1cc(Cl)ccc1OC[C@@H](O)COC(=O)N,0.9947753,0.005224656
927,A1625,CCN(CC)C[C@H](C)Oc1ccccc1c1ccccc1,0.9964148,0.003585222
928,A1831,CC(C)(C)C(=O)[C@H](Cn1ccnc1)Oc1cc(Cl)c(Cl)cc1Cl,0.99618137,0.003818664