LIGAND_ENTRY,smiles,es,hs,HA_num,RingSystem_num,Ring_num,rule_of_five
A3244_entry_00104_conf_01,CN(C)CCCOc1ccc(CN(C)Cc2cccc3ccccc23)cc1,0.9964161,0.003583846,27,2,3,1
A1732_entry_00162_conf_01,CCCN(CCC)CCOC(=O)Cc1ccccc1c1ccccc1,0.99972016,0.000279807,25,2,2,1
A5576_entry_00238_conf_01,Nc1ncccc1c1cc(Cc2ccc(COCCN3CCCC3)cc2)no1,0.99489367,0.005106311,28,4,4,1
A4678_entry_00282_conf_01,CN1CCN(C/C=C/CN(C)Cc2cccc3ccccc23)CC1,0.9968573,0.003142756,24,2,3,1
A3201_entry_00061_conf_01,CN(Cc1ccc(CCCN)cc1)Cc1cccc2ccccc12,0.9979734,0.002026574,24,2,3,1
A3121_entry_00295_conf_01,OCCCc1ccc(CO[C@@H](Cn2ccnc2)c2ccc(F)cc2Cl)cc1,0.9968262,0.0031739,27,3,3,1
A3250_entry_00110_conf_01,CN(C)CCCN(Cc1ccccc1)Cc1cccc2ccccc12,0.99232787,0.007672131,25,2,3,1
A3213_entry_00073_conf_01,COC(=O)CCc1ccc(CN(C)Cc2cccc3ccccc23)cc1,0.9996166,0.000383341,26,2,3,1
A3254_entry_00114_conf_01,CN(C)Cc1ccc(CN(C)Cc2cccc3ccccc23)cc1,0.9965519,0.003448109,24,2,3,1
A3253_entry_00113_conf_01,CN(Cc1ccc(CCCCN)cc1)Cc1cccc2ccccc12,0.9961842,0.003815777,25,2,3,1
A3266_entry_00126_conf_01,CN(C)CCc1ccc(CN(C)Cc2cccc3ccccc23)cc1,0.99579525,0.004204726,25,2,3,1
A4449_entry_00053_conf_01,O[C@](CN1CCN(Cc2cccs2)CC1)(Cn1cncn1)c1ccc(F)cc1F,0.9924435,0.007556436,29,4,4,1
A3181_entry_00041_conf_01,CC(=O)N(C)Cc1ccc(CN(C)Cc2cccc3ccccc23)cc1,0.99949265,0.000507297,26,2,3,1
A3243_entry_00103_conf_01,C[C@H](O)c1ccc(CN(C)Cc2cccc3ccccc23)cc1,0.99759763,0.002402372,23,2,3,1
A5586_entry_00248_conf_01,COC(=O)CC1CCN(Cc2ccc(Cc3cc(c4cccnc4N)on3)cc2)CC1,0.998173,0.001826993,31,4,4,1
A3223_entry_00083_conf_01,CN(C)CCOc1ccc(CN(C)Cc2cccc3ccccc23)cc1,0.9989017,0.001098234,26,2,3,1
A3210_entry_00070_conf_01,CCN(Cc1ccc(C(=O)O)cc1)Cc1cccc2ccccc12,0.99966013,0.000339899,24,2,3,1
A2619_entry_00107_conf_01,OCCc1ccc(CO[C@@H](Cn2ccnc2)c2ccc(Cl)cc2Cl)cc1,0.9977495,0.002250514,26,3,3,1
A4533_entry_00137_conf_01,CCc1ccc(CO[C@@H](Cn2ccnc2)c2ccc(F)cc2F)c(F)c1,0.99932754,0.00067253,26,3,3,1
A3228_entry_00088_conf_01,CN(Cc1ccc(C(F)(F)F)cc1)Cc1ccnc2ccccc12,0.99979883,0.000201221,24,2,3,1
A4686_entry_00290_conf_01,C[C@@H]1CCN(C/C=C/CN(C)Cc2cccc3ccccc23)CC1,0.99468166,0.005318304,24,2,3,1
A2477_entry_00279_conf_01,CN(CCCc1ccccc1)Cc1cccc2ccccc12,0.9988857,0.001114322,22,2,3,1
A1947_entry_00063_conf_01,C=CCN(CC=C)Cc1nc2ccccc2n1Cc1ccc(Cl)cc1,0.99866235,0.00133764,25,2,3,1
A3174_entry_00034_conf_01,CN(Cc1ccc(C(F)(F)F)cc1)Cc1cccc2cccnc12,0.9997904,0.000209619,24,2,3,1
A3249_entry_00109_conf_01,CN(Cc1ccc(CCCO)cc1)Cc1cccc2ccccc12,0.99957234,0.00042762,24,2,3,1
A4451_entry_00055_conf_01,O[C@](CNCCc1ccccn1)(Cn1cncn1)c1ccc(F)cc1F,0.99868315,0.001316868,26,3,3,1
A3308_entry_00168_conf_01,COc1ccc(CC[C@@H](Cn2ccnc2)Sc2ccc(C)cc2)cc1,0.99347246,0.006527584,25,3,3,1
A5569_entry_00231_conf_01,COC1CCN(Cc2ccc(Cc3cc(c4cccnc4N)on3)cc2)CC1,0.99643624,0.003563755,28,4,4,1
A3214_entry_00074_conf_01,CN(Cc1ccc(CCN)cc1)Cc1cccc2ccccc12,0.99738127,0.002618666,23,2,3,1
A5574_entry_00236_conf_01,Nc1ncccc1c1cc(Cc2ccc(COCCN3CCCCC3)cc2)no1,0.99406505,0.005934956,29,4,4,1
A5565_entry_00227_conf_01,Nc1ncccc1c1cc(Cc2ccc(OCCN3CCCCC3)cc2)no1,0.9955051,0.004494911,28,4,4,1
A702_entry_00074_conf_01,Cc1ccc(CO[C@@H](Cn2ccnc2)c2ccc(F)cc2Cl)cc1,0.9996911,0.000308932,24,3,3,1
A2569_entry_00057_conf_01,CN(CCc1ccccc1)Cc1cccc2ccccc12,0.99864787,0.001352179,21,2,3,1
A3206_entry_00066_conf_01,CN(Cc1ccc2ccccc2c1)Cc1ccccc1CO,0.99917173,0.000828272,22,2,3,1
A4532_entry_00136_conf_01,Cc1ccc(CO[C@@H](Cn2ccnc2)c2ccc(F)cc2F)c(F)c1,0.9996333,0.000366636,25,3,3,1
A3204_entry_00064_conf_01,CC(C)N(Cc1ccc(C(=O)O)cc1)Cc1cccc2ccccc12,0.9989686,0.0010314,25,2,3,1
A2594_entry_00082_conf_01,CN(Cc1cccc2ccccc12)C[C@H](O)Cc1ccccc1,0.99929714,0.000702868,23,2,3,1
A2471_entry_00273_conf_01,CN(CCCc1cccc2ccccc12)Cc1ccccc1,0.99811745,0.001882556,22,2,3,1
A3129_entry_00303_conf_01,Fc1ccc(CS[C@@H](Cn2ccnc2)c2ccc(F)cc2)cc1,0.9998023,0.000197753,23,3,3,1
A4700_entry_00304_conf_01,C[C@H](O)CC/C=C/CN(C)Cc1cccc2ccccc12,0.99623114,0.003768842,21,1,2,1
A708_entry_00080_conf_01,COc1ccc(CO[C@@H](Cn2ccnc2)c2ccc(C)cc2Cl)cc1,0.99955326,0.000446698,25,3,3,1
A3183_entry_00043_conf_01,CN(Cc1ccc(C(F)(F)F)cc1)Cc1cccc2cnccc12,0.9997687,0.000231363,24,2,3,1
A53_entry_00053_conf_01,Fc1cc(C(F)(F)F)ccc1CO[C@@H](Cn1ccnc1)c1ccccc1,0.9989404,0.001059552,26,3,3,1
A3172_entry_00032_conf_01,CCOc1cccc(CN(C)Cc2cccc3ccccc23)c1,0.9992262,0.000773728,23,2,3,1
A1832_entry_00262_conf_01,CCCC[C@H](Oc1ccc(Cl)cc1Cl)C(=O)[C@H](Cn1ccnc1)N(C)C,0.9940606,0.005939385,26,2,2,1
A2633_entry_00121_conf_01,Cc1ccc(CCO[C@H](Cn2ccnc2)c2ccc(F)cc2F)cc1,0.9993345,0.000665484,25,3,3,1
A3132_entry_00306_conf_01,Fc1ccc(CS[C@@H](Cn2ccnc2)c2ccccc2F)cc1,0.9996537,0.000346261,23,3,3,1
A3234_entry_00094_conf_01,CCCN(Cc1ccc(C(=O)O)cc1)Cc1cccc2ccccc12,0.99926263,0.000737411,25,2,3,1
A3336_entry_00196_conf_01,Cc1ccc(O[C@H](CCc2ccc(Cl)cc2)Cn2ccnc2)cc1,0.9983966,0.001603365,24,3,3,1
A2512_entry_00314_conf_01,CN(C)C/C=C/CN(C)Cc1cccc2ccccc12,0.9951787,0.004821322,20,1,2,1
A3153_entry_00013_conf_01,CN(Cc1ccc(C(F)(F)F)cc1)Cc1cccc2ccncc12,0.9997732,0.000226805,24,2,3,1
A3155_entry_00015_conf_01,Cc1ccccc1CN(C)Cc1cccc2ccccc12,0.9974492,0.002550724,21,2,3,1
A2567_entry_00055_conf_01,CCN(C)C/C=C/CN(C)Cc1cccc2ccccc12,0.9936207,0.006379247,21,1,2,1
A1734_entry_00164_conf_01,CCN(CC)CCOC(=O)c1cc(Br)ccc1OCc1ccccc1,0.9998491,0.000150878,25,2,2,1
A3267_entry_00127_conf_01,CC(C)N(Cc1ccc(CO)cc1)Cc1cccc2ccccc12,0.9983524,0.001647601,24,2,3,1
A3231_entry_00091_conf_01,COc1cc2ccccc2cc1CN(C)Cc1ccc(C)cc1,0.9974746,0.002525352,23,2,3,1
A3330_entry_00190_conf_01,N#Cc1ccc(CO[C@H](CCc2ccc(Cl)cc2)Cn2ccnc2)cc1,0.9935939,0.006406176,26,3,3,1
A4718_entry_00008_conf_01,CCCCNC/C=C/CN(C)Cc1cccc2ccccc12,0.99798906,0.002010902,22,1,2,1
A4723_entry_00013_conf_01,C[C@H](O)C/C=C/CN(C)Cc1cccc2ccccc12,0.9978941,0.002105947,20,1,2,1
A3230_entry_00090_conf_01,COc1ccc2ccccc2c1CN(C)Cc1ccc(C)cc1,0.9969791,0.003020891,23,2,3,1
A3232_entry_00092_conf_01,CC(=O)c1ccc(CN(C)Cc2cccc3ccccc23)cc1,0.9994429,0.000557115,23,2,3,1
A3219_entry_00079_conf_01,CC(=O)c1cccc(CN(C)Cc2cccc3ccccc23)c1,0.99939454,0.0006054,23,2,3,1
A3195_entry_00055_conf_01,CN(Cc1ccc(CO)cc1)Cc1cccc2ccccc12,0.99898416,0.00101581,22,2,3,1
A3259_entry_00119_conf_01,CN(Cc1ccc(CC#N)cc1)Cc1cccc2ccccc12,0.9994337,0.000566227,23,2,3,1
A3207_entry_00067_conf_01,CN(Cc1cccc(CN)c1)Cc1cccc2ccccc12,0.99624336,0.003756604,22,2,3,1
A1635_entry_00065_conf_01,CC(C)N(CCCN)CCOC(=O)c1ccc(c2ccccc2)cc1O,0.99792296,0.002077012,26,2,2,1
A3122_entry_00296_conf_01,CCOC[C@@H](Cn1ccnc1)OCc1ccc(Sc2ccccc2)cc1,0.9989587,0.001041328,26,3,3,1
A1260_entry_00004_conf_01,Clc1ccc(OCCCO[C@H](Cn2ccnc2)c2ccccc2)cc1,0.9980977,0.001902304,25,3,3,1
A4482_entry_00086_conf_01,CC(C)N(Cc1ncn(C[C@](O)(Cn2cncn2)c2ccc(F)cc2F)n1)C(C)C,0.99731123,0.002688767,30,3,3,1
A1710_entry_00140_conf_01,CCN(CC)CCOC(=O)c1ccccc1Cc1ccccc1,0.9996055,0.000394567,23,2,2,1
A3188_entry_00048_conf_01,CN(Cc1cccc(CO)c1)Cc1cccc2ccccc12,0.9989235,0.001076496,22,2,3,1
A1638_entry_00068_conf_01,CCCN(CCC)CCOC(=O)c1ccc(c2ccccc2)cc1OC,0.9997522,0.000247822,26,2,2,1
A3205_entry_00065_conf_01,COC(=O)c1ccc(CN(C)Cc2ccc(C)c3ccccc23)cc1,0.99960333,0.000396656,25,2,3,1
A2596_entry_00084_conf_01,CCN(Cc1ccccc1OC)Cc1cccc2ccccc12,0.9997545,0.000245473,23,2,3,1
A3295_entry_00155_conf_01,Clc1ccc(CC[C@H](Cn2ccnc2)OCc2ccccc2)cc1,0.993598,0.006401979,24,3,3,1
A3255_entry_00115_conf_01,CCOc1ccccc1CN(C)Cc1cccc2ccccc12,0.9993686,0.000631442,23,2,3,1
A3270_entry_00130_conf_01,CN(Cc1ccc(Cl)cc1)Cc1ccc(CN)c2ccccc12,0.9938081,0.00619194,23,2,3,1
A4472_entry_00076_conf_01,CN(Cc1ccncc1)C[C@@](O)(Cn1cncn1)c1ccc(F)cc1F,0.9967752,0.003224783,26,3,3,1
A38_entry_00038_conf_01,OCCNC[C@H](OCc1ccc(C(F)(F)F)cc1)c1ccc(Cl)cc1Cl,0.9987436,0.001256445,26,2,2,1
A3095_entry_00269_conf_01,Clc1ccc([C@H](CCn2ccnc2)OCCc2ccccc2)cc1,0.9905814,0.009418567,24,3,3,1
A374_entry_00060_conf_01,OCCc1cn(C[C@H](OCc2ccc(Cl)cc2)c2ccc(Cl)cc2)cn1,0.9983728,0.001627224,26,3,3,1
A5591_entry_00253_conf_01,CO[C@@H]1CCCN(Cc2ccc(Cc3cc(c4cccnc4N)on3)cc2)C1,0.99572456,0.00427549,28,4,4,1
A373_entry_00059_conf_01,CC(=O)c1ccc([C@@H](Cn2ccnc2)OCc2ccc(F)cc2)cc1,0.9994696,0.000530419,25,3,3,1
A3160_entry_00020_conf_01,COC(=O)c1cccc(CN(C)Cc2cccc3ccccc23)c1,0.9994956,0.000504355,24,2,3,1
A3218_entry_00078_conf_01,CN(Cc1ccccc1)Cc1cc(C#N)cc2ccccc12,0.995455,0.004544933,22,2,3,1
A4586_entry_00190_conf_01,Clc1ccc([C@@H](Cn2ccnc2)OCCNCc2ccccc2)c(Cl)c1,0.99161935,0.008380576,26,3,3,1
A3194_entry_00054_conf_01,CN(Cc1ccccc1CO)Cc1cccc2ccccc12,0.99912053,0.000879426,22,2,3,1
A267_entry_00267_conf_01,Cc1ccc([C@H](Cn2ccnc2)OCc2ccc(Cl)cc2F)cc1,0.99909437,0.000905644,24,3,3,1
A3326_entry_00186_conf_01,Clc1ccc(CC[C@@H](Cn2ccnc2)SCc2ccccn2)cc1,0.9953113,0.004688694,24,3,3,1
A1599_entry_00029_conf_01,CCCN(CCC)CCOC(=O)c1cc(c2ccccc2)ccc1OC,0.9997992,0.000200824,26,2,2,1
A1613_entry_00043_conf_01,CCN(CC)CCOC(=O)c1ccc(OCc2ccccc2)cc1,0.99983704,0.000162962,24,2,2,1
A4510_entry_00114_conf_01,CCCN(Cc1ccco1)C[C@@](O)(Cn1cncn1)c1ccc(F)cc1F,0.9922192,0.007780868,27,3,3,1
A4277_entry_00195_conf_01,COc1ccc(CO[C@H](COC(=O)N)OC[C@H](O)COc2ccc(Cl)cc2)cc1,0.9979657,0.002034324,29,2,2,0
A4677_entry_00281_conf_01,CN(CC#CCOC(C)(C)C)Cc1cccc2ccccc12,0.9946016,0.005398444,22,1,2,1
A3171_entry_00031_conf_01,CCOc1ccc(CN(C)Cc2cccc3ccccc23)cc1,0.9995907,0.000409323,23,2,3,1
A5577_entry_00239_conf_01,CC(=O)N1CCC(Cc2ccc(Cc3cc(c4cccnc4N)on3)cc2)CC1,0.9915005,0.008499529,29,4,4,1
A4714_entry_00004_conf_01,COC(=O)C/C=C/CN(C)Cc1cccc2ccccc12,0.9962919,0.003708201,21,1,2,1
A790_entry_00162_conf_01,CCC(C)(C)c1ccc(CCCN2C[C@@H](C)O[C@@H](C)C2)c(C)c1,0.9990576,0.00094245,23,2,2,1
A1605_entry_00035_conf_01,CCCN(CCC)CCOC(=O)c1cccc2ccccc12,0.9994615,0.000538504,22,1,2,1
A3252_entry_00112_conf_01,CN(Cc1cccc(F)c1F)Cc1cccc2ccccc12,0.99848515,0.001514913,22,2,3,1
A3199_entry_00059_conf_01,CN(Cc1ncccc1C(F)(F)F)Cc1cccc2ccccc12,0.99980503,0.000195028,24,2,3,1
A4679_entry_00283_conf_01,CN(C/C=C/C(=O)C(C)(C)C)Cc1cccc2ccccc12,0.99688524,0.003114716,22,1,2,1
A4452_entry_00056_conf_01,O[C@@](CNCc1ccc(F)cc1)(Cn1cncn1)c1ccc(F)cc1F,0.9986524,0.001347598,26,3,3,1
A1846_entry_00276_conf_01,CC[C@H](Oc1ccc(Cl)cc1Cl)C(=O)[C@@H](Cn1ccnc1)N1CCOCC1,0.9996431,0.000356903,27,3,3,1
A4489_entry_00093_conf_01,O[C@](CNCCc1cnc[nH]1)(Cn1cncn1)c1ccc(F)cc1F,0.99915075,0.000849257,25,3,3,1
A3278_entry_00138_conf_01,CCCCc1ccc(C(=O)OC[C@H](COC(=O)C)OC(=O)C)cc1,0.99982387,0.000176211,24,1,1,1
A1565_entry_00309_conf_01,c1ccc(CN2C[C@H](c3ccccc3)N(Cc3ccccc3)C2)cc1,0.9970298,0.002970217,25,4,4,1
A715_entry_00087_conf_01,OCc1ccc(CO[C@H](Cn2ccnc2)c2ccc(Cl)cc2Cl)cc1,0.99817955,0.001820478,25,3,3,1
A271_entry_00271_conf_01,Cc1ccc(CO[C@H](Cn2ccnc2)c2ccc(Cl)cc2)cc1,0.9996074,0.000392647,23,3,3,1
A4531_entry_00135_conf_01,CC(C)N(Cc1nccn1C[C@@](O)(Cn1cncn1)c1ccc(F)cc1F)C(C)C,0.99498534,0.005014598,30,3,3,1
A3349_entry_00209_conf_01,COc1cccc(OC)c1O[C@@H](CCc1ccc(Cl)cc1)Cn1ccnc1,0.99611217,0.003887878,27,3,3,1
A3360_entry_00220_conf_01,Cc1ccccc1O[C@@H](CCc1ccc(Cl)cc1)Cn1ccnc1,0.99636143,0.003638584,24,3,3,1
A4492_entry_00096_conf_01,O[C@](CNCCn1ccnc1)(Cn1cncn1)c1ccc(F)cc1F,0.99918,0.000819976,25,3,3,1
A3069_entry_00243_conf_01,Clc1ccc([C@H](Cn2ccnc2)OCCCOc2ccccc2)cc1,0.99852175,0.001478253,25,3,3,1
A4288_entry_00206_conf_01,Cc1ccc(CCO[C@H](COC(=O)N)OC[C@@H](O)COc2ccc(Cl)cc2)cc1,0.9972832,0.002716749,29,2,2,0
A4521_entry_00125_conf_01,O[C@](CN1CCN(Cc2nccs2)CC1)(Cn1cncn1)c1ccc(F)cc1F,0.9924942,0.007505802,29,4,4,1
A4463_entry_00067_conf_01,CCN(Cc1ccccn1)C[C@@](O)(Cn1cncn1)c1ccc(F)cc1F,0.99579585,0.004204134,27,3,3,1
A257_entry_00257_conf_01,FC(F)(F)c1ccc([C@@H](Cn2ccnc2)OCc2ccccc2)cc1,0.9963811,0.003618926,25,3,3,1
A3063_entry_00237_conf_01,Fc1ccc(CCO[C@H](Cn2ccnc2)c2ccc(Cl)cc2)cc1,0.9991359,0.000864097,24,3,3,1
A3305_entry_00165_conf_01,COc1ccc(CC[C@@H](Cn2ccnc2)Sc2ccccc2)cc1,0.9917414,0.008258539,24,3,3,1
A3263_entry_00123_conf_01,CN(Cc1ccc(Cl)cc1)Cc1ccc(CO)c2ccccc12,0.99839777,0.001602224,23,2,3,1
A3374_entry_00234_conf_01,N#Cc1ccc(S[C@@H](CCc2ccccc2)Cn2ccnc2)cc1,0.9967223,0.003277729,24,3,3,1
A3102_entry_00276_conf_01,Fc1ccc([C@@H](Cn2ccnc2)OCc2cc(F)ccc2Cl)cc1,0.99953425,0.000465722,24,3,3,1
A6053_entry_00087_conf_01,CC(C)Sc1ccc([C@@H](O)[C@@H](C)NCCCc2ccccc2)cc1,0.9960238,0.003976149,24,2,2,1
A266_entry_00266_conf_01,Fc1ccc([C@H](Cn2ccnc2)OCc2ccccc2Cl)cc1,0.9989184,0.001081629,23,3,3,1
A4440_entry_00044_conf_01,O[C@](CNCCc1ccccc1)(Cn1cncn1)c1ccc(F)cc1F,0.99856097,0.001439104,26,3,3,1
A3379_entry_00239_conf_01,Fc1cccc(F)c1O[C@H](CCc1ccc(Cl)cc1)Cn1ccnc1,0.99414706,0.005852978,25,3,3,1
A324_entry_00010_conf_01,COc1ccc([C@@H](Cn2ccnc2)OCc2ccc(Cl)cc2F)cc1,0.99960154,0.000398481,25,3,3,1
A1639_entry_00069_conf_01,CC(C)N(CCCN)CCOC(=O)c1cc(c2ccccc2)ccc1O,0.9983827,0.001617304,26,2,2,1
A361_entry_00047_conf_01,OCc1ccc(CO[C@@H](Cn2ccnc2)c2ccc(Cl)cc2)cc1,0.99861264,0.001387396,24,3,3,1
A3189_entry_00049_conf_01,CN(Cc1ccc(C(F)(F)F)cc1)Cc1cccc2cc[nH]c12,0.999744,0.000255983,23,2,3,1
A3198_entry_00058_conf_01,CN(Cc1ccc(C(F)(F)F)cc1)Cc1cccc2[nH]ccc12,0.9997384,0.000261645,23,2,3,1
A2639_entry_00127_conf_01,Cc1ccc(CO[C@@H](CCn2ccnc2)c2ccc(F)cc2F)cc1,0.99960166,0.000398302,25,3,3,1
A1559_entry_00303_conf_01,CC(C)Cc1ccc(CN2CN(Cc3ccccc3)CSC2=O)cc1,0.99422944,0.005770603,25,3,3,1
A3114_entry_00288_conf_01,Cc1ccc(CO[C@H](Cn2ccnc2)c2ccc(F)cc2Cl)cc1,0.9996911,0.000308932,24,3,3,1
A3109_entry_00283_conf_01,Cc1ccc(C(=O)CO[C@@H](Cn2ccnc2)c2ccc(Cl)cc2)cc1,0.99973446,0.000265522,25,3,3,1
A1742_entry_00172_conf_01,O=C([C@@H](Cn1ccnc1)Oc1ccc(Cl)cc1Cl)N1CCCCC1,0.9994049,0.000595048,24,3,3,1
A3135_entry_00309_conf_01,Cc1ccc(CS[C@@H](Cn2ccnc2)c2ccccc2)cc1,0.99972206,0.000277892,22,3,3,1
A6115_entry_00149_conf_01,CC(C)Sc1ccc([C@H](O)[C@H](C)NCCCc2ccccc2)cc1,0.9960238,0.003976149,24,2,2,1
A3120_entry_00294_conf_01,Cc1ccc([C@@H](Cn2ccnc2)OCc2ccc(F)cc2)c(Cl)c1,0.99937004,0.000630011,24,3,3,1
A372_entry_00058_conf_01,CC(=O)c1ccc(CO[C@H](Cn2ccnc2)c2ccc(Cl)cc2)cc1,0.99972254,0.000277473,25,3,3,1
A2490_entry_00292_conf_01,CN(C/C=C/c1ccccc1)Cc1cccc2c1CCC2,0.99946564,0.00053442,21,2,3,1
A2589_entry_00077_conf_01,CN(Cc1ccccn1)Cc1cccc2ccccc12,0.997764,0.002236034,20,2,3,1
A1721_entry_00151_conf_01,CCN(CC)CC[C@H](C)OC(=O)c1cccc2ccccc12,0.99852186,0.001478141,22,1,2,1
A268_entry_00268_conf_01,Fc1ccccc1CO[C@H](Cn1ccnc1)c1ccc(Cl)cc1,0.99787986,0.002120196,23,3,3,1
A2083_entry_00199_conf_01,CCc1cn(C[C@@H](O[C@H](C)Cn2ccnc2)c2ccc(Cl)cc2Cl)cn1,0.99762625,0.002373768,26,3,3,1
A3127_entry_00301_conf_01,Fc1ccc(CS[C@H](Cn2ccnc2)c2ccccc2)cc1,0.9996935,0.000306476,22,3,3,1
A3225_entry_00085_conf_01,CN(Cc1ccc(CN)cc1)Cc1cccc2ccccc12,0.9960938,0.003906164,22,2,3,1
A6121_entry_00155_conf_01,CCCCCCCCN[C@H](C)[C@@H](O)c1cc(OC)cc(OC)c1,0.99384165,0.006158342,23,1,1,0
A3144_entry_00004_conf_01,Cc1cccc(CN(C)Cc2cccc3ccccc23)c1,0.9991233,0.000876693,21,2,3,1
A2576_entry_00064_conf_01,CN(Cc1cccc(C#N)c1)Cc1cccc2ccccc12,0.99895513,0.001044855,22,2,3,1
A3177_entry_00037_conf_01,CN(Cc1ccc(C(F)(F)F)cc1)Cc1cccc2ncccc12,0.99978405,0.000215967,24,2,3,1
A3062_entry_00236_conf_01,Cc1ccc(O[C@@H](Cn2ccnc2)c2ccc(Cl)cc2)c(C)c1,0.9982949,0.001705117,23,3,3,1
A3339_entry_00199_conf_01,COc1ccc(CC[C@@H](Cn2ccnc2)Sc2ccccc2OC)cc1,0.9937814,0.006218664,26,3,3,1
A3490_entry_00036_conf_01,C[C@@H](N1CCN(C(=O)OC(C)(C)C)CC1)[C@](O)(Cn1cncn1)c1ccc(F)cc1F,0.99373055,0.006269448,31,3,3,1
A1240_entry_00298_conf_01,CCOC(=O)C[C@@H]1CN(C(=O)c2cncn2[C@@H]2CCCc3ccccc23)C1,0.9985537,0.001446342,27,3,4,1
A6013_entry_00047_conf_01,CC(C)Sc1ccc([C@H](O)[C@@H](C)NCCCc2ccccc2)cc1,0.9960238,0.003976149,24,2,2,1
A3346_entry_00206_conf_01,COc1ccc(OC)c(O[C@@H](CCc2ccc(Cl)cc2)Cn2ccnc2)c1,0.9971723,0.002827734,27,3,3,1
A4312_entry_00230_conf_01,COc1ccc(CCC(=O)OC[C@H](O)COc2ccc(Cl)cc2)cc1,0.9998635,0.00013648,25,2,2,1
A307_entry_00307_conf_01,Fc1ccccc1CO[C@@H](Cn1ccnc1)c1ccc(Cl)cc1,0.99787986,0.002120196,23,3,3,1
A37_entry_00037_conf_01,FC(F)(F)c1ccc(CO[C@@H](Cn2ccnc2)c2ccccc2)cc1,0.99959666,0.000403366,25,3,3,1
A334_entry_00020_conf_01,Clc1ccc([C@H](Cn2ccnc2)OCCc2ccccc2)cc1,0.9971372,0.002862843,23,3,3,1
A4713_entry_00003_conf_01,CSCCCCN(C)Cc1cccc2ccccc12,0.99732935,0.002670613,19,1,2,1
A3216_entry_00076_conf_01,CC(=O)N(C)c1ccc(CN(C)Cc2cccc3ccccc23)cc1,0.9995902,0.000409848,25,2,3,1
A2379_entry_00181_conf_01,c1ccc([C@@H](Cn2ccnc2)c2ccc(OCCN3CCCC3)cc2)cc1,0.9948796,0.005120383,27,4,4,1
A2499_entry_00301_conf_01,CN(C/C=C/c1ccccc1)Cc1cccc2c1CCCC2,0.99946505,0.000534942,22,2,3,1
A445_entry_00131_conf_01,C/C=C\[C@H](c1ccccc1OCc1cccc(F)c1)n1ccnc1,0.9903058,0.009694221,24,3,3,1
A1634_entry_00064_conf_01,CCN(CC)CCCCOC(=O)c1cccc2ccccc12,0.99754995,0.002450058,22,1,2,1
A388_entry_00074_conf_01,Clc1ccc([C@@H](Cn2ccnc2)OCCOCc2ccccc2)cc1,0.999138,0.000861978,25,3,3,1
A1726_entry_00156_conf_01,CCN(CC)CCOC(=O)c1c(O)c2ccccc2n1Cc1ccccc1,0.9910086,0.008991426,27,2,3,1
A4453_entry_00057_conf_01,CN(Cc1cccs1)C[C@@](O)(Cn1cncn1)c1ccc(F)cc1F,0.99829787,0.001702174,25,3,3,1
A4435_entry_00039_conf_01,CN(Cc1ccccc1)C[C@@](O)(Cn1cncn1)c1ccc(F)cc1F,0.99640924,0.003590744,26,3,3,1
A3236_entry_00096_conf_01,CNCc1ccc(CN(C)Cc2cccc3ccccc23)cc1,0.996367,0.003633058,23,2,3,1
A2530_entry_00018_conf_01,CN(C/C=C/c1ccccc1)Cc1cccc2c1CCC[C@H]2O,0.99958295,0.000417093,23,2,3,1
A367_entry_00053_conf_01,FC(F)(F)c1ccc([C@H](Cn2ccnc2)OCc2ccccc2)cc1,0.9963811,0.003618926,25,3,3,1
A4301_entry_00219_conf_01,CC(C)(Cc1ccccc1)C(=O)OC[C@@H](O)COc1ccc(Cl)cc1,0.99985886,0.000141157,25,2,2,1
A48_entry_00048_conf_01,Fc1ccc(CO[C@@H](Cn2ccnc2)c2ccccc2Cl)cc1,0.9994368,0.000563152,23,3,3,1
A3141_entry_00001_conf_01,COc1ccccc1CN(C)Cc1cccc2ccccc12,0.9992593,0.000740672,22,2,3,1
A4294_entry_00212_conf_01,CCc1ccc(C[C@H](COC(=O)N)OC[C@H](O)COc2ccc(Cl)cc2)cc1,0.9927585,0.007241514,28,2,2,0
A3296_entry_00156_conf_01,Cc1ccc(S[C@H](CCc2ccccc2)Cn2ccnc2)cc1,0.9993734,0.00062669,23,3,3,1
A2351_entry_00153_conf_01,CC(C)CC(=O)c1ccc([C@H](Cn2ccnc2)c2ccccc2)cc1,0.99300945,0.006990613,25,3,3,1
A4448_entry_00052_conf_01,CCN(Cc1ccccc1)C[C@](O)(Cn1cncn1)c1ccc(F)cc1F,0.9962463,0.003753651,27,3,3,1
A3373_entry_00233_conf_01,COc1ccccc1O[C@@H](CCc1ccc(Cl)cc1)Cn1ccnc1,0.9962071,0.003792888,25,3,3,1
A3229_entry_00089_conf_01,CN(Cc1ccc(F)cc1)Cc1ccc2ccccc2c1O,0.9981396,0.001860352,22,2,3,1
A3138_entry_00312_conf_01,COc1ccc(CN(C)Cc2cccc3ccccc23)cc1,0.9996356,0.000364402,22,2,3,1
A4501_entry_00105_conf_01,O[C@@](CNCCCc1ccccc1)(Cn1cncn1)c1ccc(F)cc1F,0.9940434,0.005956555,27,3,3,1
A3321_entry_00181_conf_01,Clc1ccc(CC[C@H](Cn2ccnc2)SCc2cccnc2)cc1,0.9954081,0.004591893,24,3,3,1
A3356_entry_00216_conf_01,Fc1ccc(F)c(O[C@@H](CCc2ccc(Cl)cc2)Cn2ccnc2)c1,0.9968933,0.003106688,25,3,3,1
A3318_entry_00178_conf_01,N#Cc1ccc(S[C@H](CCc2ccccc2)Cn2ccnc2)cc1,0.9967223,0.003277729,24,3,3,1
A2542_entry_00030_conf_01,CN(C/C=C/c1ccccc1)Cc1cccc2c1CCC2=O,0.99972147,0.000278567,22,2,3,1
A1746_entry_00176_conf_01,O=C(COc1ccc(Cl)cc1Cl)[C@H](Cn1ccnc1)OCC1CC1,0.9998067,0.00019337,24,3,3,1
A3130_entry_00304_conf_01,Cc1ccc(CS[C@H](Cn2ccnc2)c2ccccc2)cc1,0.99972206,0.000277892,22,3,3,1
A3340_entry_00200_conf_01,COc1ccc(CC[C@@H](Cn2ccnc2)Sc2ccc(F)cc2)cc1,0.99409133,0.005908642,25,3,3,1
A4264_entry_00182_conf_01,CC(C)(Cc1ccccc1)c1ccc(OC[C@@H](O)COC(=O)N)cc1,0.99965715,0.000342816,25,2,2,1
A2558_entry_00046_conf_01,CCN(Cc1ccccc1)Cc1cccc2ccccc12,0.9981275,0.001872529,21,2,3,1
A3149_entry_00009_conf_01,Cc1ccc(CN(C)Cc2cccc3ccccc23)cc1,0.9990219,0.000978055,21,2,3,1
A3191_entry_00051_conf_01,COCc1ccc(CN(C)Cc2cccc3ccccc23)cc1,0.99972063,0.000279332,23,2,3,1
A1572_entry_00002_conf_01,Cc1ccc(C(=O)CN2CN(Cc3ccccc3)CSC2=S)cc1,0.99826705,0.001732926,24,3,3,1
A249_entry_00249_conf_01,Fc1ccc([C@@H](Cn2ccnc2)OCc2ccc(Cl)cc2)cc1,0.9990735,0.000926481,23,3,3,1
A322_entry_00008_conf_01,Fc1ccc([C@H](Cn2ccnc2)OCc2cccc(Cl)c2)cc1,0.9993771,0.000623002,23,3,3,1
A1594_entry_00024_conf_01,CCCN(CCC)CCOC(=O)c1ccccc1c1ccccc1,0.99967587,0.000324195,24,2,2,1
A272_entry_00272_conf_01,CC(=O)c1ccc(CO[C@@H](Cn2ccnc2)c2ccc(Cl)cc2)cc1,0.99972254,0.000277473,25,3,3,1
A2501_entry_00303_conf_01,CN(CCc1cccc2ccccc12)Cc1ccccc1,0.99799013,0.002009847,21,2,3,1
A3105_entry_00279_conf_01,Cc1ccc([C@@H](Cn2ccnc2)OCc2cc(C)cc(C)c2)cc1,0.9993742,0.000625786,24,3,3,1
A2508_entry_00310_conf_01,CN(C/C=C/c1ccccc1)Cc1cccc(N(C)C)c1,0.99951947,0.000480524,21,2,2,1
A330_entry_00016_conf_01,Cc1ccc([C@@H](Cn2ccnc2)OCc2cccc(C)c2)cc1,0.999348,0.000652046,23,3,3,1
A3151_entry_00011_conf_01,COc1ccccc1CN(C)Cc1ccc(C(F)(F)F)cc1,0.9998652,0.000134864,22,2,2,1
A325_entry_00011_conf_01,Cc1ccc([C@@H](Cn2ccnc2)OCc2cccc(Cl)c2)cc1,0.999348,0.000652046,23,3,3,1
A2615_entry_00103_conf_01,OCc1ccc(CO[C@@H](Cn2ccnc2)c2ccc(Cl)cc2Cl)cc1,0.99817955,0.001820478,25,3,3,1
A2598_entry_00086_conf_01,CN(Cc1ccc(F)c(F)c1)Cc1cccc2ccccc12,0.9991768,0.000823172,22,2,3,1
A4683_entry_00287_conf_01,C[C@@H](O)C/C=C/CN(C)Cc1cccc2ccccc12,0.9978941,0.002105947,20,1,2,1
A3227_entry_00087_conf_01,CSc1ccc(CN(C)Cc2cccc3cccnc23)cc1,0.99957293,0.000427051,22,2,3,1
A4368_entry_00286_conf_01,Fc1ccc(CN[C@@H](Cn2ccnc2)c2ccc(Cl)cc2Cl)cc1,0.9998012,0.000198777,24,3,3,1
A344_entry_00030_conf_01,Cc1ccc([C@H](Cn2ccnc2)OCc2ccc(C)cc2C)cc1,0.9992654,0.000734582,24,3,3,1
A4372_entry_00290_conf_01,Cc1ccc([C@H](Cn2ccnc2)OCc2ccccc2F)c(Cl)c1,0.9989629,0.001037156,24,3,3,1
A3258_entry_00118_conf_01,COc1ccc(CN(C)Cc2cccc3cccnc23)cc1,0.9996358,0.000364195,22,2,3,1
A369_entry_00055_conf_01,Clc1ccc([C@H](COCc2ccccc2)Cn2ccnc2)cc1,0.99748385,0.002516083,23,3,3,1
A3354_entry_00214_conf_01,Fc1cccc(F)c1O[C@@H](CCc1ccc(Cl)cc1)Cn1ccnc1,0.99414706,0.005852978,25,3,3,1
A3143_entry_00003_conf_01,COc1ccc(CN(C)Cc2cccc3ccccc23)cc1OC,0.9998196,0.000180456,24,2,3,1
A2635_entry_00123_conf_01,Clc1ccc(CCO[C@@H](Cn2ccnc2)c2ccccc2)cc1,0.9988174,0.001182604,23,3,3,1
A3116_entry_00290_conf_01,Cc1cccc(CO[C@@H](Cn2ccnc2)c2ccc(F)cc2Cl)c1,0.9995484,0.000451606,24,3,3,1
A5331_entry_00307_conf_01,O=C(O)CCc1ccc(CCCCc2ccccc2)cc1,0.99060273,0.009397254,21,2,2,1
A329_entry_00015_conf_01,Cc1ccc(CCO[C@H](Cn2ccnc2)c2ccc(Cl)cc2)cc1,0.9992287,0.000771277,24,3,3,1
A1944_entry_00060_conf_01,CCCNCc1nc2ccccc2n1Cc1ccc(Cl)cc1,0.99891245,0.001087499,22,2,3,1
A1874_entry_00304_conf_01,CC(C)C[C@H](Oc1ccc(Cl)cc1F)C(=O)[C@@H](Cn1ccnc1)OC(C)(C)C,0.9980824,0.001917607,28,2,2,1
A3262_entry_00122_conf_01,CN(Cc1ccc(CO)cc1)Cc1ccc2ccccc2c1,0.99879587,0.001204078,22,2,3,1
A3182_entry_00042_conf_01,COc1cccc(CN(C)Cc2cccc3ccccc23)c1OC,0.99973744,0.000262547,24,2,3,1
A4707_entry_00311_conf_01,C[C@@H](/C=C/CN(C)Cc1cccc2ccccc12)C(=O)O,0.9965534,0.003446602,21,1,2,1
A3179_entry_00039_conf_01,CN(Cc1ccc(C(F)(F)F)cc1)Cc1ccccc1O,0.9998534,0.000146653,21,2,2,1
A3173_entry_00033_conf_01,Cc1ccccc1CN(C)Cc1ccc(C(C)(C)C)cc1,0.99807006,0.001929972,21,2,2,1
A3169_entry_00029_conf_01,CN(Cc1ccc(Cl)cc1)Cc1cccc2ccn(C)c12,0.9989384,0.001061593,21,2,3,1
A4720_entry_00010_conf_01,CN(CC#CCCN)Cc1cccc2ccccc12,0.9945861,0.005413848,19,1,2,1
A1776_entry_00206_conf_01,O=C(COc1ccc(Cl)cc1Cl)[C@@H](Cn1ccnc1)N1CCCC1,0.9997719,0.000228136,24,3,3,1
A6163_entry_00197_conf_01,CCCCCCCCN[C@@H](C)[C@H](O)c1ccc(S(=O)(=O)C)c(OC)c1,0.99760723,0.002392771,25,1,1,0
A295_entry_00295_conf_01,Fc1ccc([C@@H](Cn2ccnc2)OCc2cccc(Cl)c2)cc1,0.9993771,0.000623002,23,3,3,1
A4711_entry_00001_conf_01,CC(C)C/C=C/CN(C)Cc1cccc2ccccc12,0.9956267,0.004373258,20,1,2,1
A3156_entry_00016_conf_01,COC(=O)c1ccc(CN(C)Cc2cccc3ccccc23)cc1,0.9996375,0.000362546,24,2,3,1
A3364_entry_00224_conf_01,Clc1ccc(CC[C@@H](Cn2ccnc2)OCc2ccccc2)cc1,0.993598,0.006401979,24,3,3,1
A4706_entry_00310_conf_01,C[C@@H](O)CC/C=C/CN(C)Cc1cccc2ccccc12,0.99623114,0.003768842,21,1,2,1
A3159_entry_00019_conf_01,CN(Cc1ccco1)Cc1cccc2ccccc12,0.9973464,0.002653574,19,2,3,1
A306_entry_00306_conf_01,Clc1ccc([C@@H](Cn2ccnc2)OCCCOc2ccccc2)cc1,0.99852175,0.001478253,25,3,3,1
A2557_entry_00045_conf_01,CN(Cc1cccc2ccccc12)C[C@@H](O)c1ccccc1,0.9985373,0.001462735,22,2,3,1
A5594_entry_00256_conf_01,CN(Cc1ccc(Cc2cc(c3cccnc3N)on2)cc1)C(=O)C1CCCC1,0.9939626,0.006037382,29,4,4,1
A2588_entry_00076_conf_01,CN(Cc1ccc(C#N)cc1)Cc1cccc2ccccc12,0.99891424,0.001085739,22,2,3,1
A1587_entry_00017_conf_01,CCCN(CCC)CCOC(=O)c1ccc(c2ccccc2)cc1,0.99970657,0.000293402,24,2,2,1
A3133_entry_00307_conf_01,COc1ccc([C@@H](Cn2ccnc2)SCc2ccc(C)cc2)cc1,0.99959546,0.000404556,24,3,3,1
A1714_entry_00144_conf_01,CCN(CC)CCCOc1cccc(c2ccccc2)c1,0.99164224,0.00835777,21,2,2,1
A1873_entry_00303_conf_01,CC(C)C[C@@H](Oc1ccc(F)cc1Cl)C(=O)[C@@H](Cn1ccnc1)OC(C)C,0.9992926,0.000707406,27,2,2,1
A4493_entry_00097_conf_01,CN(Cc1ccc(Cl)cc1)C[C@](O)(Cn1cncn1)c1ccc(F)cc1F,0.9966698,0.003330215,27,3,3,1
A4473_entry_00077_conf_01,CCC(=O)N1CCN(C[C@](O)(Cn2cncn2)c2ccc(F)cc2F)CC1,0.9994469,0.000553119,27,3,3,1
A341_entry_00027_conf_01,Cc1ccc([C@H](Cn2ccnc2)OCc2ccccc2Cl)cc1,0.9989066,0.001093389,23,3,3,1
A1609_entry_00039_conf_01,CCN(CC)CCOC(=O)c1ccoc1c1ccccc1,0.9993512,0.00064875,21,2,2,1
A704_entry_00076_conf_01,Cc1ccc(O[C@H](Cn2ccnc2)c2ccc(C)cc2Cl)cc1,0.99830014,0.001699949,23,3,3,1
A5956_entry_00304_conf_01,CCCCCCCCN[C@@H](C)[C@@H](O)c1ccc(OC)cc1,0.997027,0.002973067,21,1,1,0
A3083_entry_00257_conf_01,CC(C)c1ccc([C@@H](Cn2ccnc2)OCc2ccccc2)cc1,0.9949175,0.005082554,24,3,3,1
A337_entry_00023_conf_01,CC(=O)c1ccc([C@@H](Cn2ccnc2)OCc2ccc(C)cc2)cc1,0.99946946,0.00053053,25,3,3,1
A451_entry_00137_conf_01,CC(=O)[C@@H](c1ccccc1OCc1cccc(F)c1)n1ccnc1,0.99947363,0.000526388,24,3,3,1
A371_entry_00057_conf_01,Clc1ccc([C@@H](COCc2ccccc2)Cn2ccnc2)cc1,0.99748385,0.002516083,23,3,3,1
A379_entry_00065_conf_01,Clc1ccc(CO[C@@H](CCn2ccnc2)c2ccccc2)cc1,0.9993831,0.00061692,23,3,3,1
A3115_entry_00289_conf_01,COCc1ccc(CO[C@@H](Cn2ccnc2)c2ccc(F)cc2Cl)cc1,0.99954236,0.00045772,26,3,3,1
A1730_entry_00160_conf_01,CCN(CC)CCNS(=O)(=O)c1cccc(c2ccccc2)c1O,0.9997991,0.000201001,24,2,2,1
A308_entry_00308_conf_01,CCc1ccc(CO[C@@H](Cn2ccnc2)c2ccc(C)cc2)cc1,0.99943215,0.000567833,24,3,3,1
A2606_entry_00094_conf_01,CN(C)c1nc2ccc(OCCCN3CCC(CO)CC3)cc2s1,0.9980331,0.001966909,24,2,3,1
A3180_entry_00040_conf_01,CN(Cc1ccccc1)Cc1ccc(c2ccccc2)cc1,0.9985863,0.001413756,22,3,3,1
A2545_entry_00033_conf_01,CN(C/C=C/c1ccccc1)Cc1cccc2c1OCCC2,0.99978894,0.000211108,22,2,3,1
A3128_entry_00302_conf_01,Clc1ccc([C@@H](Cn2ccnc2)SCCN2CCCC2)c(Cl)c1,0.9978835,0.002116426,23,3,3,1
A49_entry_00049_conf_01,Fc1ccc(CO[C@@H](CCn2ccnc2)c2ccc(F)cc2F)cc1,0.99955755,0.000442471,25,3,3,1
A3260_entry_00120_conf_01,CN(Cc1cc(Br)cnc1O)Cc1cccc2ccccc12,0.999624,0.000375916,22,2,3,1
A250_entry_00250_conf_01,Fc1ccc(CO[C@@H](Cn2ccnc2)c2ccc(F)cc2)cc1,0.99968565,0.00031439,23,3,3,1
A287_entry_00287_conf_01,CC(C)c1ccc([C@H](Cn2ccnc2)OCc2ccccc2)cc1,0.9949175,0.005082554,24,3,3,1
A3242_entry_00102_conf_01,CN(Cc1ccc(C(C)(C)C)cc1)Cc1ccccc1F,0.9995621,0.00043786,21,2,2,1
A1644_entry_00074_conf_01,CCCN(CCC)CCOC(=O)c1ccsc1c1ccccc1,0.9997416,0.000258437,23,2,2,1
A3168_entry_00028_conf_01,CN(Cc1ccc(F)cc1)Cc1ccnc2ccccc12,0.9992895,0.000710426,21,2,3,1
A4733_entry_00023_conf_01,CN(CCCC(=O)C(C)(C)C)Cc1cccc2ccccc12,0.9996307,0.0003693,22,1,2,1
A885_entry_00257_conf_01,CC(=O)OC(C)(C)c1ccc(C[C@H](C)CN2C[C@@H](C)O[C@@H](C)C2)cc1,0.9994974,0.000502612,25,2,2,1
A1666_entry_00096_conf_01,CCN(CC)CCOC(=O)c1ccc(c2ccc(C)cc2)cc1O,0.9963237,0.003676374,24,2,2,1
A2120_entry_00236_conf_01,Cc1cn(C[C@H](O[C@@H](C)Cn2ccnc2)c2ccc(Cl)cc2Cl)cn1,0.99894553,0.001054538,25,3,3,1
A933_entry_00305_conf_01,CC[C@@H](Cc1ccc(C(=O)CC(C)(C)C)cc1)N1C[C@@H](C)O[C@@H](C)C1,0.99866045,0.001339599,25,2,2,1
A4441_entry_00045_conf_01,O[C@@](CNCCc1cccs1)(Cn1cncn1)c1ccc(F)cc1F,0.99924445,0.00075563,25,3,3,1
A4681_entry_00285_conf_01,CN(CC#CC(C)(C)O)Cc1cccc2ccccc12,0.9922659,0.007734096,20,1,2,1
A1703_entry_00133_conf_01,CCN(CC)CCOC(=O)c1c(C)oc(c2ccccc2)c1O,0.99705017,0.002949842,23,2,2,1
A3226_entry_00086_conf_01,CN(Cc1ccc(F)cc1)Cc1cncc2ccccc12,0.99934584,0.00065419,21,2,3,1
A348_entry_00034_conf_01,CCc1ccc(O[C@H](Cn2ccnc2)c2ccc(Cl)cc2)cc1,0.99804413,0.001955796,23,3,3,1
A772_entry_00144_conf_01,CCC(C)(C)c1ccc(CC(=O)N2C[C@@H](C)O[C@H](C)C2)cc1,0.99987364,0.000126378,22,2,2,1
A3376_entry_00236_conf_01,Cc1cccc(S[C@H](CCc2ccccc2)Cn2ccnc2)c1,0.99942505,0.000575022,23,3,3,1
A3196_entry_00056_conf_01,COc1cccc(CN(C)Cc2ccc3ccccc3c2)c1,0.99902296,0.000977009,22,2,3,1
A1933_entry_00049_conf_01,CC(=O)CCc1nc2ccccc2n1Cc1ccc(Cl)cc1,0.9915489,0.008451095,22,2,3,1
A3088_entry_00262_conf_01,CCc1ccc([C@H](Cn2ccnc2)OCc2ccccc2)cc1,0.99707806,0.002921917,23,3,3,1
A2597_entry_00085_conf_01,CC(C)CN(C/C=C/c1ccccc1)Cc1ccccc1,0.9993174,0.000682621,21,2,2,1
A884_entry_00256_conf_01,CCC(C)(C)c1ccc(C[C@@H](C)CN2C[C@@H](CO)O[C@H](C)C2)cc1,0.99686486,0.003135134,24,2,2,1
A3107_entry_00281_conf_01,Clc1ccc(C[C@@H](Cn2ccnc2)Oc2ccc(Cl)cc2)cc1,0.9918864,0.008113662,23,3,3,1
A3203_entry_00063_conf_01,CN(Cc1ccc(Br)cc1)Cc1cccc2ccncc12,0.99962425,0.000375757,21,2,3,1
A2550_entry_00038_conf_01,CN(Cc1ccsc1)Cc1cccc2ccccc12,0.9978198,0.002180249,19,2,3,1
A3125_entry_00299_conf_01,COc1ccc([C@H](Cn2ccnc2)OCc2ccc(Cl)cc2)cc1,0.9996076,0.000392461,24,3,3,1
A1852_entry_00282_conf_01,CSCC[C@H](Oc1ccc(Cl)cc1Cl)C(=O)C(C)(C)Cn1ccnc1,0.9986481,0.001351874,25,2,2,1
A3176_entry_00036_conf_01,CN(Cc1ccc2ccccc2c1)Cc1ccccc1C#N,0.99922276,0.000777229,22,2,3,1
A4370_entry_00288_conf_01,COc1ccc(CS[C@@H](Cn2ccnc2)c2ccccc2)cc1,0.99973553,0.00026448,23,3,3,1
A1136_entry_00194_conf_01,CCCCN(C(=O)c1cncn1[C@H]1CCCc2ccccc12)C1CC1,0.9988716,0.001128343,25,3,4,1
A4672_entry_00276_conf_01,Cc1ccc([C@@H](Cn2ccnc2)OCc2ccccc2)c(Cl)c1,0.9973912,0.00260869,23,3,3,1
A3512_entry_00058_conf_01,C[C@@H](N1CCN(C(=O)NC(C)(C)C)CC1)[C@](O)(Cn1cncn1)c1ccc(F)cc1F,0.99143094,0.00856914,31,3,3,1
A382_entry_00068_conf_01,COc1cccc(OC[C@@H](Cn2ccnc2)c2ccc(Cl)cc2)c1,0.999215,0.000784994,24,3,3,1
A4484_entry_00088_conf_01,O[C@@](CNCCCn1ccnc1)(Cn1cncn1)c1ccc(F)cc1F,0.99762064,0.002379337,26,3,3,1
A3217_entry_00077_conf_01,CC(C)N(Cc1cccnc1)Cc1cccc2ccccc12,0.9978035,0.002196492,22,2,3,1
A3140_entry_00314_conf_01,CN(Cc1ccc(Cl)cc1)Cc1cccc2cccnc12,0.9987675,0.001232593,21,2,3,1
A1682_entry_00112_conf_01,CCN(CC)CCOC(=O)c1cc2ccccc2n1Cc1ccccc1,0.9988681,0.001131959,26,2,3,1
A2487_entry_00289_conf_01,CCN(C/C=C/c1ccccc1)Cc1ccccc1OC,0.99979466,0.00020535,21,2,2,1
A1165_entry_00223_conf_01,CCOC(=O)[C@H]1CCN(C(=O)c2cncn2[C@H]2CCCc3ccccc23)C1,0.99865437,0.001345577,27,3,4,1
A3148_entry_00008_conf_01,CN(Cc1ccc(Cl)cc1)Cc1cccc2ccncc12,0.9982918,0.00170825,21,2,3,1
A3163_entry_00023_conf_01,CN(Cc1ccc(F)cc1)Cc1cccc2cccnc12,0.9991375,0.000862422,21,2,3,1
A251_entry_00251_conf_01,Cc1ccc([C@@H](Cn2ccnc2)OCc2ccc(Cl)cc2)cc1,0.9990245,0.000975446,23,3,3,1
A5951_entry_00299_conf_01,CCCCCCCCN[C@H](C)[C@H](O)c1ccc(Cl)cc1,0.99338746,0.006612504,20,1,1,1
A2102_entry_00218_conf_01,Clc1ccc([C@H](CCn2ccnc2)OCc2ccncc2)c(Cl)c1,0.993926,0.006073969,24,3,3,1
A3170_entry_00030_conf_01,CN(Cc1ccc(Br)cc1)Cc1cccc2cccnc12,0.9996774,0.000322612,21,2,3,1
A1803_entry_00233_conf_01,CC(C)[C@@H](Oc1ccc(Cl)cc1Cl)C(=O)C1(Cn2ccnc2)CC1,0.99865144,0.001348531,24,3,3,1
A4527_entry_00131_conf_01,Cc1nn(C[C@@](O)(Cn2cncn2)c2ccc(F)cc2F)c(C)c1C,0.99672556,0.003274367,25,3,3,1
A333_entry_00019_conf_01,Cc1ccc([C@H](Cn2ccnc2)OCc2cccc(Cl)c2)cc1,0.999348,0.000652046,23,3,3,1
A2520_entry_00008_conf_01,CN(Cc1ccccc1)Cc1cccc2ccccc12,0.9960873,0.003912664,20,2,3,1
A6174_entry_00208_conf_01,COc1ccc(CCN[C@H](C)[C@@H](O)c2ccc(SC(C)C)cc2)cc1,0.9994437,0.000556286,25,2,2,1
A886_entry_00258_conf_01,CCC(C)(C)c1ccc(CC(=O)CN2C[C@@H](C)O[C@H](C)C2)cc1,0.9998136,0.000186451,23,2,2,1
A821_entry_00193_conf_01,CCC(C)(CC)c1ccc(C[C@@H](O)CN2C[C@@H](C)O[C@@H](C)C2)c(C)c1,0.9907285,0.009271516,25,2,2,1
A877_entry_00249_conf_01,CC(=O)NC[C@H](C)Cc1ccc(CC(C)(C)CN2C[C@@H](C)O[C@@H](C)C2)cc1,0.99876523,0.001234778,27,2,2,1
A3064_entry_00238_conf_01,Clc1ccc([C@@H](CCn2ccnc2)OCc2cccnc2)cc1,0.9910987,0.008901244,23,3,3,1
A2526_entry_00014_conf_01,CN(C/C=C/c1ccccc1)Cc1cccc2c1CCCC2=O,0.9996909,0.000309139,23,2,3,1
A289_entry_00289_conf_01,Cc1cccc(CO[C@@H](Cn2ccnc2)c2ccc(Cl)cc2)c1,0.9994547,0.000545332,23,3,3,1
A2493_entry_00295_conf_01,CN(C/C=C/c1ccccc1)Cc1ccc(F)cc1F,0.99949825,0.000501758,20,2,2,1
A1620_entry_00050_conf_01,CCN(CC)CCCOC(=O)c1cccc2ccccc12,0.99865746,0.001342573,21,1,2,1
A3247_entry_00107_conf_01,CN(Cc1cncnc1)Cc1cccc2ccccc12,0.99812764,0.001872397,20,2,3,1
A3261_entry_00121_conf_01,CN(Cc1ccc2ccccc2c1)Cc1ccccc1CN,0.99812216,0.001877816,22,2,3,1
A3152_entry_00012_conf_01,COc1cc(CN(C)Cc2cccc3ccccc23)cc(OC)c1,0.9998349,0.000165104,24,2,3,1
A438_entry_00124_conf_01,C[C@@H](c1ccccc1OCc1cccc(F)c1)n1ccnc1,0.9987931,0.001206896,22,3,3,1
A1712_entry_00142_conf_01,CCCN(CCC)CCOC(=O)c1ccc(c2ccccc2)nc1,0.9997396,0.000260441,24,2,2,1
A2577_entry_00065_conf_01,CN(Cc1ccncc1)Cc1cccc2ccccc12,0.99757665,0.002423363,20,2,3,1
A862_entry_00234_conf_01,CCOC(=O)[C@H]1CN(C[C@H](C)Cc2ccc(C(C)(C)C)cc2)C[C@@H](C)O1,0.9955219,0.004478097,26,2,2,1
A320_entry_00006_conf_01,Cc1ccccc1CO[C@@H](Cn1ccnc1)c1ccc(Cl)cc1,0.9979988,0.002001169,23,3,3,1
A1568_entry_00312_conf_01,CC(C)c1ccc(CN2CN(Cc3ccccc3)CSC2=O)cc1,0.9954379,0.004562152,24,3,3,1
A4371_entry_00289_conf_01,COc1ccc(CN[C@H](Cn2ccnc2)c2ccc(Cl)cc2Cl)cc1,0.99985564,0.000144364,25,3,3,1
A942_entry_00314_conf_01,CC(=O)N[C@H](C)Cc1ccc(C[C@@H](C)CN2C[C@@H](C)O[C@@H](C)C2)cc1,0.9975305,0.00246955,25,2,2,1
A4247_entry_00165_conf_01,NC(=O)OC[C@@H](O)COc1ccc(Cc2ccccc2)cc1,0.99713314,0.002866842,22,2,2,1
A4481_entry_00085_conf_01,C[C@H](O)C(=O)N1CCN(C[C@](O)(Cn2cncn2)c2ccc(F)cc2F)CC1,0.9983973,0.001602647,28,3,3,1
A3092_entry_00266_conf_01,Cc1ccc([C@@H](OCCn2ccnc2)c2ccc(Cl)cc2)c(C)c1,0.99905986,0.00094014,24,3,3,1
A1861_entry_00291_conf_01,CCC[C@@H](Oc1ccc(Cl)cc1Cl)C(=O)[C@H](Cn1ccnc1)N(C)C,0.99778664,0.002213331,25,2,2,1
A1558_entry_00302_conf_01,CC(C)c1ccc(CN2CSC(=O)N(Cc3ccccc3)C2)cc1,0.99975795,0.000242,24,3,3,1
A4438_entry_00042_conf_01,CN(Cc1ccc(F)cc1)C[C@@](O)(Cn1cncn1)c1ccc(F)cc1F,0.9974993,0.002500668,27,3,3,1
A2553_entry_00041_conf_01,CN(CC/C=C/c1ccccc1)Cc1ccnc2ccccc12,0.9995271,0.000472905,23,2,3,1
A3161_entry_00021_conf_01,CN(Cc1ccccc1)Cc1cccc2cccnc12,0.9969748,0.003025208,20,2,3,1
A2387_entry_00189_conf_01,FC(F)(F)c1ccc(C[C@H](Cn2ccnc2)c2ccccc2)cc1,0.99005353,0.009946454,24,3,3,1
A1674_entry_00104_conf_01,CCN(CC)CCNC(=O)c1cccc(OCc2ccccc2)c1O,0.99983513,0.000164786,25,2,2,1
A3202_entry_00062_conf_01,CN(Cc1cc[nH]c1)Cc1cccc2ccccc12,0.9972217,0.002778263,19,2,3,1
A1716_entry_00146_conf_01,CCN(CC)CCCCOC(=O)c1cc(c2ccccc2)oc1C,0.99872214,0.001277879,24,2,2,1
A2570_entry_00058_conf_01,CN(C/C=C/c1ccccc1)C[C@H](O)c1cccc2ccoc12,0.9986902,0.001309792,23,2,3,1
A2547_entry_00035_conf_01,CN(C/C=C/C(C)(C)C)Cc1cccc2ccccc12,0.99662423,0.003375804,20,1,2,1
A2643_entry_00131_conf_01,OCCCNCCO[C@@H](Cn1ccnc1)c1ccc(Cl)cc1Cl,0.9988175,0.001182484,23,2,2,1
A3273_entry_00133_conf_01,CCCc1ccc(C(=O)OC[C@@H](COC(=O)C)OC(=O)C)cc1,0.9998161,0.000183894,23,1,1,1
A4731_entry_00021_conf_01,CC(C)CCCN(C)Cc1cccc2ccccc12,0.9942789,0.005721102,19,1,2,1
A3157_entry_00017_conf_01,CN(Cc1ccc(C#N)cc1)Cc1ccc2ccccc2c1,0.99892336,0.001076655,22,2,3,1
A2533_entry_00021_conf_01,CN(Cc1ccccc1)Cc1ccc2ccccc2c1,0.9957135,0.004286547,20,2,3,1
A787_entry_00159_conf_01,C[C@@H](Cc1ccc(C(C)(C)C)cc1)CN1C[C@@H](C)O[C@@H](C)C1,0.9997472,0.000252764,22,2,2,1
A4691_entry_00295_conf_01,CN(C/C=C/C(C)(C)C)Cc1ccc2ccccc2c1,0.9967874,0.003212599,20,1,2,1
A2144_entry_00260_conf_01,C[C@@H](Cc1ccccc1)N(C)C(=S)Oc1ccc2c(c1)CCCC2,0.99813974,0.001860212,24,2,3,1
A1711_entry_00141_conf_01,CCN(CC)CCCC(=O)c1ccc(c2ccccc2)cc1,0.9956565,0.004343489,22,2,2,1
A1871_entry_00301_conf_01,CC[C@@H](Oc1ccc(Cl)cc1Cl)C(=O)[C@@H](Cn1ccnc1)C1CC1,0.9976941,0.002305951,24,3,3,1
A805_entry_00177_conf_01,CCC(CC)c1ccc(C[C@H](C)CN2C[C@@H](C)O[C@@H](C)C2)cc1,0.9987375,0.001262465,23,2,2,1
A2333_entry_00135_conf_01,CC(=O)c1cncn1C[C@@H](c1ccccc1)c1ccc(Cl)cc1,0.9972361,0.002763953,23,3,3,1
A3237_entry_00097_conf_01,CN(Cc1ccc(C(F)(F)F)cc1)Cc1ccc2ccccc2n1,0.99979454,0.000205479,24,2,3,1
A3381_entry_00241_conf_01,COc1ccc(F)cc1O[C@@H](CCc1ccc(Cl)cc1)Cn1ccnc1,0.99172795,0.008272056,26,3,3,1
A3123_entry_00297_conf_01,OC[C@H](Cn1ccnc1)OCc1ccc(Sc2ccccc2)cc1,0.99568754,0.004312433,24,3,3,1
A386_entry_00072_conf_01,Clc1ccc([C@H](OCCn2ccnc2)c2ccccc2Cl)cc1,0.9993343,0.000665742,23,3,3,1
A724_entry_00096_conf_01,Clc1ccc([C@H](Cn2ccnc2)NCc2ccccc2)c(Cl)c1,0.9997657,0.000234326,23,3,3,1
A3193_entry_00053_conf_01,Cc1ccccc1CN(C)Cc1ccc(C(C)C)cc1,0.9982298,0.001770219,20,2,2,1
A353_entry_00039_conf_01,Clc1ccc([C@H](Cn2ccnc2)OCCCc2ccccc2)cc1,0.996323,0.003677006,24,3,3,1
A3248_entry_00108_conf_01,CN(Cc1ccc(C#N)cc1)Cc1cccc2cccnc12,0.9989976,0.001002419,22,2,3,1
A40_entry_00040_conf_01,Cc1ccc(CO[C@@H](Cn2ccnc2)c2ccc(F)cc2F)cc1,0.99964726,0.000352773,24,3,3,1
A5994_entry_00028_conf_01,CCCCCCCCN[C@H](C)[C@H](O)c1cc(OC)cc(OC)c1,0.99384165,0.006158342,23,1,1,0
A263_entry_00263_conf_01,Fc1ccc([C@H](Cn2ccnc2)OCc2ccc(Cl)cc2)cc1,0.9990735,0.000926481,23,3,3,1
A4529_entry_00133_conf_01,CN(C[C@](O)(Cn1cncn1)c1ccc(F)cc1F)C1CCCC1,0.9902146,0.009785391,24,3,3,1
A360_entry_00046_conf_01,CCCC[C@@H](Cn1ccnc1)OCc1c(Cl)cccc1Cl,0.99463505,0.00536495,21,2,2,1
A340_entry_00026_conf_01,COc1ccc(CO[C@H](Cn2ccnc2)c2ccc(Cl)cc2)cc1,0.99962425,0.000375739,24,3,3,1
A3222_entry_00082_conf_01,CN(Cc1ccc(Br)cc1)Cc1ccnc2ccccc12,0.9996674,0.000332559,21,2,3,1
A1643_entry_00073_conf_01,CCCOc1c(C(=O)OCCN(CC)CC)cccc1c1ccccc1,0.99353963,0.006460413,26,2,2,1
A4361_entry_00279_conf_01,COc1ccc(C[C@@H](COC(=O)N)OC[C@H](O)COc2ccc(Cl)cc2)cc1OC,0.99536234,0.004637684,30,2,2,0
A6183_entry_00217_conf_01,CCCCCCCN[C@H](C)[C@H](O)c1ccc(C)cc1,0.99561477,0.00438525,19,1,1,1
A1629_entry_00059_conf_01,CC(C)N(CCCN)CCOC(=O)c1ccccc1c1ccccc1,0.99972874,0.000271223,25,2,2,1
A6104_entry_00138_conf_01,CCCCCCCCN[C@@H](C)[C@H](O)c1cccc(Cl)c1,0.99604225,0.003957782,20,1,1,1
A3164_entry_00024_conf_01,CN(Cc1ccc(Cl)cc1)Cc1cccc2ncccc12,0.99865377,0.001346226,21,2,3,1
A4509_entry_00113_conf_01,OCCN(Cc1ncc[nH]1)C[C@](O)(Cn1cncn1)c1ccc(F)cc1F,0.99260145,0.007398586,27,3,3,1
A1759_entry_00189_conf_01,O=C(C1CCCC1)[C@@H](Cn1ccnc1)Oc1ccc(Cl)cc1Cl,0.9984528,0.001547146,23,3,3,1
A5971_entry_00005_conf_01,CCCCCCCCN[C@H](C)[C@@H](O)c1cccc(OC)c1,0.9977805,0.002219492,21,1,1,0
A1694_entry_00124_conf_01,CCN(CC)CCOC(=O)c1cc(c2ccc(OC)cc2)ccc1O,0.9986621,0.001337846,25,2,2,1
A2575_entry_00063_conf_01,CN(C/C=C/c1ccccc1)Cc1cccc2c1CCCO2,0.9997695,0.00023049,22,2,3,1
A6143_entry_00177_conf_01,CCCCCCCCN[C@@H](C)[C@H](O)c1cccc(C)c1,0.99604225,0.003957782,20,1,1,1
A4653_entry_00257_conf_01,O=C(NCc1ccc(F)cc1)C(c1ccccc1)(c1ccccc1)n1ccnc1,0.9998547,0.000145329,29,4,4,1
A867_entry_00239_conf_01,CCC(C)(CC)c1ccc(CCN2C[C@@H](C)O[C@H](C)C2)cc1,0.99970526,0.000294659,22,2,2,1
A2540_entry_00028_conf_01,CCN(C/C=C/c1ccccc1)Cc1ccccc1C,0.9995158,0.000484222,20,2,2,1
A362_entry_00048_conf_01,CC(=O)c1ccc([C@H](Cn2ccnc2)OCc2ccccc2)cc1,0.9972006,0.002799428,24,3,3,1
A4197_entry_00115_conf_01,Cc1ccc(CC(=O)OC[C@H](O)COc2ccc(Cl)cc2)cc1,0.999871,0.000128989,23,2,2,1
A2532_entry_00020_conf_01,C=CCN(C/C=C/c1ccccc1)Cc1ccccc1,0.9995937,0.000406349,20,2,2,1
A1648_entry_00078_conf_01,CCN(CC)CCCOC(=O)c1cc(c2ccccc2)oc1C,0.99941313,0.000586885,23,2,2,1
A439_entry_00125_conf_01,Clc1cccc(COc2ccccc2CCn2ccnc2)c1,0.9983246,0.001675397,22,3,3,1
A2314_entry_00116_conf_01,O=C(CC[C@@H](c1ccccc1)c1ccc(Cl)cc1)n1ccnc1,0.99845135,0.001548639,23,3,3,1
A717_entry_00089_conf_01,COc1ccccc1[C@@H](Cn1ccnc1)OCc1ccc(Cl)cc1,0.99963236,0.000367585,24,3,3,1
A3241_entry_00101_conf_01,CN(Cc1ccc(Br)cc1)Cc1cccc2ncccc12,0.99967206,0.000327986,21,2,3,1
A714_entry_00086_conf_01,Cc1ccccc1CO[C@@H](Cn1ccnc1)c1ccc(F)cc1Cl,0.997843,0.002156961,24,3,3,1
A1690_entry_00120_conf_01,CCN(CC)CCOC(=O)c1cc(c2ccccc2)n(C)c1,0.99966335,0.000336659,22,2,2,1
A3142_entry_00002_conf_01,CN(Cc1cccnc1)Cc1cccc2ccccc12,0.9976266,0.002373409,20,2,3,1
A706_entry_00078_conf_01,Cc1ccccc1[C@H](Cn1ccnc1)OCc1ccc(Cl)cc1,0.99970585,0.000294135,23,3,3,1
A2470_entry_00272_conf_01,CN(C/C=C/C=C/c1ccccc1)Cc1ccccc1,0.99257714,0.007422803,20,2,2,1
A1794_entry_00224_conf_01,O=C(COc1ccc(Cl)cc1Cl)[C@@H](Cn1ccnc1)OCC1CCCC1,0.9997398,0.000260146,26,3,3,1
A290_entry_00290_conf_01,Fc1ccc([C@H](Cn2ccnc2)OCc2cccc(F)c2)cc1,0.99944705,0.000552961,23,3,3,1
A2538_entry_00026_conf_01,C#CCN(C/C=C/c1ccccc1)Cc1ccccc1,0.99618775,0.003812272,20,2,2,1
A3110_entry_00284_conf_01,Clc1ccc([C@H](Cn2ccnc2)NCc2ccccc2Cl)cc1,0.9997873,0.000212688,23,3,3,1
A937_entry_00309_conf_01,CCC(C)(C)c1ccc(C[C@@H](O)CN2C[C@@H](C)O[C@@H](C)C2)c(OC)c1,0.99745697,0.002543056,25,2,2,1
A3215_entry_00075_conf_01,CN(Cc1cc(F)ccc1O)Cc1cccc2ccccc12,0.9975383,0.002461735,22,2,3,1
A2556_entry_00044_conf_01,CN(C/C=C/c1ccccc1)CCCc1ccccc1,0.9989517,0.0010483,20,2,2,1
A300_entry_00300_conf_01,COc1ccc(CO[C@@H](Cn2ccnc2)c2ccc(Cl)cc2)cc1,0.99962425,0.000375739,24,3,3,1
A1688_entry_00118_conf_01,CCN(CC)CCOC(=O)c1ccc(c2ccccc2OC)cc1O,0.99819237,0.001807663,25,2,2,1
A3190_entry_00050_conf_01,CN(Cc1ccccc1)Cc1cccc2ccncc12,0.994574,0.005425979,20,2,3,1
A265_entry_00265_conf_01,Fc1ccc([C@@H](Cn2ccnc2)OCc2ccccc2Cl)cc1,0.9989184,0.001081629,23,3,3,1
A2535_entry_00023_conf_01,CCCN(C/C=C/c1ccccc1)Cc1ccccc1,0.99940753,0.000592467,20,2,2,1
A778_entry_00150_conf_01,CCC(C)(C)c1ccc(CCCN2C[C@@H](C)O[C@H](C)C2)cc1,0.9996263,0.000373717,22,2,2,1
A1748_entry_00178_conf_01,CC(C)[C@@H](Oc1ccc(Cl)cc1Cl)C(=O)C(C)(C)Cn1ccnc1,0.99642795,0.003572043,24,2,2,1
A3251_entry_00111_conf_01,CN(Cc1ccc(Br)cc1)Cc1ccc2ccccc2n1,0.9996977,0.000302285,21,2,3,1
A3098_entry_00272_conf_01,Cc1ccc(CO[C@@H](Cn2ccnc2)c2cccc(Cl)c2)cc1,0.99967873,0.000321303,23,3,3,1
A6105_entry_00139_conf_01,CCCCCCCCN[C@@H](C)[C@H](OC)c1ccc(OC)cc1,0.9998154,0.000184656,22,1,1,0
A1807_entry_00237_conf_01,CC[C@@H](Oc1ccc(Cl)cc1Cl)C(=O)[C@@H](Cn1ccnc1)N(C)C,0.9988772,0.0011228,24,2,2,1
A2491_entry_00293_conf_01,CN(C/C=C/c1ccccc1)Cc1cccc2c1OCCO2,0.999821,0.000178998,22,2,3,1
A1704_entry_00134_conf_01,CCN(CC)CCNCc1ccccc1c1ccccc1,0.99966085,0.000339162,21,2,2,1
A6151_entry_00185_conf_01,CCCCCCCCN[C@@H](C)[C@H](O)c1cc(OC)cc(OC)c1,0.99384165,0.006158342,23,1,1,0
A244_entry_00244_conf_01,Cc1ccc(CO[C@@H](Cn2ccnc2)c2ccc(Cl)cc2)cc1,0.9996074,0.000392647,23,3,3,1
A2534_entry_00022_conf_01,COc1cccc(CN(C)C/C=C/c2ccccc2)c1,0.9998233,0.000176742,20,2,2,1
A4658_entry_00262_conf_01,O=C(NCc1ccccc1F)C(c1ccccc1)(c1ccccc1)n1ccnc1,0.999848,0.000152007,29,4,4,1
A3211_entry_00071_conf_01,CN(Cc1ccccc1)Cc1cncc2ccccc12,0.99718153,0.002818523,20,2,3,1
A2525_entry_00013_conf_01,CN(C/C=C/c1ccccc1)C[C@H](O)c1ccc2ccccc2c1,0.99835557,0.001644363,24,2,3,1
A56_entry_00056_conf_01,Fc1ccc(CO[C@@H](Cn2ccnc2)c2ccc(Cl)cc2)cc1,0.999556,0.000443935,23,3,3,1
A712_entry_00084_conf_01,Fc1ccccc1[C@H](Cn1ccnc1)OCc1ccc(Cl)cc1,0.9997408,0.000259171,23,3,3,1
A783_entry_00155_conf_01,CCC(C)(C)c1ccc(C[C@@H](C)CN2C[C@@H](C)O[C@@H](C)C2)cc1,0.9986897,0.001310261,23,2,2,1
A4399_entry_00003_conf_01,Cc1cc(CO[C@@H](Cn2ccnc2)c2ccc(Cl)cc2Cl)ccn1,0.9995276,0.000472428,24,3,3,1
A1617_entry_00047_conf_01,CCN(CC)CCOC(=O)c1ccc(c2ccc(Cl)cc2)cc1O,0.9963237,0.003676374,24,2,2,1
A851_entry_00223_conf_01,CC[C@H](C)c1ccc(C[C@H](C)CN2C[C@@H](C)O[C@@H](C)C2)cc1,0.9993973,0.000602754,22,2,2,1
A2479_entry_00281_conf_01,CN(C/C=C/c1ccccc1)Cc1cccc(Cl)c1,0.9992493,0.000750634,19,2,2,1
A1660_entry_00090_conf_01,CCN(CC)CCOC(=O)c1ccc(c2ccccc2)cc1O,0.9966073,0.00339271,23,2,2,1
A446_entry_00132_conf_01,CCO[C@H](c1ccccc1OCc1cccc(F)c1)n1ccnc1,0.99801576,0.001984185,24,3,3,1
A4443_entry_00047_conf_01,O[C@](CNCc1ncc[nH]1)(Cn1cncn1)c1ccc(F)cc1F,0.99957687,0.000423108,24,3,3,1
A5210_entry_00186_conf_01,O=C(O)CCc1ccc(CNCc2ccccc2)cc1,0.999605,0.000395044,20,2,2,1
A4253_entry_00171_conf_01,NC(=O)OC[C@@H](O)COc1ccc(OCCN2CCCCC2)cc1,0.9936678,0.006332197,24,2,2,1
A2082_entry_00198_conf_01,C=CCN(CC=C)[C@H](Cn1ccnc1)c1ccc(Cl)cc1Cl,0.9978684,0.002131558,22,2,2,1
A2580_entry_00068_conf_01,COc1ccccc1CCN(C)C/C=C/c1ccccc1,0.9996325,0.000367542,21,2,2,1
A4427_entry_00031_conf_01,CC(=O)N1CCN(C[C@](O)(Cn2cncn2)c2ccc(F)cc2F)CC1,0.9993967,0.000603284,26,3,3,1
A922_entry_00294_conf_01,CC[C@@H](CO)c1ccc(C[C@@H](C)CN2C[C@@H](C)O[C@@H](C)C2)cc1,0.99837947,0.001620503,23,2,2,1
A3077_entry_00251_conf_01,Clc1ccc([C@H](Cn2ccnc2)OCc2cccnc2N2CCCCC2)cc1,0.99769104,0.002308936,28,4,4,1
A3269_entry_00129_conf_01,CN(Cc1ccc[nH]1)Cc1cccc2ccccc12,0.99709547,0.00290457,19,2,3,1
A3257_entry_00117_conf_01,CN(Cc1ccccc1CN)Cc1cccc2ccccc12,0.9973864,0.002613594,22,2,3,1
A2563_entry_00051_conf_01,CN(C/C=C/C=C\c1ccccc1)Cc1ccccc1,0.9923671,0.007632893,20,2,2,1
A3410_entry_00270_conf_01,c1ccc([C@@H](c2ccc(N3CCOCC3)cc2)n2ccnc2)cc1,0.99759114,0.002408944,24,4,4,1
A301_entry_00301_conf_01,CC(=O)c1ccc([C@@H](Cn2ccnc2)OCc2ccc(Cl)cc2)cc1,0.99946946,0.00053053,25,3,3,1
A6165_entry_00199_conf_01,CC(C)Sc1ccc([C@H](O)[C@H](C)NCCc2ccccc2)cc1,0.99800175,0.001998243,23,2,2,1
A3268_entry_00128_conf_01,CN(Cc1ccc(CN)cc1)Cc1ccc2ccccc2c1,0.9958269,0.004173094,22,2,3,1
A794_entry_00166_conf_01,CCC(C)(C)c1ccc(CC(=O)CN2C[C@@H](C)O[C@@H](C)C2)cc1,0.9998136,0.000186451,23,2,2,1
A2572_entry_00060_conf_01,CN(C)/C=C/CN(C)Cc1cccc2ccccc12,0.99558485,0.004415177,19,1,2,1
A1695_entry_00125_conf_01,CCN(CC)CCCNCc1ccccc1c1ccccc1,0.9995409,0.000459135,22,2,2,1
A3185_entry_00045_conf_01,CN(Cc1ccc(F)cc1)Cc1cccc2ccoc12,0.9987704,0.001229532,20,2,3,1
A3167_entry_00027_conf_01,CN(Cc1ccccc1)Cc1cccc2cnccc12,0.99105257,0.008947362,20,2,3,1
A3067_entry_00241_conf_01,CCc1ccc([C@@H](Cn2ccnc2)OCc2ccc(C)cc2)cc1,0.99915373,0.000846262,24,3,3,1
A4467_entry_00071_conf_01,CN(Cc1cccnc1)C[C@](O)(Cn1cncn1)c1ccc(F)cc1F,0.99628323,0.003716814,26,3,3,1
A4401_entry_00005_conf_01,Cn1cccc1CO[C@H](Cn1ccnc1)c1ccc(Cl)cc1Cl,0.99739033,0.002609653,23,3,3,1
A921_entry_00293_conf_01,CCC(C)(C)c1ccc(C[C@H](O)CN2C[C@@H](C)O[C@@H](C)C2)c(I)c1,0.9989361,0.001063923,24,2,2,1
A6071_entry_00105_conf_01,CCCCCCCCN[C@H](C)[C@@H](OC)c1ccc(OC)cc1,0.9998154,0.000184656,22,1,1,0
A253_entry_00253_conf_01,Cc1ccc([C@@H](Cn2ccnc2)OCc2ccc(Cl)cc2F)cc1,0.99909437,0.000905644,24,3,3,1
A2634_entry_00122_conf_01,Cc1ccc(CO[C@H](Cn2ccnc2)c2ccc(Cl)cc2F)cc1,0.9994697,0.000530324,24,3,3,1
A312_entry_00312_conf_01,Cc1ccc(CO[C@@H](Cn2ccnc2)c2ccc(Br)cc2)cc1,0.9997943,0.000205763,23,3,3,1
A3382_entry_00242_conf_01,Clc1ccc(C[C@@H](Cn2ccnc2)Oc2ccccc2Cl)cc1,0.992808,0.007191959,23,3,3,1
A1661_entry_00091_conf_01,CCN(CC)CCSc1ccc(c2ccccc2)cc1O,0.9925453,0.007454711,21,2,2,1
A368_entry_00054_conf_01,Ic1ccc([C@@H](Cn2ccnc2)OCc2ccccc2)cc1,0.9984744,0.001525602,22,3,3,1
A1820_entry_00250_conf_01,CC(C)C[C@H](Oc1ccc(Cl)cc1Cl)C(=O)[C@@H](N)Cn1ccnc1,0.99838555,0.001614513,24,2,2,1
A4220_entry_00138_conf_01,Cc1ccc(CCC(=O)OC[C@H](O)COc2ccc(Cl)cc2)cc1,0.9998677,0.000132291,24,2,2,1
A889_entry_00261_conf_01,C[C@H](Cc1ccc(CC(C)(C)C)cc1)CN1C[C@@H](C)O[C@H](C)C1,0.9995546,0.000445423,23,2,2,1
A5100_entry_00076_conf_01,O=C([C@@H](Oc1ccc(Cl)cc1)n1ccnc1)N1CC[C@H](CO)CC1,0.99977833,0.000221634,24,3,3,1
A2481_entry_00283_conf_01,CN(C/C=C/c1ccccc1)Cc1cccc2c1OCO2,0.9997429,0.000257065,21,2,3,1
A758_entry_00130_conf_01,CC[C@H](Cc1ccc(C(C)C)cc1)CN1C[C@@H](C)O[C@@H](C)C1,0.9996469,0.000353089,22,2,2,1
A2602_entry_00090_conf_01,CN(Cc1ccc(Br)o1)Cc1cccc2ccccc12,0.99964607,0.00035398,20,2,3,1
A3316_entry_00176_conf_01,CC(C)CS[C@@H](CCc1ccc(Cl)cc1)Cn1ccnc1,0.9993206,0.000679333,21,2,2,1
A1627_entry_00057_conf_01,CCCN(CCC)CCOC(=O)c1ccc(c2ccccc2)o1,0.9997414,0.000258583,23,2,2,1
A3256_entry_00116_conf_01,CN(Cc1ncco1)Cc1cccc2ccccc12,0.9984446,0.001555446,19,2,3,1
A2348_entry_00150_conf_01,Brc1ccc(C[C@@H](Cn2ccnc2)c2ccccc2)cc1,0.9933924,0.00660762,21,3,3,1
A2555_entry_00043_conf_01,COc1ccc(/C=C/CN(C)Cc2ccccc2OC)cc1,0.99798644,0.002013511,22,2,2,1
A6073_entry_00107_conf_01,CC(C)Sc1ccc([C@@H](O)[C@H](C)NCCCc2ccccc2)cc1,0.9960238,0.003976149,24,2,2,1
A4387_entry_00305_conf_01,CC(=O)N[C@H]1CCN(C[C@](O)(Cn2cncn2)c2ccc(F)cc2F)C1,0.99345076,0.006549235,26,3,3,1
A1608_entry_00038_conf_01,CCN(CC)CCOC(=O)c1ccc(c2ccc(OC)cc2)cc1O,0.99818283,0.001817121,25,2,2,1
A5071_entry_00047_conf_01,O=C(C1CCCCCC1)[C@@H](Oc1ccc(Cl)cc1)n1ccnc1,0.9988294,0.001170604,23,3,3,1
A270_entry_00270_conf_01,CCC(CC)CO[C@@H](Cn1ccnc1)c1ccc(Cl)cc1,0.99328774,0.006712209,21,2,2,1
A1865_entry_00295_conf_01,CC(C)C[C@@H](Oc1ccc(Cl)cc1F)C(=O)C(C)(C)Cn1ccnc1,0.9970079,0.002992092,25,2,2,1
A1640_entry_00070_conf_01,CCN(CC)CCCOC(=O)c1ccsc1c1ccccc1,0.9994885,0.000511487,22,2,2,1
A1650_entry_00080_conf_01,CCN(CC)CCOC(=O)c1cc2ccccc2cc1O,0.996633,0.003367046,21,1,2,1
A2506_entry_00308_conf_01,CN(C/C=C/c1ccccc1)Cc1cccc(C#N)c1,0.99973434,0.000265636,20,2,2,1
A54_entry_00054_conf_01,CCC[C@H](Cn1ccnc1)OCc1ccc(C(F)(F)F)cc1,0.99940145,0.000598606,22,2,2,1
A1669_entry_00099_conf_01,CN(C)CCCCOC(=O)c1ccccc1c1ccccc1,0.9987142,0.001285784,22,2,2,1
A905_entry_00277_conf_01,CCC(C)(CC)c1ccc(CCN2C[C@H](C)O[C@@H](C)C2)cc1,0.99970526,0.000294659,22,2,2,1
A2521_entry_00009_conf_01,CN(C/C=C/c1cccc(Cl)c1)Cc1ccccc1,0.99910283,0.000897185,19,2,2,1
A387_entry_00073_conf_01,Clc1ccccc1CO[C@@H](Cn1ccnc1)c1ccccc1,0.99567586,0.004324118,22,3,3,1
A2518_entry_00006_conf_01,COc1ccccc1CN(C)C/C=C/c1ccccc1,0.99951625,0.000483739,20,2,2,1
A908_entry_00280_conf_01,C[C@H](Cc1ccc(NC(=O)C(C)(C)C)cc1)CN1C[C@@H](C)O[C@@H](C)C1,0.9997677,0.000232319,25,2,2,1
A4729_entry_00019_conf_01,CC(C)CCN(C)Cc1cccc2ccccc12,0.99347717,0.006522892,18,1,2,1
A3147_entry_00007_conf_01,CN(Cc1ccc(Cl)cc1)Cc1cccc2cnccc12,0.99803835,0.001961663,21,2,3,1
A759_entry_00131_conf_01,CCC(C)(C)c1ccc(CCCN2C[C@@H](C)O[C@@H](C)C2)cc1,0.9996263,0.000373717,22,2,2,1
A1591_entry_00021_conf_01,CCN(CC)CCCOc1ccccc1c1ccccc1,0.99503434,0.00496566,21,2,2,1
A2546_entry_00034_conf_01,C=CCN(C/C=C/c1ccccc1)Cc1ccccc1OC,0.9998246,0.00017541,22,2,2,1
A4346_entry_00264_conf_01,NC(=O)OC[C@@H](O)COc1ccc(COc2ccccc2)cc1,0.9976186,0.002381308,23,2,2,1
A278_entry_00278_conf_01,Cc1cccc(CO[C@H](Cn2ccnc2)c2ccc(Cl)cc2)c1,0.9994547,0.000545332,23,3,3,1
A6091_entry_00125_conf_01,CCCCCCN[C@H](C)[C@H](O)c1ccc(OC)cc1,0.9988091,0.001190885,19,1,1,1
A299_entry_00299_conf_01,Cc1ccc(O[C@@H](Cn2ccnc2)c2ccc(Cl)cc2)cc1,0.9983829,0.001617033,22,3,3,1
A845_entry_00217_conf_01,CCC(C)(C)c1ccc(C[C@@H](C)CN2C[C@@H](C)O[C@@H](C)C2)cn1,0.9984189,0.001581065,23,2,2,1
A3073_entry_00247_conf_01,Cc1cc(C)cc(O[C@@H](Cn2ccnc2)c2ccc(Cl)cc2)c1,0.99824226,0.001757794,23,3,3,1
A3131_entry_00305_conf_01,Clc1ccc([C@H](Cn2ccnc2)SCCN2CCCC2)c(Cl)c1,0.9978835,0.002116426,23,3,3,1
A1692_entry_00122_conf_01,CCN(CC)CCOC(=O)c1ccc(c2ccc(F)cc2)cc1O,0.9976732,0.002326784,24,2,2,1
A2554_entry_00042_conf_01,CN(C/C=C/c1cccc(Br)c1)Cc1ccccc1,0.9986588,0.001341226,19,2,2,1
A1701_entry_00131_conf_01,CCN(CC)CCOC(=O)c1ccc(c2ccc(Br)cc2)cc1O,0.9992059,0.000794109,24,2,2,1
A1853_entry_00283_conf_01,CC[C@@H](Oc1ccc(Cl)cc1Cl)C(=O)C1(Cn2ccnc2)CC1,0.99876297,0.001237042,23,3,3,1
A2155_entry_00271_conf_01,OCCN(Cc1ccccc1)C(=S)Oc1ccc2c(c1)CCC2,0.9986059,0.001394115,23,2,3,1
A4445_entry_00049_conf_01,CN(Cc1ncc[nH]1)C[C@](O)(Cn1cncn1)c1ccc(F)cc1F,0.9979565,0.002043531,25,3,3,1
A3246_entry_00106_conf_01,CN(Cc1ccc(F)cc1)Cc1cccc2cc[nH]c12,0.99857354,0.00142639,20,2,3,1
A2316_entry_00118_conf_01,CCc1cn(C[C@H](c2ccccc2)c2ccc(OC)cc2)cn1,0.9912691,0.008730874,23,3,3,1
A720_entry_00092_conf_01,CSc1ccc(CO[C@H](Cn2ccnc2)c2ccc(F)cc2)cc1,0.99972457,0.000275458,24,3,3,1
A3186_entry_00046_conf_01,CN(Cc1ccc(Cl)cc1)Cc1cncc2ccccc12,0.9990773,0.000922683,21,2,3,1
A1842_entry_00272_conf_01,CCC[C@@H](Oc1ccc(Cl)cc1C)C(=O)[C@@H](Cn1ccnc1)OC,0.99929345,0.000706522,24,2,2,1
A1655_entry_00085_conf_01,CCCN(CCC)CCOC(=O)c1nc(c2ccccc2)ccc1O,0.99924785,0.000752119,25,2,2,1
A1805_entry_00235_conf_01,CC(C)C[C@H](Oc1ccc(Cl)cc1F)C(=O)[C@@H](Cn1ccnc1)OC(C)C,0.998531,0.001469006,27,2,2,1
A1878_entry_00308_conf_01,O=C(COc1ccc(Cl)cc1Cl)[C@@H](Cn1ccnc1)NC1CC1,0.9997495,0.000250497,23,3,3,1
A2642_entry_00130_conf_01,Clc1ccc([C@H](CCn2ccnc2)OCc2ccccn2)c(Cl)c1,0.9933072,0.006692807,24,3,3,1
A1723_entry_00153_conf_01,CN(C)CCCCCOC(=O)c1ccccc1c1ccccc1,0.996822,0.003177989,23,2,2,1
A3100_entry_00274_conf_01,Clc1ccc(C[C@H](Cn2ccnc2)OCc2ccccc2)cc1,0.99814117,0.001858867,23,3,3,1
A4241_entry_00159_conf_01,COc1ccc(C[C@@H](COC(=O)N)OC[C@@H](O)COc2ccc(Cl)cc2)cc1,0.99670166,0.003298303,28,2,2,0
A298_entry_00298_conf_01,N#Cc1ccc(CO[C@@H](Cn2ccnc2)c2ccc(Cl)cc2)cc1,0.99049336,0.009506681,24,3,3,1
A2517_entry_00005_conf_01,CN(C/C=C/c1ccccc1)Cc1ccc(F)c(F)c1,0.99962723,0.000372697,20,2,2,1
A6125_entry_00159_conf_01,CCCCCCCN[C@H](C)[C@H](O)c1ccc(Cl)cc1,0.99561477,0.00438525,19,1,1,1
A319_entry_00005_conf_01,N#Cc1ccc([C@@H](Cn2ccnc2)OCc2ccc(Cl)cc2)cc1,0.9935959,0.006404109,24,3,3,1
A3239_entry_00099_conf_01,COc1ccc(CN(C)Cc2cccc3occc23)cc1,0.99926656,0.000733405,21,2,3,1
A928_entry_00300_conf_01,CCC(C)(C)c1ccc(C[C@H](C)CN2C[C@H](C)O[C@@H](C)C2)cc1,0.9986897,0.001310261,23,2,2,1
A311_entry_00311_conf_01,Cc1ccc(OC[C@H](Cn2ccnc2)c2ccc(Cl)cc2)cc1,0.99872833,0.001271667,23,3,3,1
A2513_entry_00001_conf_01,COc1ccccc1/C=C/CN(C)Cc1ccccc1,0.99518955,0.004810463,20,2,2,1
A1886_entry_00002_conf_01,CC[C@H](Oc1ccc(Cl)cc1Cl)C(=O)[C@H](Cn1ccnc1)N1CCCCC1,0.99870074,0.001299287,27,3,3,1
A2537_entry_00025_conf_01,CN(C/C=C/c1cccc(F)c1)Cc1ccccc1,0.99922204,0.000777956,19,2,2,1
A2641_entry_00129_conf_01,Clc1ccc([C@H](CCn2ccnc2)OCc2ccc(Cl)nc2)cc1,0.9977685,0.002231477,24,3,3,1
A2488_entry_00290_conf_01,CN(C/C=C/c1ccccc1)Cc1cccc(Br)c1,0.9991775,0.000822497,19,2,2,1
A4383_entry_00301_conf_01,CC(=O)N[C@H]1CCN(C[C@@](O)(Cn2cncn2)c2ccc(F)cc2F)C1,0.99345076,0.006549235,26,3,3,1
A1835_entry_00265_conf_01,CC(C)(C)C(=O)[C@H](Cn1ccnc1)Oc1ccccc1C(F)(F)F,0.99738926,0.002610788,24,2,2,1
A3304_entry_00164_conf_01,CC(C)O[C@@H](CCc1ccc(Cl)cc1)Cn1ccnc1,0.99703467,0.002965389,20,2,2,1
A1630_entry_00060_conf_01,CC(C)Cc1ccc(c2cccc(C(=O)OCCN(C)C)c2O)cc1,0.9953347,0.004665326,25,2,2,1
A3313_entry_00173_conf_01,Clc1ccc(CC[C@@H](Cn2ccnc2)OCc2cccnc2)cc1,0.9957268,0.004273186,24,3,3,1
A305_entry_00305_conf_01,Clc1ccc(CO[C@H](Cn2ccnc2)c2ccccc2)cc1,0.9994073,0.000592729,22,3,3,1
A3233_entry_00093_conf_01,CN(Cc1ccc(Cl)cc1)Cc1cccc2occc12,0.9984586,0.001541379,20,2,3,1
A2607_entry_00095_conf_01,Fc1ccc([C@@H](Cn2ccnc2)OCc2ccccc2)c(Cl)c1,0.99746096,0.002538968,23,3,3,1
A3076_entry_00250_conf_01,Cc1ccc(O[C@@H](Cn2ccnc2)c2ccc(Cl)cc2)cc1C,0.9982322,0.001767889,23,3,3,1
A796_entry_00168_conf_01,CCC(C)(C)c1ccc(CCCN2C[C@H](C)O[C@@H](C)C2)cc1,0.9996263,0.000373717,22,2,2,1
A4400_entry_00004_conf_01,Cc1cn(C[C@@H](OCc2cccnc2)c2ccc(Cl)cc2Cl)cn1,0.9996518,0.000348216,24,3,3,1
A2264_entry_00066_conf_01,c1ccc([C@H](Cn2ccnc2)c2ccc(OCC3CC3)cc2)cc1,0.9931878,0.006812165,24,4,4,1
A4690_entry_00294_conf_01,CN(CC#CCN)Cc1cccc2ccccc12,0.99842715,0.001572896,18,1,2,1
A1929_entry_00045_conf_01,CCNCc1nc2ccccc2n1Cc1ccc(Cl)cc1,0.99865615,0.001343881,21,2,3,1
A782_entry_00154_conf_01,CCC(C)(C)c1ccc(C[C@H](C)CN2CCO[C@@H](C)C2)cc1,0.99952793,0.000472134,22,2,2,1
A64_entry_00064_conf_01,CC(=O)CCCO[C@@H](Cn1ccnc1)c1ccc(Cl)cc1Cl,0.9982248,0.00177523,22,2,2,1
A2562_entry_00050_conf_01,CN(CC/C=C/c1ccccc1)Cc1ccccc1Cl,0.99906904,0.00093101,20,2,2,1
A3106_entry_00280_conf_01,Fc1ccc([C@H](Cn2ccnc2)OCc2ccsc2)cc1,0.9975001,0.002499866,21,3,3,1
A6079_entry_00113_conf_01,CCCCCCCN[C@H](C)[C@@H](O)c1ccc(OC)cc1,0.9979949,0.002005156,20,1,1,1
A839_entry_00211_conf_01,CC[C@H]1CN(CCCc2ccc(C(C)(C)C)cc2)C[C@@H](C)O1,0.99498427,0.005015733,22,2,2,1
A276_entry_00276_conf_01,Fc1ccc(CO[C@H](Cn2ccnc2)c2ccc(Cl)cc2)cc1,0.999556,0.000443935,23,3,3,1
A1680_entry_00110_conf_01,CCN(CC)CCOC(=O)c1cccc(Oc2ccccc2)c1,0.9996253,0.000374638,23,2,2,1
A932_entry_00304_conf_01,CCC(C)(C)c1ccc(C[C@H](C)CN2C[C@@H](C)O[C@H](C)C2)c(C)c1,0.9971589,0.00284117,24,2,2,1
A1815_entry_00245_conf_01,COc1ccc(CO[C@@H](Cn2ccnc2)C(=O)C(C)(C)C)cc1,0.9998265,0.000173529,23,2,2,1
A2581_entry_00069_conf_01,CC(C)c1ccc(CN(C)C/C=C/c2ccccc2)cc1,0.9997714,0.000228535,21,2,2,1
A2497_entry_00299_conf_01,CC(C)N(C/C=C/c1ccccc1)Cc1ccccc1,0.9993135,0.000686562,20,2,2,1
A3187_entry_00047_conf_01,CN(Cc1ccc(Br)cc1)Cc1cccc2ccoc12,0.99929655,0.000703449,20,2,3,1
A2472_entry_00274_conf_01,CN(C/C=C/c1ccccc1)Cc1ccc(F)cc1,0.99943846,0.000561546,19,2,2,1
A1590_entry_00020_conf_01,CCN(CC)CCOC(=O)c1ccc(c2ccccc2)cc1,0.9995443,0.000455613,22,2,2,1
A2582_entry_00070_conf_01,CN(C/C=C/c1ccccc1)CCCCc1ccccc1,0.99832076,0.001679254,21,2,2,1
A6202_entry_00236_conf_01,CCCCCCN[C@@H](C)[C@@H](O)c1ccc(OC)cc1,0.9988091,0.001190885,19,1,1,1
A2162_entry_00278_conf_01,CCc1cccc(CN(C)C(=S)Oc2ccc3c(c2)CCC3)c1,0.99841845,0.001581491,23,2,3,1
A931_entry_00303_conf_01,C[C@@H](Cc1ccc(C(C)(C)C)cc1)CN1C[C@@H](C)O[C@H](C)C1,0.9997472,0.000252764,22,2,2,1
A4462_entry_00066_conf_01,O[C@](CNCCc1c[nH]cn1)(Cn1cncn1)c1ccc(F)cc1F,0.99915075,0.000849257,25,3,3,1
A4702_entry_00306_conf_01,CN(Cc1cccc2ccccc12)CC1CCC1,0.9961055,0.003894441,18,2,3,1
A941_entry_00313_conf_01,C=CC(C)(C)c1ccc(C[C@H](C)CN2C[C@@H](C)O[C@@H](C)C2)cc1,0.99358845,0.006411514,23,2,2,1
A327_entry_00013_conf_01,COc1ccccc1CO[C@@H](Cn1ccnc1)c1ccc(Cl)cc1,0.9969831,0.003016865,24,3,3,1
A2483_entry_00285_conf_01,CN(C/C=C/c1ccccc1)Cc1ccc(C#N)cc1,0.9996669,0.000333117,20,2,2,1
A2524_entry_00012_conf_01,Cc1ccccc1CN(C)C/C=C/c1ccccc1,0.99914956,0.000850475,19,2,2,1
A3235_entry_00095_conf_01,COC(=O)c1ccc(CN(C)Cc2ccc3ccccc3c2)cc1,0.99970764,0.000292279,24,2,3,1
A2548_entry_00036_conf_01,CN(C/C=C/c1ccc(C#N)cc1)Cc1ccccc1,0.9994624,0.000537594,20,2,2,1
A4434_entry_00038_conf_01,CN(Cc1ccco1)C[C@@](O)(Cn1cncn1)c1ccc(F)cc1F,0.9974025,0.002597541,25,3,3,1
A4496_entry_00100_conf_01,O[C@](CNCc1ccc[nH]1)(Cn1cncn1)c1ccc(F)cc1F,0.99952483,0.00047521,24,3,3,1
A1885_entry_00001_conf_01,CC(C)(C)C(=O)[C@@H](Cn1ccnc1)Oc1ccc(SC(F)(F)F)cc1,0.99852884,0.001471115,25,2,2,1
A2592_entry_00080_conf_01,C[C@@H](/C=C/c1ccccc1)CN(C)Cc1ccccc1,0.9985701,0.001429877,20,2,2,1
A241_entry_00241_conf_01,Clc1ccc([C@@H](Cn2ccnc2)OCc2ccccc2)cc1,0.99579394,0.004206014,22,3,3,1
A4697_entry_00301_conf_01,CSCCCN(C)Cc1cccc2ccccc12,0.99721116,0.00278888,18,1,2,1
A5044_entry_00020_conf_01,CCC[C@H](Oc1ccc(Cl)cc1)C(=O)C(C)(C)n1ccnc1,0.99636674,0.003633284,22,2,2,1
A770_entry_00142_conf_01,CCC(C)(CC)c1ccc(C[C@H](O)CN2C[C@@H](C)O[C@@H](C)C2)cc1,0.9956934,0.004306622,24,2,2,1
A4724_entry_00014_conf_01,CN(CC(=O)C(C)(C)C)Cc1cccc2ccccc12,0.99979466,0.00020531,20,1,2,1
A6052_entry_00086_conf_01,CCCCCCCCN[C@@H](C)[C@@H](O)c1cccc(OC)c1,0.9977805,0.002219492,21,1,1,0
A4369_entry_00287_conf_01,Clc1ccc([C@@H](Cn2ccnc2)SCCNC2CC2)c(Cl)c1,0.99062437,0.009375599,22,3,3,1
A4475_entry_00079_conf_01,O[C@@](CNCc1ccccn1)(Cn1cncn1)c1ccc(F)cc1F,0.9994301,0.000569886,25,3,3,1
A3104_entry_00278_conf_01,CC(C)SC[C@H](Cn1ccnc1)OCc1ccc(Cl)cc1,0.9991704,0.000829609,21,2,2,1
A2583_entry_00071_conf_01,Cc1cccc(CN(C)C/C=C/c2ccccc2)c1,0.99978465,0.000215316,19,2,2,1
A781_entry_00153_conf_01,CCC(C)(CC)c1ccc(CC(=O)N2C[C@@H](C)O[C@@H](C)C2)cc1,0.9998573,0.000142638,23,2,2,1
A1799_entry_00229_conf_01,O=C(COc1ccc(Cl)cc1Cl)[C@H](Cn1ccnc1)OCC1CCC1,0.9997768,0.000223236,25,3,3,1
A6209_entry_00243_conf_01,CCCCCCCCN[C@H](C)[C@@H](O)c1ccc(OC)c(OC)c1,0.99258304,0.007416919,23,1,1,0
A3175_entry_00035_conf_01,CN(Cc1ccccc1)Cc1cccc2ncccc12,0.99642205,0.003577971,20,2,3,1
A1706_entry_00136_conf_01,CCN(CC)CCCOC(=O)c1ccccc1c1ccccc1,0.9993799,0.000620102,23,2,2,1
A764_entry_00136_conf_01,CCC(C)(CC)c1ccc(CCCN2C[C@@H](C)O[C@@H](C)C2)cc1,0.9992785,0.00072154,23,2,2,1
A4406_entry_00010_conf_01,C[C@H](CF)CO[C@@H](Cn1ccnc1)c1ccc(Cl)cc1Cl,0.9925775,0.007422451,21,2,2,1
A1567_entry_00311_conf_01,O=C1CN(Cc2ccccc2)CN1Cc1ccccc1,0.9987154,0.001284579,20,3,3,1
A820_entry_00192_conf_01,CC[C@H](Cc1ccc(C(C)(C)C)cc1)N1C[C@H](C)O[C@@H](C)C1,0.99971753,0.000282388,22,2,2,1
A791_entry_00163_conf_01,CCC(C)(C)c1ccc(C[C@H](O)CN2C[C@@H](C)O[C@H](C)C2)cc1,0.998357,0.001642944,23,2,2,1
A2287_entry_00089_conf_01,Clc1ccc(O[C@@H](CCn2ccnc2)c2ccccc2)cc1,0.9977436,0.002256415,22,3,3,1
A3197_entry_00057_conf_01,CN(Cc1ccc(Br)cc1)Cc1cccc2cnccc12,0.99958795,0.000412093,21,2,3,1
A292_entry_00292_conf_01,Brc1ccc([C@H](Cn2ccnc2)OCc2ccccc2)cc1,0.9984463,0.001553739,22,3,3,1
A1406_entry_00150_conf_01,O=C(c1cncn1[C@H]1CCCc2ccccc12)N1CCCCC1,0.99775946,0.002240547,23,3,4,1
A3178_entry_00038_conf_01,CN(Cc1ccc(Cl)cc1)Cc1cccc2[nH]ccc12,0.99791414,0.002085837,20,2,3,1
A3162_entry_00022_conf_01,CN(Cc1ccc(Cl)cc1)Cc1cccc2cc[nH]c12,0.9980812,0.001918858,20,2,3,1
A1762_entry_00192_conf_01,CC[C@@H](Oc1ccc(Cl)cc1Cl)C(=O)[C@H](Cn1ccnc1)C(C)C,0.9988728,0.001127173,24,2,2,1
A3070_entry_00244_conf_01,COc1cccc(CO[C@H](Cn2ccnc2)c2ccc(Cl)cc2)c1,0.99937797,0.000622028,24,3,3,1
A2142_entry_00258_conf_01,CCCN(Cc1ccccc1)C(=S)Oc1ccc2c(c1)CCC2,0.99883837,0.001161695,23,2,3,1
A814_entry_00186_conf_01,CC[C@H](Cc1ccc(C(C)(C)C)cc1)N1C[C@@H](C)O[C@@H](C)C1,0.99971753,0.000282388,22,2,2,1
A6059_entry_00093_conf_01,CCCCCCCCN[C@H](C)[C@H](O)c1cccc(C)c1,0.99604225,0.003957782,20,1,1,1
A944_entry_00002_conf_01,CCC(C)(CC)c1ccc(C[C@@H](O)CN2C[C@@H](C)O[C@@H](C)C2)c(OC)c1,0.9942327,0.00576728,26,2,2,1
A2610_entry_00098_conf_01,Fc1ccc([C@H](Cn2ccnc2)OCc2ccccc2)c(Cl)c1,0.99746096,0.00253897,23,3,3,1
A2522_entry_00010_conf_01,CN(C/C=C/c1ccccc1)C[C@@H](O)c1cccc2ccoc12,0.9986902,0.001309792,23,2,3,1
A1664_entry_00094_conf_01,CCCN(CCC)CC(=O)c1ccccc1c1ccccc1,0.999663,0.00033703,22,2,2,1
A1932_entry_00048_conf_01,CCOCc1nc2ccccc2n1Cc1ccc(Cl)cc1,0.9932088,0.00679114,21,2,3,1
A1691_entry_00121_conf_01,CC(C)N(CCN)CCOC(=O)c1cccc(c2ccccc2)c1O,0.9991253,0.000874732,25,2,2,1
A3085_entry_00259_conf_01,Cc1ccc(CO[C@H](Cn2ccnc2)c2ccc(Cl)cc2)s1,0.99967885,0.00032116,22,3,3,1
A5953_entry_00301_conf_01,CCCCCCCCN[C@H](C)[C@H](O)c1ccc(C)cc1,0.99338746,0.006612504,20,1,1,1
A3101_entry_00275_conf_01,N#Cc1ccc(CO[C@H](CCn2ccnc2)c2ccc(Cl)cc2)cc1,0.9900247,0.00997526,25,3,3,1
A259_entry_00259_conf_01,Cc1ccc([C@H](Cn2ccnc2)OCc2ccc(Cl)cc2)cc1,0.9990245,0.000975446,23,3,3,1
A6081_entry_00115_conf_01,CCCCCCCCN[C@H](C)[C@H](O)c1ccc(Cl)c(OC)c1,0.9927528,0.007247276,22,1,1,0
A3322_entry_00182_conf_01,Cc1ncc([C@@H](CCc2ccc(Cl)cc2)Cn2ccnc2)n1C,0.9958145,0.004185442,23,3,3,1
A4407_entry_00011_conf_01,Clc1ccc([C@H](Cn2ccnc2)OCCCc2cccnc2)c(Cl)c1,0.996452,0.003548079,25,3,3,1
A1685_entry_00115_conf_01,CC(C)N(CCCN)CC(=O)c1cccc(c2ccccc2)c1O,0.999203,0.00079698,24,2,2,1
A763_entry_00135_conf_01,CC[C@H](Cc1ccc(C(C)C)cc1)CN1C[C@@H](C)O[C@H](C)C1,0.9996469,0.000353089,22,2,2,1
A906_entry_00278_conf_01,CCC(C)(C)c1ccc(CCCCN2C[C@@H](C)O[C@H](C)C2)cc1,0.9994135,0.000586491,23,2,2,1
A2587_entry_00075_conf_01,CN(C/C=C/c1ccccc1)CCc1cccc2c1OCO2,0.9997557,0.000244371,22,2,3,1
A6120_entry_00154_conf_01,CC(C)Sc1ccc([C@H](C)NCCCCCO)cc1,0.9998946,0.000105415,19,1,1,1
A1678_entry_00108_conf_01,CCN(CC)CC[C@H](C)OC(=O)c1ccccc1c1ccccc1,0.998978,0.00102196,24,2,2,1
A3378_entry_00238_conf_01,CC(C)NC[C@@H](Cn1ccnc1)Sc1c(Cl)cccc1Cl,0.9998072,0.000192818,21,2,2,1
A2568_entry_00056_conf_01,CN(C/C=C/c1ccccc1Br)Cc1ccccc1,0.99892455,0.001075384,19,2,2,1
A4428_entry_00032_conf_01,CN1CCN(C[C@@](O)(Cn2cncn2)c2ccc(F)cc2F)CC1,0.9956375,0.004362545,24,3,3,1
A3221_entry_00081_conf_01,COc1ccccc1CN(C)Cc1ccc2ccccc2c1,0.9986957,0.001304399,22,2,3,1
A1623_entry_00053_conf_01,CCN(CC)CC[C@@H](C)Oc1ccccc1c1ccccc1,0.9924495,0.007550445,22,2,2,1
A3165_entry_00025_conf_01,COc1ccc(CN(C)Cc2ccc3ccccc3c2)cc1,0.9993913,0.000608686,22,2,3,1
A1252_entry_00310_conf_01,O=C1CCCN1CCO[C@@H](Cn1ccnc1)c1ccc(Cl)cc1Cl,0.9996809,0.000319161,24,3,3,1
A2632_entry_00120_conf_01,CC(=O)CCCCO[C@@H](Cn1ccnc1)c1ccc(Cl)cc1Cl,0.99729234,0.002707697,23,2,2,1
A4433_entry_00037_conf_01,O[C@@](CNC1CCCCC1)(Cn1cncn1)c1ccc(F)cc1F,0.9961926,0.003807441,24,3,3,1
A1561_entry_00305_conf_01,CC(C)Cc1ccc(CN2CSC(=O)N(Cc3ccccc3)C2)cc1,0.99975437,0.000245664,25,3,3,1
A3209_entry_00069_conf_01,CN(Cc1ccc(F)cc1)Cc1ccc(C(C)(C)C)cc1,0.9990004,0.000999645,21,2,2,1
A2341_entry_00143_conf_01,CC(C)(C)Oc1ccc([C@H](Cn2ccnc2)c2ccccc2)cc1,0.9925748,0.007425227,24,3,3,1
A1856_entry_00286_conf_01,CCC(CC)COC(=O)[C@@H](Cn1ccnc1)Oc1ccc(Cl)cc1Cl,0.9941373,0.005862759,25,2,2,1
A443_entry_00129_conf_01,COc1cccc(COc2ccccc2[C@@H](C)n2ccnc2)c1,0.99508566,0.004914375,23,3,3,1
A767_entry_00139_conf_01,C[C@@H](Cc1ccc(C(C)C)cc1)CN1C[C@@H](C)O[C@@H](C)C1,0.9997985,0.000201503,21,2,2,1
A2150_entry_00266_conf_01,Cc1cccc(CN(C)C(=S)Oc2ccc3c(c2)CCCC3)c1,0.9991929,0.000807091,23,2,3,1
A1668_entry_00098_conf_01,CCN(CC)CCOC(=O)c1c(O)c(c2ccccc2)cn1C,0.9956915,0.004308526,23,2,2,1
A2579_entry_00067_conf_01,CN(C/C=C/c1ccccc1)C[C@@H](O)c1ccc2ccoc2c1,0.9988199,0.00118009,23,2,3,1
A4193_entry_00111_conf_01,Cc1ccc(C[C@@H](COC(=O)N)OC[C@@H](O)COc2ccc(Cl)cc2)cc1,0.99658513,0.003414837,27,2,2,1
A2254_entry_00056_conf_01,CC(=O)c1cn(C[C@@H](c2ccccc2)c2ccc(Cl)cc2)cn1,0.9988593,0.001140759,23,3,3,1
A2595_entry_00083_conf_01,CN(C/C=C/c1ccccc1)C(=O)Cc1ccccc1,0.9998659,0.00013414,20,2,2,1
A1657_entry_00087_conf_01,CCN(CC)C[C@@H](C)OC(=O)c1ccccc1c1ccccc1,0.9996594,0.000340555,23,2,2,1
A3299_entry_00159_conf_01,CCCS[C@@H](CCc1ccc(Cl)cc1)Cn1ccnc1,0.9952867,0.00471323,20,2,2,1
A3089_entry_00263_conf_01,Clc1ccc([C@H](CCn2ccnc2)OCc2ccsc2)cc1,0.9930848,0.006915188,22,3,3,1
A1621_entry_00051_conf_01,CCN(CC)CCCNc1ccccc1c1ccccc1,0.997412,0.00258797,21,2,2,1
A624_entry_00310_conf_01,CCCCN(CCO)CCOc1ccc(Cl)cc1,0.99843854,0.001561484,18,1,1,1
A5986_entry_00020_conf_01,CCCCCCCCN[C@@H](C)[C@H](O)c1ccc(C)cc1,0.99338746,0.006612504,20,1,1,1
A761_entry_00133_conf_01,C[C@@H](Cc1ccc(C(C)(C)C)cc1)N1C[C@@H](C)O[C@@H](C)C1,0.9998287,0.000171253,21,2,2,1
A4292_entry_00210_conf_01,O=C(CCc1ccccc1)OC[C@H](O)COc1ccc(Cl)cc1,0.99984455,0.00015546,23,2,2,1
A871_entry_00243_conf_01,COC(=O)[C@@H]1CN(C[C@@H](C)Cc2ccc(C(C)(C)C)cc2)C[C@@H](C)O1,0.99591595,0.004084024,25,2,2,1
A2119_entry_00235_conf_01,Clc1ccc([C@H](Cn2ccnc2)OCCN2CCCCC2)c(Cl)c1,0.9964945,0.003505495,24,3,3,1
A819_entry_00191_conf_01,CCC(C)(C)c1ccc(CCCN2C[C@@H](C)O[C@@H](C)[C@H]2C)cc1,0.9990337,0.000966384,23,2,2,1
A848_entry_00220_conf_01,CCC(CC)(CC)c1ccc(CCN2C[C@@H](C)O[C@@H](C)C2)cc1,0.999119,0.000881052,23,2,2,1
A868_entry_00240_conf_01,CCC(CC)c1ccc(C[C@@H](C)CN2C[C@@H](C)O[C@@H](C)C2)cn1,0.9982686,0.001731352,23,2,2,1
A2644_entry_00132_conf_01,CC(=O)CC[C@@H](Cn1ccnc1)OCc1ccc(Cl)cc1,0.99921966,0.000780369,21,2,2,1
A3145_entry_00005_conf_01,CN(Cc1ccc(Cl)cc1)Cc1cccc2ccoc12,0.9984181,0.001581868,20,2,3,1
A246_entry_00246_conf_01,Clc1ccc([C@H](Cn2ccnc2)OCc2ccccc2)cc1,0.99579394,0.004206014,22,3,3,1
A3150_entry_00010_conf_01,CN(Cc1ccc(Cl)cc1)Cc1ccnc2ccccc12,0.9990042,0.000995805,21,2,3,1
A328_entry_00014_conf_01,Clc1cccc(CO[C@@H](Cn2ccnc2)c2ccccc2)c1,0.9990559,0.000944075,22,3,3,1
A286_entry_00286_conf_01,CC(=O)c1ccc([C@@H](Cn2ccnc2)OCc2ccccc2)cc1,0.9972006,0.002799428,24,3,3,1
A5064_entry_00040_conf_01,CC(C)(C)C(=O)[C@H](SCc1ccc(Cl)cc1)n1ccnc1,0.9998,0.000200041,21,2,2,1
A2496_entry_00298_conf_01,CN(C/C=C/c1ccccc1)Cc1ccccc1Br,0.99896157,0.001038374,19,2,2,1
A1612_entry_00042_conf_01,CCN(CC)CCOC(=O)c1ccc(c2ccccc2OC)cc1,0.99976355,0.000236397,24,2,2,1
A2313_entry_00115_conf_01,COc1ccc([C@@H](Cn2ccnc2)c2ccc(C)cc2)cc1,0.99260885,0.007391082,22,3,3,1
A1388_entry_00132_conf_01,CCCCN(CCCC)C(=O)c1cncn1[C@H]1CCCc2ccccc12,0.9995983,0.000401645,26,2,3,1
A441_entry_00127_conf_01,C[C@H](c1ccccc1OCc1ccc(Cl)cc1)n1ccnc1,0.9987519,0.001248137,22,3,3,1
A824_entry_00196_conf_01,CC[C@H](Cc1ccc(C(C)(C)C)cc1)CN1C[C@H](C)O[C@@H](C)C1,0.9990521,0.000947843,23,2,2,1
A5954_entry_00302_conf_01,CCCCCCCCN[C@@H](C)[C@H](O)c1ccc(Cl)cc1,0.99338746,0.006612504,20,1,1,1
A5111_entry_00087_conf_01,CC(C)Cc1ccc(O[C@@H](C(=O)C(C)(C)C)n2ccnc2)cc1,0.9987276,0.001272338,23,2,2,1
A1729_entry_00159_conf_01,CCN(CC)CCCC(=O)c1c(O)cccc1c1ccccc1,0.99459803,0.005401938,23,2,2,1
A1876_entry_00306_conf_01,CC(C)N(C(=O)[C@H](Cn1ccnc1)Oc1ccc(Cl)cc1Cl)C(C)C,0.99982494,0.000175122,25,2,2,1
A2482_entry_00284_conf_01,CN(C/C=C/c1ccccc1)Cc1ccc(N(C)C)cc1,0.99939275,0.000607189,21,2,2,1
A1257_entry_00001_conf_01,Cc1ccc(OCCO[C@H](Cn2ccnc2)c2ccc(Cl)cc2)cc1,0.9991748,0.000825185,25,3,3,1
A4732_entry_00022_conf_01,CN(CCOCC(C)(C)C)Cc1cccc2ccccc12,0.99984944,0.000150556,21,1,2,1
A2078_entry_00194_conf_01,O=C(O[C@@H](Cn1ccnc1)c1ccc(Cl)cc1Cl)C1CCCC1,0.9993591,0.000640951,23,3,3,1
A51_entry_00051_conf_01,Clc1ccc([C@H](CCn2ccnc2)OCc2cccnc2)c(Cl)c1,0.99439764,0.005602397,24,3,3,1
A858_entry_00230_conf_01,C[C@@H](CN1C[C@@H](C)O[C@@H](C)C1)c1ccc(C(C)(C)C)cc1,0.99805826,0.001941763,21,2,2,1
A1821_entry_00251_conf_01,Cc1ccc([C@@H](C)O[C@@H](Cn2ccnc2)C(=O)C(C)(C)C)cc1,0.99943966,0.00056034,23,2,2,1
A6207_entry_00241_conf_01,CC(C)CCCNC[C@H](O)c1ccc(SC(C)C)cc1,0.9997826,0.000217416,20,1,1,1
A813_entry_00185_conf_01,CC[C@@H](Cc1ccc(C(C)(C)C)cc1)CN1C[C@@H](C)O[C@H](C)C1,0.9990521,0.000947843,23,2,2,1
A5053_entry_00029_conf_01,CCCC(C)(C)C(=O)[C@H](Oc1ccc(C)cc1)n1ccnc1,0.9943856,0.005614382,22,2,2,1
A1656_entry_00086_conf_01,CCN(CC)CCSc1ccccc1c1ccccc1,0.99737895,0.002621117,20,2,2,1
A6102_entry_00136_conf_01,CCCCCCCCN[C@H](C)[C@@H](O)c1ccc(Cl)c(OC)c1,0.9927528,0.007247276,22,1,1,0
A1263_entry_00007_conf_01,O=C(CCCO[C@@H](Cn1ccnc1)c1ccc(Cl)cc1Cl)NC1CC1,0.99931943,0.000680525,25,3,3,1
A281_entry_00281_conf_01,Cc1ccc(OC[C@@H](Cn2ccnc2)c2ccc(Cl)cc2)cc1,0.99872833,0.001271667,23,3,3,1
A798_entry_00170_conf_01,CCC(C)(C)c1ccc(CCN2C[C@@H](C)O[C@@H](C)[C@H]2C)cc1,0.99940276,0.000597228,22,2,2,1
A380_entry_00066_conf_01,CC(=O)c1ccc([C@H](Cn2ccnc2)OCc2ccc(Cl)cc2)cc1,0.99946946,0.00053053,25,3,3,1
A2364_entry_00166_conf_01,COc1ccc([C@@H](Cn2ccnc2)c2cccc(OC)c2)cc1,0.99535924,0.004640815,23,3,3,1
A3146_entry_00006_conf_01,CN(Cc1ccccc1C#N)Cc1cccc2ccccc12,0.9989894,0.001010557,22,2,3,1
A6226_entry_00260_conf_01,CSc1ccc([C@@H](C)NCCCCCCCO)cc1,0.9998909,0.000109103,19,1,1,1
A1579_entry_00009_conf_01,CC(C)N1CN(Cc2ccccc2)/C(=N/c2ccccc2)/S1,0.9992065,0.000793489,22,3,3,1
A825_entry_00197_conf_01,C[C@@H](Cc1ccc([C@@H](C)O)cc1)CN1C[C@@H](C)O[C@@H](C)C1,0.999331,0.000669039,21,2,2,1
A5119_entry_00095_conf_01,CCCC(C)(C)C(=O)[C@H](Oc1cccc(Cl)c1)n1ccnc1,0.9944951,0.005504908,22,2,2,1
A378_entry_00064_conf_01,Clc1cccc([C@@H](Cn2ccnc2)OCc2ccccc2)c1,0.9973876,0.002612435,22,3,3,1
A784_entry_00156_conf_01,CCC(C)(C)c1ccc(C[C@@H](C)CN2CCOC(C)(C)C2)cc1,0.9995388,0.000461213,23,2,2,1
A2156_entry_00272_conf_01,CCN(Cc1ccncc1)C(=S)Oc1ccc2c(c1)CCC2,0.9994648,0.000535165,22,2,3,1
A2378_entry_00180_conf_01,CCc1cn(C[C@@H](c2ccccc2)c2ccc(Br)cc2)nn1,0.9957241,0.00427594,22,3,3,1
A1659_entry_00089_conf_01,CCN(CC)CCCCOC(=O)c1ccc(c2ccccc2)o1,0.99905974,0.000940272,23,2,2,1
A1194_entry_00252_conf_01,CCOC(=O)c1cncn1[C@@H]1CCCc2cc(OC(C)C)ccc12,0.99428695,0.005713064,24,2,3,1
A803_entry_00175_conf_01,CCC(C)(C)c1ccc(CCN2C[C@H](C)O[C@H](C)C2)cc1,0.99974805,0.000251902,21,2,2,1
A4431_entry_00035_conf_01,OCCCNC[C@](O)(Cn1cncn1)c1ccc(F)cc1F,0.99852353,0.00147652,22,2,2,1
A4398_entry_00002_conf_01,Cc1nccn1C[C@@H](OCc1cccnc1)c1ccc(Cl)cc1Cl,0.999137,0.000863034,24,3,3,1
A800_entry_00172_conf_01,CCC(C)(CC)c1ccc(C[C@H](C)CN2CCO[C@@H](C)C2)cc1,0.9989955,0.001004574,23,2,2,1
A6094_entry_00128_conf_01,CCCCCCCN[C@@H](C)[C@H](O)c1ccc(OC)cc1,0.9979949,0.002005156,20,1,1,1
A3240_entry_00100_conf_01,CN(Cc1ccccc1N(C)C)Cc1cccc2ccccc12,0.99804187,0.001958073,23,2,3,1
A1689_entry_00119_conf_01,CCN(CC)CCc1ccccc1c1ccccc1,0.99147123,0.008528777,19,2,2,1
A5122_entry_00098_conf_01,CCCCc1ccc(O[C@H](C(=O)C(C)(C)C)n2ccnc2)cc1,0.99736017,0.002639774,23,2,2,1
A1880_entry_00310_conf_01,CC[C@H](Oc1ccc(Cl)cc1Cl)C(=O)[C@H](N)Cn1ccnc1,0.99827576,0.001724251,22,2,2,1
A347_entry_00033_conf_01,COc1cccc(CO[C@@H](Cn2ccnc2)c2ccc(Cl)cc2)c1,0.99937797,0.000622028,24,3,3,1
A1676_entry_00106_conf_01,CCN(CC)CCOC(=O)c1ccccc1C(=O)c1ccccc1,0.9997917,0.000208372,24,2,2,1
A776_entry_00148_conf_01,CCC(C)(C)c1ccc(CCN2C[C@H](C)O[C@@H](C)C2)cc1,0.99974805,0.000251902,21,2,2,1
A924_entry_00296_conf_01,CC[C@H]1CN(C[C@H](C)Cc2ccc(C(C)(C)C)cc2)CCO1,0.99710184,0.002898167,22,2,2,1
A926_entry_00298_conf_01,CCC(C)(C)c1ccc(CCCN2C[C@@H](C)OC(C)(C)C2)cc1,0.9995408,0.000459252,23,2,2,1
A2358_entry_00160_conf_01,CC(C)c1cn(C[C@@H](c2ccccc2)c2ccc(F)cc2)cn1,0.99535084,0.004649162,23,3,3,1
A5950_entry_00298_conf_01,CCCCCCCCN[C@@H](C)[C@H](O)c1ccc(OC)cc1,0.997027,0.002973067,21,1,1,0
A356_entry_00042_conf_01,CC(=O)CCCCO[C@@H](Cn1ccnc1)c1ccc(Cl)cc1,0.9977192,0.002280697,22,2,2,1
A1570_entry_00314_conf_01,O=C1CN(Cc2ccccc2)CN1c1ccccc1,0.99837744,0.001622564,19,3,3,1
A773_entry_00145_conf_01,CCC(C)(C)c1ccc(CCCCN2C[C@@H](C)O[C@@H](C)C2)cc1,0.9994135,0.000586491,23,2,2,1
A4256_entry_00174_conf_01,CCOC(=O)CCc1ccc(OC[C@H](O)COC(=O)N)cc1,0.9987633,0.001236692,22,1,1,1
A1697_entry_00127_conf_01,CCCCN(C)CCOC(=O)c1ccccc1c1ccccc1,0.99950314,0.000496915,23,2,2,1
A1778_entry_00208_conf_01,CC(C)C[C@@H](Oc1ccc(Cl)cc1Cl)C(=O)[C@@H](C)Cn1ccnc1,0.99582005,0.004179937,24,2,2,1
A5999_entry_00033_conf_01,CCCCN[C@@H](C)[C@@H](O)c1ccc(OC(C)C)cc1,0.9977639,0.002236145,19,1,1,1
A916_entry_00288_conf_01,CC[C@H](Cc1cccc(C(C)C)c1)CN1C[C@@H](C)O[C@@H](C)C1,0.9996574,0.000342618,22,2,2,1
A2516_entry_00004_conf_01,CN(C/C=C/c1ccccc1)Cc1c[nH]c2ccccc12,0.9995364,0.000463575,21,2,3,1
A2274_entry_00076_conf_01,COc1ccc([C@@H](Cn2ccnc2)c2ccccc2)cc1OC,0.992882,0.007117964,23,3,3,1
A1872_entry_00302_conf_01,CC(C)C[C@@H](Oc1ccc(Cl)cc1Cl)C(=O)C(C)(C)Cn1ccnn1,0.9982424,0.001757582,25,2,2,1
A835_entry_00207_conf_01,CCC(C)(CC)c1ccc(C[C@@H](O)CN2C[C@@H](C)O[C@@H](C)C2)cn1,0.9952081,0.004791891,24,2,2,1
A6112_entry_00146_conf_01,CC(C)CCCN[C@H](C)[C@H](O)c1ccc(SC(C)C)cc1,0.9925904,0.007409566,21,1,1,1
A2578_entry_00066_conf_01,CN(C/C=C\c1ccccc1)Cc1ccccc1,0.9988722,0.001127764,18,2,2,1
A2536_entry_00024_conf_01,CN(CC/C=C/c1ccccc1)CCc1ccccc1,0.99928015,0.000719886,20,2,2,1
A342_entry_00028_conf_01,CCC(CC)CO[C@H](Cn1ccnc1)c1ccc(Cl)cc1,0.99328774,0.006712209,21,2,2,1
A801_entry_00173_conf_01,CCC(C)(CC)c1ccc(C[C@H](C)CN2C[C@@H](C)O[C@@H](C)C2)cn1,0.99624723,0.003752812,24,2,2,1
A1178_entry_00236_conf_01,CCCCOC(=O)c1cncn1[C@H]1CCCc2ccccc12,0.9945439,0.005456133,22,2,3,1
A899_entry_00271_conf_01,CCC(C)(C)c1ccc(CCCN2CCO[C@@H](C)C2)cc1,0.99972457,0.000275395,21,2,2,1
A5960_entry_00308_conf_01,CCCCCCCCN[C@H](C)[C@@H](O)c1ccc(C)cc1,0.99338746,0.006612504,20,1,1,1
A2486_entry_00288_conf_01,CN(C/C=C/c1ccccc1)Cc1ccccc1Cl,0.9988574,0.001142579,19,2,2,1
A793_entry_00165_conf_01,CC[C@H](Cc1ccc(C(C)(C)O)cc1)CN1C[C@@H](C)O[C@@H](C)C1,0.99711084,0.002889185,23,2,2,1
A3377_entry_00237_conf_01,CCCCNC[C@@H](Cn1ccnc1)Sc1c(Cl)cccc1Cl,0.999634,0.000365964,22,2,2,1
A2259_entry_00061_conf_01,c1ccc(C(OCCn2ccnc2)c2ccccc2)cc1,0.9988832,0.001116824,21,3,3,1
A1600_entry_00030_conf_01,CCN(CC)CCOC(=O)c1cc(c2ccccc2)oc1C,0.99956053,0.0004395,22,2,2,1
A1686_entry_00116_conf_01,CCN(CC)CCCOC(=O)c1ccc(c2ccccc2OC)cc1,0.9997254,0.000274614,25,2,2,1
A2494_entry_00296_conf_01,CN(C/C=C/c1ccccc1)Cc1cc2ccccc2o1,0.9995524,0.000447587,21,2,3,1
A1610_entry_00040_conf_01,CC(C)N(CCCN)CCOC(=O)c1cccc(c2ccccc2)c1O,0.9983884,0.001611571,26,2,2,1
A963_entry_00021_conf_01,CCOC(=O)CCc1cncn1[C@@H]1CCCc2ccccc12,0.9900495,0.009950492,22,2,3,1
A2267_entry_00069_conf_01,COc1ccc(C(Cn2ccnc2)c2ccc(OC)cc2)cc1,0.9964598,0.003540273,23,3,3,1
A3154_entry_00014_conf_01,CN(Cc1ccc(Cl)cc1)Cc1ccc2ccccc2n1,0.99850464,0.001495425,21,2,3,1
A826_entry_00198_conf_01,CCC(C)(C)c1ccc(CCN2C[C@@H](C)O[C@@H](C)C2)nc1,0.99967885,0.000321141,21,2,2,1
A2106_entry_00222_conf_01,Clc1ccc([C@H](Cn2ccnc2)OCC2CCC2)c(Cl)c1,0.99305385,0.006946147,21,3,3,1
A3097_entry_00271_conf_01,Fc1cccc(CO[C@H](Cn2ccnc2)c2ccc(Cl)cc2)c1,0.9993901,0.000609803,23,3,3,1
A3081_entry_00255_conf_01,Clc1ccc([C@H](Cn2ccnc2)OCCc2cccs2)cc1,0.9979025,0.00209747,22,3,3,1
A2559_entry_00047_conf_01,CN(C/C=C/c1ccccc1)Cc1ccc(CO)cc1,0.99957603,0.000423925,20,2,2,1
A1562_entry_00306_conf_01,c1ccc(CN2CCCN(Cc3ccccc3)C2)cc1,0.99899644,0.001003524,20,3,3,1
A4439_entry_00043_conf_01,O[C@@](CNCC(F)(F)F)(Cn1cncn1)c1ccc(F)cc1F,0.9994825,0.00051747,23,2,2,1
A780_entry_00152_conf_01,C[C@@H](Cc1ccc(C(C)C)cc1)CN1C[C@@H](C)O[C@H](C)C1,0.9997985,0.000201503,21,2,2,1
A2515_entry_00003_conf_01,CN(C/C=C/c1ccccc1)Cc1cc2ccccc2[nH]1,0.99954826,0.00045168,21,2,3,1
A1037_entry_00095_conf_01,CCCN(CCC)C(=O)c1cncn1[C@@H]1CCCc2ccccc12,0.99962294,0.000376992,24,2,3,1
A1628_entry_00058_conf_01,CCN(CC)CCCOC(=O)c1ccc(c2ccccc2)o1,0.9994673,0.000532719,22,2,2,1
A255_entry_00255_conf_01,Cc1ccc(CO[C@H](Cn2ccnc2)c2ccc(C)cc2)cc1,0.9996074,0.000392647,23,3,3,1
A827_entry_00199_conf_01,CCC(C)(C)c1ccc(C[C@H](C)CN2C[C@@H](C)O[C@H](C)C2)cc1,0.9986897,0.001310261,23,2,2,1
A6008_entry_00042_conf_01,CCCCCCCCN[C@H](C)[C@H](O)c1cccc(Cl)c1,0.99604225,0.003957782,20,1,1,1
A3293_entry_00153_conf_01,CC(C)S[C@H](CCc1ccc(Cl)cc1)Cn1ccnc1,0.9985367,0.001463351,20,2,2,1
A1731_entry_00161_conf_01,CCN(CC)CCN(CC)Cc1ccccc1c1ccccc1,0.9959449,0.004055135,23,2,2,1
A917_entry_00289_conf_01,CCC(C)(CC)c1ccc(C[C@@H](C)CN2C[C@@H](C)O[C@@H](C)C2)nc1,0.99710506,0.002894901,24,2,2,1
A3238_entry_00098_conf_01,COc1ccc(CN(C)Cc2cccc3[nH]ccc23)cc1,0.998923,0.00107694,21,2,3,1
A317_entry_00003_conf_01,CC[C@@H](Cn1ccnc1)OCc1c(Cl)cccc1Cl,0.99810034,0.001899728,19,2,2,1
A375_entry_00061_conf_01,COc1ccccc1CO[C@H](Cn1ccnc1)c1ccc(Cl)cc1,0.9969831,0.003016865,24,3,3,1
A44_entry_00044_conf_01,CC[C@@H](Cn1ccnc1)OCc1ccc(C(F)(F)F)cc1,0.9996265,0.000373505,21,2,2,1
A3224_entry_00084_conf_01,CN(Cc1ccccc1)Cc1cccc2[nH]ccc12,0.9912539,0.008746054,19,2,3,1
A855_entry_00227_conf_01,CCC(C)(C)c1ccc(OC[C@H](C)CN2C[C@@H](C)O[C@@H](C)C2)cc1,0.9995977,0.000402324,24,2,2,1
A940_entry_00312_conf_01,CC[C@H](Cc1ccc(C(C)(C)C)cc1)N1C[C@@H](C)O[C@@H](C)[C@H]1C,0.9949904,0.005009614,23,2,2,1
A2519_entry_00007_conf_01,CN(CC/C=C/c1ccccc1)Cc1ccccc1F,0.9993111,0.000688916,20,2,2,1
A875_entry_00247_conf_01,C[C@H](Cc1ccc(C(C)C)cc1)CN1C[C@H](C)O[C@@H](C)C1,0.9997985,0.000201503,21,2,2,1
A2527_entry_00015_conf_01,CC(=O)N(C/C=C/c1ccccc1)Cc1ccccc1,0.99981195,0.000188072,20,2,2,1
A2475_entry_00277_conf_01,CCN(C/C=C/c1ccccc1)Cc1ccccc1,0.9994955,0.000504459,19,2,2,1
A5134_entry_00110_conf_01,O=C([C@H](Oc1ccc(Cl)cc1)C1CC1)[C@H](C1CC1)n1ccnc1,0.99223375,0.007766211,23,4,4,1
A3365_entry_00225_conf_01,COC(=O)[C@H](CCc1ccc(Cl)cc1)Cn1ccnc1,0.99084866,0.00915138,20,2,2,1
A6177_entry_00211_conf_01,CCCCCCN[C@H](C)[C@@H](O)c1ccc(OC)cc1,0.9988091,0.001190885,19,1,1,1
A5959_entry_00307_conf_01,CCCCCCCCN[C@@H](C)[C@@H](O)c1ccc(Cl)cc1,0.99338746,0.006612504,20,1,1,1
A1683_entry_00113_conf_01,CCN(CC)CCCOC(=O)c1ccc(Oc2ccccc2)cc1,0.99955994,0.000439988,24,2,2,1
A4515_entry_00119_conf_01,CCN(Cc1cccnc1)C[C@@](O)(Cn1cncn1)c1ccc(F)cc1F,0.9958652,0.004134767,27,3,3,1
A4234_entry_00152_conf_01,COC(=O)CCc1ccc(OC[C@@H](O)COC(=O)N)cc1,0.9986571,0.001342905,21,1,1,1
A120_entry_00120_conf_01,CS/C=C(\c1cccc(OCCCC(C)C)c1)/n1ccnc1,0.99792176,0.002078247,22,2,2,1
A713_entry_00085_conf_01,CC[C@H](CO[C@@H](Cn1ccnc1)c1ccc(Cl)cc1Cl)OC,0.999159,0.000841055,22,2,2,1
A31_entry_00031_conf_01,CC(C)CCO[C@@H](Cn1ccnc1)c1ccc(Cl)cc1Cl,0.9945259,0.005474083,21,2,2,1
A1813_entry_00243_conf_01,CC(C)(C)C(=O)[C@H](Cn1ccnc1)Oc1cccc(C(F)(F)F)c1,0.996828,0.00317195,24,2,2,1
A5098_entry_00074_conf_01,CCC[C@@H](C)C(=O)[C@@H](Oc1ccc(F)cc1)n1ccnc1,0.99705744,0.00294262,21,2,2,1
A3200_entry_00060_conf_01,CN(Cc1ccccc1)Cc1cccc2cc[nH]c12,0.99232084,0.007679169,19,2,3,1
A1773_entry_00203_conf_01,O=C(C1CCC1)[C@H](Cn1ccnc1)Oc1ccc(Cl)cc1Cl,0.999131,0.000868951,22,3,3,1
A3350_entry_00210_conf_01,COC(=O)[C@@H](CCc1ccc(Cl)cc1)Cn1ccnc1,0.99084866,0.00915138,20,2,2,1
A832_entry_00204_conf_01,CC[C@H](Cc1ccc(C(C)C)cc1)CN1C[C@H](C)O[C@@H](C)C1,0.9996469,0.000353089,22,2,2,1
A437_entry_00123_conf_01,Clc1ccc(COc2ccccc2CCn2ccnc2)cc1,0.99859565,0.001404321,22,3,3,1
A4465_entry_00069_conf_01,CCN(Cc1ccco1)C[C@](O)(Cn1cncn1)c1ccc(F)cc1F,0.9973041,0.002695906,26,3,3,1
A3166_entry_00026_conf_01,COc1cc(CN(C)Cc2cccc3ccccc23)cc(OC)c1OC,0.9998241,0.000175962,26,2,3,1
A837_entry_00209_conf_01,CC[C@@H](C)c1ccc(C[C@@H](CC)N2C[C@@H](C)O[C@@H](C)C2)cc1,0.9993678,0.000632209,22,2,2,1
A2604_entry_00092_conf_01,CN(C)c1nc2ccc(OCCCN3CCC(C)(C)CC3)cc2s1,0.9960232,0.00397684,24,2,3,1
A1614_entry_00044_conf_01,CCN(CC)CCCOC(=O)c1ccc2ccccc2c1,0.9986526,0.001347445,21,1,2,1
A2100_entry_00216_conf_01,Clc1ccc([C@@H](Cn2ccnc2)OCCN2CCOCC2)c(Cl)c1,0.9994598,0.000540219,24,3,3,1
A1727_entry_00157_conf_01,CCOc1c(C(=O)OCCN(CC)CC)cccc1c1ccccc1,0.99677485,0.003225189,25,2,2,1
A2308_entry_00110_conf_01,Brc1ccc([C@@H](OCCn2ccnc2)c2ccccc2)cc1,0.9992379,0.000762099,22,3,3,1
A903_entry_00275_conf_01,C[C@@H]1CN(C[C@@H](O)Cc2ccc(C(C)(C)C)cc2)C[C@H](C)O1,0.99699247,0.003007553,22,2,2,1
A846_entry_00218_conf_01,C[C@@H](Cc1ccc(C(C)(C)C)cc1)CN1CCO[C@@H](C)C1,0.99982446,0.000175612,21,2,2,1
A1060_entry_00118_conf_01,CCOC(=O)CCc1cncn1[C@@H]1CCc2ccccc12,0.9937937,0.006206296,21,2,3,1
A1034_entry_00092_conf_01,CN(Cc1ccccc1)C(=O)c1cncn1[C@H]1CCCc2ccccc12,0.9994609,0.00053916,26,3,4,1
A1595_entry_00025_conf_01,CCN(CC)CCOc1ccccc1c1ccccc1,0.996015,0.003984949,20,2,2,1
A1606_entry_00036_conf_01,CCN(CC)CCCOC(=O)c1ccc(c2ccccc2)cc1,0.99937266,0.00062735,23,2,2,1
A1647_entry_00077_conf_01,CCN(CC)CCCC(=O)c1ccccc1c1ccccc1,0.99737084,0.002629097,22,2,2,1
A1622_entry_00052_conf_01,CCN(CC)CCOC(=O)c1ccccc1c1ccccc1,0.9994216,0.000578373,22,2,2,1
A359_entry_00045_conf_01,Ic1ccc([C@H](Cn2ccnc2)OCc2ccccc2)cc1,0.9984744,0.001525602,22,3,3,1
A5138_entry_00114_conf_01,CCC[C@@H](CC)C(=O)[C@H](Oc1ccc(Cl)cc1)n1ccnc1,0.99565506,0.004344966,22,2,2,1
A1170_entry_00228_conf_01,CCOC(=O)c1cncn1[C@@H]1CCCc2cc(C(F)(F)F)ccc12,0.99079657,0.009203411,24,2,3,1
A5997_entry_00031_conf_01,CCCCCN[C@H](C)[C@H](O)c1ccc(SC(C)C)cc1,0.9940724,0.005927677,20,1,1,1
A3192_entry_00052_conf_01,COc1ccc(CN(C)Cc2cccc3ncccc23)cc1,0.99953604,0.000463964,22,2,3,1
A6208_entry_00242_conf_01,CCCCN[C@H](C)[C@@H](O)Cc1ccc(SC(C)C)cc1,0.9987392,0.001260809,20,1,1,1
A3338_entry_00198_conf_01,CC(=O)O[C@@H](CCc1ccc(Cl)cc1)Cn1ccnc1,0.9984119,0.001588041,20,2,2,1
A914_entry_00286_conf_01,CC[C@H]1CN(C[C@@H](C)Cc2ccc(C(C)(C)C)cc2)CCO1,0.99710184,0.002898167,22,2,2,1
A260_entry_00260_conf_01,Clc1ccc(CO[C@@H](Cn2ccnc2)c2ccccc2)cc1,0.9994073,0.000592729,22,3,3,1
A1653_entry_00083_conf_01,CCN(CC)CCOC(=O)c1c(O)c2ccccc2n1C,0.9968772,0.003122781,21,1,2,1
A4355_entry_00273_conf_01,COCCOC[C@H](O)COc1ccc(Cl)cc1,0.99561995,0.004380059,17,1,1,1
A1652_entry_00082_conf_01,CC(C)N(CCOC(=O)c1ccccc1c1ccccc1)C(C)C,0.9998503,0.000149671,24,2,2,1
A3124_entry_00298_conf_01,CSCC[C@H](Cn1ccnc1)OCc1ccc(Cl)cc1,0.99525577,0.004744173,20,2,2,1
A1672_entry_00102_conf_01,CCN(CC)CCOC(=O)c1ncccc1c1ccccc1,0.999338,0.000662054,22,2,2,1
A4502_entry_00106_conf_01,O[C@@](CNCCCF)(Cn1cncn1)c1ccc(F)cc1F,0.9978654,0.002134698,22,2,2,1
A930_entry_00302_conf_01,CCC(C)(C)c1ccc(C[C@H](O)CN2C[C@@H](C)O[C@H](C)C2)cn1,0.9979716,0.002028387,23,2,2,1
A891_entry_00263_conf_01,CCC(C)(CC)c1ccc(CCCN2C[C@@H](C)O[C@H](C)C2)cc1,0.9992785,0.00072154,23,2,2,1
A4408_entry_00012_conf_01,CC(C)NCCO[C@H](Cn1ccnc1)c1ccc(Cl)cc1Cl,0.99969256,0.000307494,22,2,2,1
A2302_entry_00104_conf_01,Brc1cccc([C@@H](Cn2ccnc2)c2ccccc2)c1,0.99096864,0.009031356,20,3,3,1
A6006_entry_00040_conf_01,CCCCCCCCN[C@H](C)[C@H](O)c1ccc(OC)cc1,0.997027,0.002973067,21,1,1,0
A2564_entry_00052_conf_01,CN(C/C=C/c1ccccc1)C[C@H](O)c1ccccc1,0.9996012,0.000398829,20,2,2,1
A4310_entry_00228_conf_01,CC(C)(C)c1ccc(OC[C@H](CO)COC(=O)N)cc1,0.9992889,0.000711017,20,1,1,1
A457_entry_00143_conf_01,C[C@H](c1ccccc1OCc1cccc(F)c1)n1ccnc1,0.9987931,0.001206896,22,3,3,1
A1779_entry_00209_conf_01,Cc1ccc(CO[C@H](Cn2ccnc2)C(=O)C(C)(C)C)cc1,0.99982387,0.000176125,22,2,2,1
A2571_entry_00059_conf_01,COc1ccc(CCN(C)C/C=C/c2ccccc2)cc1,0.9997602,0.000239825,21,2,2,1
A895_entry_00267_conf_01,CCC(C)(C)c1ccc(C[C@H](C)CN2C(=O)CS[C@@H]2C)cc1,0.998125,0.001875014,22,2,2,1
A2495_entry_00297_conf_01,CN(C/C=C/c1ccc(Br)cc1)Cc1ccccc1,0.99894863,0.001051344,19,2,2,1
A818_entry_00190_conf_01,CCC(C)(C)c1ccc(C/C=C/CN2C[C@@H](C)O[C@@H](C)C2)cc1,0.9990727,0.000927311,23,2,2,1
A6119_entry_00153_conf_01,CC[C@@H](C)NC[C@H](C)[C@H](O)c1ccc(SC(C)C)cc1,0.9942557,0.005744293,20,1,1,1
A5131_entry_00107_conf_01,CCCC(C)(C)C(=O)[C@@H](Oc1cccc(C)c1)n1ccnc1,0.9944951,0.005504908,22,2,2,1
A1771_entry_00201_conf_01,CC(C)(C)C(=O)[C@@H](Cn1ccnc1)Oc1ccc(Cl)c(C(F)(F)F)c1,0.9973717,0.002628347,25,2,2,1
A5018_entry_00308_conf_01,CC[C@@H](Oc1ccc(Cl)cc1)C(=O)C(C)(C)n1ccnc1,0.99866605,0.001333928,21,2,2,1
A61_entry_00061_conf_01,Clc1ccccc1[C@@H](Cn1ccnc1)OCc1ccccc1,0.9980926,0.001907372,22,3,3,1
A817_entry_00189_conf_01,CCC(C)(C)c1ccc(C[C@@H](C)CN2C[C@@H](C)O[C@@H](C)C2)c(C)c1,0.9971589,0.00284117,24,2,2,1
A894_entry_00266_conf_01,CC[C@H](Cc1ccc(C(=O)C(C)(C)C)cc1)N1C[C@@H](C)O[C@@H](C)C1,0.9992229,0.000777069,24,2,2,1
A4466_entry_00070_conf_01,C[C@@H]1CCN(C[C@@](O)(Cn2cncn2)c2ccc(F)cc2F)CC1,0.9923381,0.007661868,24,3,3,1
A310_entry_00310_conf_01,COc1ccc([C@@H](Cn2ccnc2)OCc2ccc(Cl)cc2)cc1,0.9996076,0.000392461,24,3,3,1
A2489_entry_00291_conf_01,CN(C/C=C/c1ccccc1)Cc1cccc(F)c1,0.9994399,0.000560064,19,2,2,1
A2478_entry_00280_conf_01,CN(C/C=C/c1ccc(Cl)cc1)Cc1ccccc1,0.99922943,0.000770559,19,2,2,1
A3302_entry_00162_conf_01,CS[C@H](CCc1ccc(Cl)cc1)Cn1ccnc1,0.9914779,0.008522118,18,2,2,1
A766_entry_00138_conf_01,CCC(C)(CC)c1ccc(CCN2C[C@@H](C)O[C@@H](C)C2)cc1,0.99970526,0.000294659,22,2,2,1
A2480_entry_00282_conf_01,CN(CC/C=C/c1ccccc1)Cc1ccccc1,0.99911433,0.000885612,19,2,2,1
A5126_entry_00102_conf_01,O=C([C@H](Oc1ccc(Cl)cc1)n1ccnc1)N1CCCCC1,0.99942374,0.000576319,22,3,3,1
A3139_entry_00313_conf_01,COc1ccccc1CN(C)Cc1ccc(C)cc1,0.9991536,0.000846415,19,2,2,1
A866_entry_00238_conf_01,C[C@H](Cc1ccc(CC(C)(C)C)cc1)CN1C[C@@H](C)O[C@@H](C)C1,0.9995546,0.000445423,23,2,2,1
A5039_entry_00015_conf_01,O=C(Oc1ccc(Cl)cc1)[C@@H](CC1CC1)n1ccnc1,0.9993467,0.000653326,20,3,3,1
A918_entry_00290_conf_01,C[C@H](CCc1ccc(C(C)(C)C)cc1)N1C[C@@H](C)O[C@@H](C)C1,0.9997521,0.000247848,22,2,2,1
A346_entry_00032_conf_01,Brc1ccc(CO[C@H](Cn2ccnc2)c2ccccc2)cc1,0.99959403,0.000406034,22,3,3,1
A2531_entry_00019_conf_01,CN(C/C=C/c1ccccc1Cl)Cc1ccccc1,0.9988856,0.00111442,19,2,2,1
A2585_entry_00073_conf_01,CN(C/C=C/c1ccccc1)CCc1ccccn1,0.99914944,0.00085055,19,2,2,1
A2605_entry_00093_conf_01,CN(C)CCOc1ccc2nc(CCCC(C)(C)C)sc2c1,0.99502426,0.004975762,22,1,2,1
A6180_entry_00214_conf_01,CCCCN(C)C[C@H](O)c1ccc(SC(C)C)cc1,0.9946715,0.005328454,19,1,1,1
A2590_entry_00078_conf_01,CN(C/C=C/c1ccc(F)cc1)Cc1ccccc1O,0.9992053,0.000794722,20,2,2,1
A4494_entry_00098_conf_01,O=C1CCN(C[C@@](O)(Cn2cncn2)c2ccc(F)cc2F)C1,0.9971046,0.002895433,23,3,3,1
A646_entry_00018_conf_01,OCCOc1ccccc1COc1ccc(Cl)cc1,0.99192905,0.008070969,19,2,2,1
A890_entry_00262_conf_01,CCC(C)(C)c1ccc(C[C@H](C)CN2C(=O)COC(C)(C)C2=O)cc1,0.9996928,0.000307275,25,2,2,1
A901_entry_00273_conf_01,C[C@@H](Cc1ccc([C@@H](C)O)cc1)CN1C[C@@H](C)O[C@H](C)C1,0.999331,0.000669039,21,2,2,1
A4504_entry_00108_conf_01,O[C@@](CN1CCC(F)(F)CC1)(Cn1cncn1)c1ccc(F)cc1F,0.99275345,0.007246499,25,3,3,1
A5010_entry_00300_conf_01,O=C([C@@H](Oc1ccc(Cl)cc1)n1ccnc1)N1CCCCC1,0.99942374,0.000576319,22,3,3,1
A5115_entry_00091_conf_01,CC(C)(C)CC(=O)[C@H](Oc1ccc(F)cc1)n1ccnc1,0.9989618,0.001038234,21,2,2,1
A2552_entry_00040_conf_01,CN(C/C=C/c1ccccc1)Cc1ccccc1N(C)C,0.9994222,0.00057785,21,2,2,1
A1187_entry_00245_conf_01,CC(C)(C)OC(=O)c1cncn1[C@H]1CCCc2ccccc12,0.9979547,0.002045267,22,2,3,1
A4447_entry_00051_conf_01,CN(C[C@@](O)(Cn1cncn1)c1ccc(F)cc1F)C1CC1,0.9970681,0.002931922,22,3,3,1
A876_entry_00248_conf_01,CC[C@H](Cc1ccc(C(C)C)cc1)CN1C[C@H](C)O[C@H](C)C1,0.9996469,0.000353089,22,2,2,1
A6124_entry_00158_conf_01,CCCCCCCCN[C@@H](C)[C@H](O)c1ccc(Cl)c(OC)c1,0.9927528,0.007247276,22,1,1,0
A6190_entry_00224_conf_01,CCCCCCCCN[C@@H](C)[C@@H](O)c1cccc(Cl)c1,0.99604225,0.003957782,20,1,1,1
A4437_entry_00041_conf_01,CN(Cc1ccccn1)C[C@](O)(Cn1cncn1)c1ccc(F)cc1F,0.9962166,0.003783457,26,3,3,1
A2148_entry_00264_conf_01,C[C@H](Cc1ccccc1)N(C)C(=S)Oc1ccc2c(c1)CCC2,0.99768746,0.002312495,23,2,3,1
A4525_entry_00129_conf_01,O[C@@](CNC1CCC1)(Cn1cncn1)c1ccc(F)cc1F,0.996962,0.003037975,22,3,3,1
A898_entry_00270_conf_01,CCC(C)(CC)c1ccc(C[C@@H](O)CN2C[C@@H](C)O[C@@H](C)C2)nc1,0.99598134,0.004018609,24,2,2,1
A5090_entry_00066_conf_01,CCC[C@H](C)C(=O)[C@@H](Oc1ccc(Cl)cc1)n1ccnc1,0.9955686,0.004431413,21,2,2,1
A2915_entry_00089_conf_01,CCN(CC)C(=O)c1cccc([C@](O)(c2ccc(Cl)cc2)C2CC2)c1,0.99092746,0.009072545,25,3,3,1
A893_entry_00265_conf_01,C[C@@H](Cc1ccc(C2CCCC2)cc1)CN1C[C@@H](C)O[C@@H](C)C1,0.9994411,0.00055888,23,3,3,1
A6107_entry_00141_conf_01,CCCCCCCCN[C@@H](C)[C@@H](O)c1cccc(C)c1,0.99604225,0.003957782,20,1,1,1
A2549_entry_00037_conf_01,Cc1ccccc1/C=C/CN(C)Cc1ccccc1,0.9902402,0.009759772,19,2,2,1
A2511_entry_00313_conf_01,CN(C/C=C/c1ccccc1)CCc1ccccc1,0.99906176,0.000938272,19,2,2,1
A6043_entry_00077_conf_01,CCCCCCCCN[C@H](C)[C@@H](O)c1cccc(C)c1,0.99604225,0.003957782,20,1,1,1
A628_entry_00314_conf_01,CCCN(CCO)CCOc1ccc(Cl)cc1,0.99794227,0.002057744,17,1,1,1
A1332_entry_00076_conf_01,CN(C)CCNC(=O)[C@H]1c2ccccc2CCc2cc(Cl)cc(Cl)c12,0.9980708,0.001929205,25,1,3,1
A1844_entry_00274_conf_01,Cc1ccc(C(C)(C)C)c(O[C@H](Cn2ccnc2)C(=O)C(C)C)c1,0.99868375,0.0013163,24,2,2,1
A1833_entry_00263_conf_01,Cc1cccc(O[C@H](Cn2ccnc2)C(=O)C(C)(C)C)c1,0.99959725,0.00040277,21,2,2,1
A5042_entry_00018_conf_01,CCC(CC)C(=O)[C@H](Oc1ccc(F)cc1)n1ccnc1,0.99781406,0.002185915,21,2,2,1
A1800_entry_00230_conf_01,CCN(CC)C[C@@H](Oc1ccc(Cl)cc1Cl)C(=O)C(C)(C)C,0.99829036,0.001709661,22,1,1,1
A843_entry_00215_conf_01,CC[C@@H](Cc1ccc(CC(C)(C)C)cc1)N1C[C@@H](C)O[C@@H](C)C1,0.99920315,0.00079693,23,2,2,1
A6027_entry_00061_conf_01,CC(C)CCN[C@H](C)[C@@H](O)c1ccc(SC(C)C)cc1,0.9931619,0.006838092,20,1,1,1
A5118_entry_00094_conf_01,CCCC(C)(C)C(=O)[C@H](Oc1ccccc1Cl)n1ccnc1,0.99572253,0.004277431,22,2,2,1
A6012_entry_00046_conf_01,CCCCCCCCN[C@H](C)[C@H](OC)c1ccc(OC)cc1,0.9998154,0.000184656,22,1,1,0
A2099_entry_00215_conf_01,O=C(O[C@H](Cn1ccnc1)c1ccc(Cl)cc1Cl)C1CCC1,0.9994185,0.000581465,22,3,3,1
A2108_entry_00224_conf_01,Clc1ccc([C@H](Cn2ccnc2)OC/C=C/C2CC2)c(Cl)c1,0.99471986,0.005280094,22,3,3,1
A1775_entry_00205_conf_01,CC(C)C[C@@H](Oc1ccc(Cl)cc1Cl)C(=O)CCn1ccnc1,0.99887437,0.001125601,23,2,2,1
A1663_entry_00093_conf_01,CCN(CC)CCOC(=O)c1nc(c2ccccc2)ccc1OC,0.99970526,0.000294766,24,2,2,1
A2111_entry_00227_conf_01,CCC(CC)O[C@H](Cn1ccnc1)c1ccc(F)cc1Cl,0.9965938,0.003406242,21,2,2,1
A1645_entry_00075_conf_01,CCN(CC)CCOC(=O)C1=Cc2ccccc2[OH+]C1=O,0.9908025,0.009197466,21,1,2,1
A2574_entry_00062_conf_01,C/C(=C\c1ccccc1)/CN(C)C/C=C/c1ccccc1,0.99824214,0.001757886,21,2,2,1
A1618_entry_00048_conf_01,CCN(CC)CCOC(=O)c1c(OC)cccc1OCc1ccccc1,0.9998264,0.000173639,26,2,2,1
A4328_entry_00246_conf_01,Cc1ccc(C(C)(C)c2ccc(OC[C@H](O)COC(=O)N)cc2)cc1,0.9994235,0.000576575,25,2,2,1
A3355_entry_00215_conf_01,CC(C)S[C@@H](CCc1ccc(Cl)cc1)Cn1ccnc1,0.9985367,0.001463351,20,2,2,1
A1573_entry_00003_conf_01,CN1CN(Cc2ccccc2)/C(=N/Cc2ccccc2)/S1,0.99979323,0.000206813,21,3,3,1
A3415_entry_00275_conf_01,CCC(CC)O/N=C(\Cn1ccnc1)/c1ccc(Cl)cc1Cl,0.9949779,0.005022127,22,2,2,1
A5130_entry_00106_conf_01,CCC(C)(C)C(=O)[C@@H](Oc1ccccc1C)n1ccnc1,0.9977754,0.002224668,21,2,2,1
A2514_entry_00002_conf_01,COc1ccc(CN(C)C/C=C/c2ccccc2)cc1,0.9997969,0.000203064,20,2,2,1
A4313_entry_00231_conf_01,CCCc1cc(Cl)ccc1OC[C@@H](O)COC(=O)N,0.9947753,0.005224656,19,1,1,1
A1625_entry_00055_conf_01,CCN(CC)C[C@H](C)Oc1ccccc1c1ccccc1,0.9964148,0.003585222,21,2,2,1
A1831_entry_00261_conf_01,CC(C)(C)C(=O)[C@H](Cn1ccnc1)Oc1cc(Cl)c(Cl)cc1Cl,0.99618137,0.003818664,23,2,2,1
