SN,Ligand,SMILES,Absolute biding affinity
1,VOR,C[C@@H](c1ncncc1F)[C@](O)(Cn1cncn1)c1ccc(F)cc1F,-9.379
2,A3244,CN(C)CCCOc1ccc(CN(C)Cc2cccc3ccccc23)cc1,-7.997
3,A1732,CCCN(CCC)CCOC(=O)Cc1ccccc1-c1ccccc1,-8.562
4,A5576,Nc1ncccc1-c1cc(Cc2ccc(COCCN3CCCC3)cc2)no1,-9.543
5,A4678,CN1CCN(C/C=C/CN(C)Cc2cccc3ccccc23)CC1,-7.593
6,A3201,CN(Cc1ccc(CCCN)cc1)Cc1cccc2ccccc12,-7.291
7,A3121,OCCCc1ccc(CO[C@@H](Cn2ccnc2)c2ccc(F)cc2Cl)cc1,-10.076
8,A3250,CN(C)CCCN(Cc1ccccc1)Cc1cccc2ccccc12,-7.121
9,A3213,COC(=O)CCc1ccc(CN(C)Cc2cccc3ccccc23)cc1,-8.576
10,A3254,CN(C)Cc1ccc(CN(C)Cc2cccc3ccccc23)cc1,-7.448
11,A3253,CN(Cc1ccc(CCCCN)cc1)Cc1cccc2ccccc12,-8.850
12,A3266,CN(C)CCc1ccc(CN(C)Cc2cccc3ccccc23)cc1,-7.437
13,A4449,O[C@](CN1CCN(Cc2cccs2)CC1)(Cn1cncn1)c1ccc(F)cc1F,-9.994
14,A3181,CC(=O)N(C)Cc1ccc(CN(C)Cc2cccc3ccccc23)cc1,-7.552
15,A3243,C[C@H](O)c1ccc(CN(C)Cc2cccc3ccccc23)cc1,-8.225
16,A3223,CN(C)CCOc1ccc(CN(C)Cc2cccc3ccccc23)cc1,-8.786
17,A3210,CCN(Cc1ccc(C(=O)O)cc1)Cc1cccc2ccccc12,-9.184
18,A2619,OCCc1ccc(CO[C@@H](Cn2ccnc2)c2ccc(Cl)cc2Cl)cc1,-9.588
19,A4533,CCc1ccc(CO[C@@H](Cn2ccnc2)c2ccc(F)cc2F)c(F)c1,-8.357
20,A3228,CN(Cc1ccc(C(F)(F)F)cc1)Cc1ccnc2ccccc12,-7.646
21,A4686,CC1CCN(C/C=C/CN(C)Cc2cccc3ccccc23)CC1,-7.229
22,A2477,CN(CCCc1ccccc1)Cc1cccc2ccccc12,-7.624
23,A1947,C=CCN(CC=C)Cc1nc2ccccc2n1Cc1ccc(Cl)cc1,-8.385
24,A3174,CN(Cc1ccc(C(F)(F)F)cc1)Cc1cccc2cccnc12,-7.390
25,A3249,CN(Cc1ccc(CCCO)cc1)Cc1cccc2ccccc12,-7.301
26,A4451,O[C@](CNCCc1ccccn1)(Cn1cncn1)c1ccc(F)cc1F,-9.136
27,A3308,COc1ccc(CC[C@@H](Cn2ccnc2)Sc2ccc(C)cc2)cc1,-8.525
28,A3214,CN(Cc1ccc(CCN)cc1)Cc1cccc2ccccc12,-8.011
29,A5574,Nc1ncccc1-c1cc(Cc2ccc(COCCN3CCCCC3)cc2)no1,-11.192
30,A5565,Nc1ncccc1-c1cc(Cc2ccc(OCCN3CCCCC3)cc2)no1,-9.388
31,A702,Cc1ccc(CO[C@@H](Cn2ccnc2)c2ccc(F)cc2Cl)cc1,-7.410
32,A2569,CN(CCc1ccccc1)Cc1cccc2ccccc12,-7.142
33,A3206,CN(Cc1ccc2ccccc2c1)Cc1ccccc1CO,-8.128
34,A4532,Cc1ccc(CO[C@@H](Cn2ccnc2)c2ccc(F)cc2F)c(F)c1,-8.193
35,A3204,CC(C)N(Cc1ccc(C(=O)O)cc1)Cc1cccc2ccccc12,-9.573
36,A2594,CN(Cc1cccc2ccccc12)C[C@H](O)Cc1ccccc1,-7.945
37,A2471,CN(CCCc1cccc2ccccc12)Cc1ccccc1,-7.498
38,A3129,Fc1ccc(CS[C@@H](Cn2ccnc2)c2ccc(F)cc2)cc1,-8.383
39,A4700,C[C@H](O)CC/C=C/CN(C)Cc1cccc2ccccc12,-7.893
40,A708,COc1ccc(CO[C@@H](Cn2ccnc2)c2ccc(C)cc2Cl)cc1,-8.236
41,A3183,CN(Cc1ccc(C(F)(F)F)cc1)Cc1cccc2cnccc12,-7.628
42,A53,Fc1cc(C(F)(F)F)ccc1CO[C@@H](Cn1ccnc1)c1ccccc1,-8.740
43,A3172,CCOc1cccc(CN(C)Cc2cccc3ccccc23)c1,-7.716
44,A1832,CCCC[C@H](Oc1ccc(Cl)cc1Cl)C(=O)[C@H](Cn1ccnc1)N(C)C,-9.636
45,A2633,Cc1ccc(CCO[C@H](Cn2ccnc2)c2ccc(F)cc2F)cc1,-9.016
46,A3132,Fc1ccc(CS[C@@H](Cn2ccnc2)c2ccccc2F)cc1,-8.250
47,A3234,CCCN(Cc1ccc(C(=O)O)cc1)Cc1cccc2ccccc12,-8.369
48,A3336,Cc1ccc(O[C@H](CCc2ccc(Cl)cc2)Cn2ccnc2)cc1,-8.356
49,A2512,CN(C)C/C=C/CN(C)Cc1cccc2ccccc12,-6.121
50,A3153,CN(Cc1ccc(C(F)(F)F)cc1)Cc1cccc2ccncc12,-7.728
51,A3155,Cc1ccccc1CN(C)Cc1cccc2ccccc12,-7.837
52,A2567,CCN(C)C/C=C/CN(C)Cc1cccc2ccccc12,-7.228
53,A1734,CCN(CC)CCOC(=O)c1cc(Br)ccc1OCc1ccccc1,-8.127
54,A3267,CC(C)N(Cc1ccc(CO)cc1)Cc1cccc2ccccc12,-8.173
55,A3231,COc1cc2ccccc2cc1CN(C)Cc1ccc(C)cc1,-7.380
56,A3330,N#Cc1ccc(CO[C@H](CCc2ccc(Cl)cc2)Cn2ccnc2)cc1,-8.695
57,A4718,CCCCNC/C=C/CN(C)Cc1cccc2ccccc12,-7.747
58,A4723,C[C@H](O)C/C=C/CN(C)Cc1cccc2ccccc12,-7.350
59,A3230,COc1ccc2ccccc2c1CN(C)Cc1ccc(C)cc1,-7.941
60,A3232,CC(=O)c1ccc(CN(C)Cc2cccc3ccccc23)cc1,-8.335
61,A3219,CC(=O)c1cccc(CN(C)Cc2cccc3ccccc23)c1,-8.281
62,A3195,CN(Cc1ccc(CO)cc1)Cc1cccc2ccccc12,-9.380
63,A3259,CN(Cc1ccc(CC#N)cc1)Cc1cccc2ccccc12,-7.825
64,A3207,CN(Cc1cccc(CN)c1)Cc1cccc2ccccc12,-8.632
65,A1635,CC(C)N(CCCN)CCOC(=O)c1ccc(-c2ccccc2)cc1O,-10.566
66,A3122,CCOC[C@@H](Cn1ccnc1)OCc1ccc(Sc2ccccc2)cc1,-9.759
67,A1260,Clc1ccc(OCCCO[C@H](Cn2ccnc2)c2ccccc2)cc1,-8.911
68,A4482,CC(C)N(Cc1nc[n+](C[C@](O)(Cn2cncn2)c2ccc(F)cc2F)[n-]1)C(C)C,-10.408
69,A1710,CCN(CC)CCOC(=O)c1ccccc1Cc1ccccc1,-7.980
70,A3188,CN(Cc1cccc(CO)c1)Cc1cccc2ccccc12,-9.256
71,A1638,CCCN(CCC)CCOC(=O)c1ccc(-c2ccccc2)cc1OC,-8.508
72,A3205,COC(=O)c1ccc(CN(C)Cc2ccc(C)c3ccccc23)cc1,-7.089
73,A2596,CCN(Cc1ccccc1OC)Cc1cccc2ccccc12,-7.304
74,A3295,Clc1ccc(CC[C@H](Cn2ccnc2)OCc2ccccc2)cc1,-7.820
75,A3255,CCOc1ccccc1CN(C)Cc1cccc2ccccc12,-7.318
76,A3270,CN(Cc1ccc(Cl)cc1)Cc1ccc(CN)c2ccccc12,-8.615
77,A4472,CN(Cc1ccncc1)C[C@@](O)(Cn1cncn1)c1ccc(F)cc1F,-9.279
78,A38,OCCNC[C@H](OCc1ccc(C(F)(F)F)cc1)c1ccc(Cl)cc1Cl,-9.831
79,A3095,Clc1ccc([C@H](CCn2ccnc2)OCCc2ccccc2)cc1,-8.166
80,A374,OCCc1cn(C[C@H](OCc2ccc(Cl)cc2)c2ccc(Cl)cc2)cn1,-9.454
81,A373,CC(=O)c1ccc([C@@H](Cn2ccnc2)OCc2ccc(F)cc2)cc1,-8.391
82,A3160,COC(=O)c1cccc(CN(C)Cc2cccc3ccccc23)c1,-8.386
83,A3218,CN(Cc1ccccc1)Cc1cc(C#N)cc2ccccc12,-8.013
84,A4586,Clc1ccc([C@@H](Cn2ccnc2)OCCNCc2ccccc2)c(Cl)c1,-9.933
85,A3194,CN(Cc1ccccc1CO)Cc1cccc2ccccc12,-7.844
86,A267,Cc1ccc([C@H](Cn2ccnc2)OCc2ccc(Cl)cc2F)cc1,-8.870
87,A3326,Clc1ccc(CC[C@@H](Cn2ccnc2)SCc2ccccn2)cc1,-8.614
88,A1599,CCCN(CCC)CCOC(=O)c1cc(-c2ccccc2)ccc1OC,-9.367
89,A1613,CCN(CC)CCOC(=O)c1ccc(OCc2ccccc2)cc1,-8.061
90,A4510,CCCN(Cc1ccco1)C[C@@](O)(Cn1cncn1)c1ccc(F)cc1F,-9.230
91,A4277,COc1ccc(CO[C@H](COC(N)=O)OC[C@H](O)COc2ccc(Cl)cc2)cc1,-10.020
92,A4677,CN(CC#CCOC(C)(C)C)Cc1cccc2ccccc12,-8.169
93,A3171,CCOc1ccc(CN(C)Cc2cccc3ccccc23)cc1,-7.405
94,A4714,COC(=O)C/C=C/CN(C)Cc1cccc2ccccc12,-7.856
95,A790,CCC(C)(C)c1ccc(CCCN2C[C@@H](C)O[C@@H](C)C2)c(C)c1,-9.769
96,A1605,CCCN(CCC)CCOC(=O)c1cccc2ccccc12,-7.762
97,A3252,CN(Cc1cccc(F)c1F)Cc1cccc2ccccc12,-7.322
98,A3199,CN(Cc1ncccc1C(F)(F)F)Cc1cccc2ccccc12,-6.766
99,A4679,CN(C/C=C/C(=O)C(C)(C)C)Cc1cccc2ccccc12,-7.674
100,A4452,O[C@@](CNCc1ccc(F)cc1)(Cn1cncn1)c1ccc(F)cc1F,-9.174
101,A1846,CC[C@H](Oc1ccc(Cl)cc1Cl)C(=O)[C@@H](Cn1ccnc1)N1CCOCC1,-10.550
102,A4489,O[C@](CNCCc1cnc[nH]1)(Cn1cncn1)c1ccc(F)cc1F,-8.930
103,A3278,CCCCc1ccc(C(=O)OC[C@H](COC(C)=O)OC(C)=O)cc1,-7.099
104,A1565,c1ccc(CN2C[C@H](c3ccccc3)N(Cc3ccccc3)C2)cc1,-8.517
105,A715,OCc1ccc(CO[C@H](Cn2ccnc2)c2ccc(Cl)cc2Cl)cc1,-9.095
106,A271,Cc1ccc(CO[C@H](Cn2ccnc2)c2ccc(Cl)cc2)cc1,-8.045
107,A4531,CC(C)N(Cc1nccn1C[C@@](O)(Cn1cncn1)c1ccc(F)cc1F)C(C)C,-9.711
108,A3349,COc1cccc(OC)c1O[C@@H](CCc1ccc(Cl)cc1)Cn1ccnc1,-8.660
109,A3360,Cc1ccccc1O[C@@H](CCc1ccc(Cl)cc1)Cn1ccnc1,-8.905
110,A4492,O[C@](CNCCn1ccnc1)(Cn1cncn1)c1ccc(F)cc1F,-9.025
111,A3069,Clc1ccc([C@H](Cn2ccnc2)OCCCOc2ccccc2)cc1,-8.479
112,A4288,Cc1ccc(CCO[C@H](COC(N)=O)OC[C@@H](O)COc2ccc(Cl)cc2)cc1,-9.699
113,A4521,O[C@](CN1CCN(Cc2nccs2)CC1)(Cn1cncn1)c1ccc(F)cc1F,-9.900
114,A4463,CCN(Cc1ccccn1)C[C@@](O)(Cn1cncn1)c1ccc(F)cc1F,-8.826
115,A257,FC(F)(F)c1ccc([C@@H](Cn2ccnc2)OCc2ccccc2)cc1,-7.985
116,A3063,Fc1ccc(CCO[C@H](Cn2ccnc2)c2ccc(Cl)cc2)cc1,-8.264
117,A3305,COc1ccc(CC[C@@H](Cn2ccnc2)Sc2ccccc2)cc1,-8.127
118,A3263,CN(Cc1ccc(Cl)cc1)Cc1ccc(CO)c2ccccc12,-8.849
119,A3374,N#Cc1ccc(S[C@@H](CCc2ccccc2)Cn2ccnc2)cc1,-8.400
120,A3102,Fc1ccc([C@@H](Cn2ccnc2)OCc2cc(F)ccc2Cl)cc1,-8.669
121,A6053,CC(C)Sc1ccc([C@@H](O)[C@@H](C)NCCCc2ccccc2)cc1,-8.790
122,A266,Fc1ccc([C@H](Cn2ccnc2)OCc2ccccc2Cl)cc1,-8.717
123,A4440,O[C@](CNCCc1ccccc1)(Cn1cncn1)c1ccc(F)cc1F,-8.966
124,A3379,Fc1cccc(F)c1O[C@H](CCc1ccc(Cl)cc1)Cn1ccnc1,-9.205
125,A324,COc1ccc([C@@H](Cn2ccnc2)OCc2ccc(Cl)cc2F)cc1,-9.049
126,A1639,CC(C)N(CCCN)CCOC(=O)c1cc(-c2ccccc2)ccc1O,-9.805
127,A361,OCc1ccc(CO[C@@H](Cn2ccnc2)c2ccc(Cl)cc2)cc1,-7.830
128,A3189,CN(Cc1ccc(C(F)(F)F)cc1)C[C@H]1CCC[C@@H]2CC[NH2+][C@@H]21,-7.258
129,A3198,CN(Cc1ccc(C(F)(F)F)cc1)Cc1cccc2[nH]ccc12,-7.538
130,A2639,Cc1ccc(CO[C@@H](CCn2ccnc2)c2ccc(F)cc2F)cc1,-8.456
131,A1559,CC(C)Cc1ccc(CN2CN(Cc3ccccc3)CSC2=O)cc1,-7.987
132,A3114,Cc1ccc(CO[C@H](Cn2ccnc2)c2ccc(F)cc2Cl)cc1,-8.381
133,A3109,Cc1ccc(C(=O)CO[C@@H](Cn2ccnc2)c2ccc(Cl)cc2)cc1,-9.004
134,A1742,O=C([C@@H](Cn1ccnc1)Oc1ccc(Cl)cc1Cl)N1CCCCC1,-10.240
135,A3135,Cc1ccc(CS[C@@H](Cn2ccnc2)c2ccccc2)cc1,-7.872
136,A6115,CC(C)Sc1ccc([C@H](O)[C@H](C)NCCCc2ccccc2)cc1,-9.213
137,A3120,Cc1ccc([C@@H](Cn2ccnc2)OCc2ccc(F)cc2)c(Cl)c1,-8.190
138,A372,CC(=O)c1ccc(CO[C@H](Cn2ccnc2)c2ccc(Cl)cc2)cc1,-9.544
139,A2490,CN(C/C=C/c1ccccc1)Cc1cccc2c1CCC2,-7.764
140,A2589,CN(Cc1ccccn1)Cc1cccc2ccccc12,-7.423
141,A1721,CCN(CC)CC[C@H](C)OC(=O)c1cccc2ccccc12,-7.173
142,A268,Fc1ccccc1CO[C@H](Cn1ccnc1)c1ccc(Cl)cc1,-8.691
143,A2083,CCc1cn(C[C@@H](O[C@H](C)Cn2ccnc2)c2ccc(Cl)cc2Cl)cn1,-9.479
144,A3127,Fc1ccc(CS[C@H](Cn2ccnc2)c2ccccc2)cc1,-7.556
145,A3225,CN(Cc1ccc(CN)cc1)Cc1cccc2ccccc12,-7.339
146,A6121,CCCCCCCCN[C@H](C)[C@@H](O)c1cc(OC)cc(OC)c1,-8.858
147,A3144,Cc1cccc(CN(C)Cc2cccc3ccccc23)c1,-7.742
148,A2576,CN(Cc1cccc(C#N)c1)Cc1cccc2ccccc12,-7.497
149,A3177,CN(Cc1ccc(C(F)(F)F)cc1)Cc1cccc2ncccc12,-7.779
150,A3062,Cc1ccc(O[C@@H](Cn2ccnc2)c2ccc(Cl)cc2)c(C)c1,-7.899
151,A3339,COc1ccc(CC[C@@H](Cn2ccnc2)Sc2ccccc2OC)cc1,-9.105
152,A3490,C[C@@H](N1CCN(C(=O)OC(C)(C)C)CC1)[C@](O)(Cn1cncn1)c1ccc(F)cc1F,-9.360
153,A1240,CCOC(=O)CC1CN(C(=O)c2cncn2[C@@H]2CCCc3ccccc32)C1,-9.402
154,A6013,CC(C)Sc1ccc([C@H](O)[C@@H](C)NCCCc2ccccc2)cc1,-8.820
155,A3346,COc1ccc(OC)c(O[C@@H](CCc2ccc(Cl)cc2)Cn2ccnc2)c1,-8.343
156,A4312,COc1ccc(CCC(=O)OC[C@H](O)COc2ccc(Cl)cc2)cc1,-9.007
157,A307,Fc1ccccc1CO[C@@H](Cn1ccnc1)c1ccc(Cl)cc1,-8.395
158,A37,FC(F)(F)c1ccc(CO[C@@H](Cn2ccnc2)c2ccccc2)cc1,-8.342
159,A334,Clc1ccc([C@H](Cn2ccnc2)OCCc2ccccc2)cc1,-8.137
160,A4713,CSCCCCN(C)Cc1cccc2ccccc12,-7.281
161,A3216,CC(=O)N(C)c1ccc(CN(C)Cc2cccc3ccccc23)cc1,-8.169
162,A2379,c1ccc([C@@H](Cn2ccnc2)c2ccc(OCCN3CCCC3)cc2)cc1,-9.223
163,A2499,CN(C/C=C/c1ccccc1)Cc1cccc2c1CCCC2,-7.709
164,A445,C/C=C\[C@H](c1ccccc1OCc1cccc(F)c1)n1ccnc1,-8.945
165,A1634,CCN(CC)CCCCOC(=O)c1cccc2ccccc12,-8.951
166,A388,Clc1ccc([C@@H](Cn2ccnc2)OCCOCc2ccccc2)cc1,-8.419
167,A1726,CCN(CC)CCOC(=O)c1c(O)c2ccccc2n1Cc1ccccc1,-9.068
168,A4453,CN(Cc1cccs1)C[C@@](O)(Cn1cncn1)c1ccc(F)cc1F,-9.096
169,A4435,CN(Cc1ccccc1)C[C@@](O)(Cn1cncn1)c1ccc(F)cc1F,-8.698
170,A3236,CNCc1ccc(CN(C)Cc2cccc3ccccc23)cc1,-7.667
171,A2530,CN(C/C=C/c1ccccc1)Cc1cccc2c1CCC[C@H]2O,-8.535
172,A367,FC(F)(F)c1ccc([C@H](Cn2ccnc2)OCc2ccccc2)cc1,-7.874
173,A4301,CC(C)(Cc1ccccc1)C(=O)OC[C@@H](O)COc1ccc(Cl)cc1,-9.829
174,A48,Fc1ccc(CO[C@@H](Cn2ccnc2)c2ccccc2Cl)cc1,-8.341
175,A3141,COc1ccccc1CN(C)Cc1cccc2ccccc12,-7.026
176,A4294,CCc1ccc(C[C@H](COC(N)=O)OC[C@H](O)COc2ccc(Cl)cc2)cc1,-10.307
177,A3296,Cc1ccc(S[C@H](CCc2ccccc2)Cn2ccnc2)cc1,-7.947
178,A2351,CC(C)CC(=O)c1ccc([C@H](Cn2ccnc2)c2ccccc2)cc1,-9.503
179,A4448,CCN(Cc1ccccc1)C[C@](O)(Cn1cncn1)c1ccc(F)cc1F,-9.106
180,A3373,COc1ccccc1O[C@@H](CCc1ccc(Cl)cc1)Cn1ccnc1,-9.242
181,A3229,CN(Cc1ccc(F)cc1)Cc1ccc2ccccc2c1O,-7.739
182,A3138,COc1ccc(CN(C)Cc2cccc3ccccc23)cc1,-7.627
183,A4501,O[C@@](CNCCCc1ccccc1)(Cn1cncn1)c1ccc(F)cc1F,-9.079
184,A3321,Clc1ccc(CC[C@H](Cn2ccnc2)SCc2cccnc2)cc1,-8.434
185,A3356,Fc1ccc(F)c(O[C@@H](CCc2ccc(Cl)cc2)Cn2ccnc2)c1,-9.208
186,A3318,N#Cc1ccc(S[C@H](CCc2ccccc2)Cn2ccnc2)cc1,-8.500
187,A2542,CN(C/C=C/c1ccccc1)Cc1cccc2c1CCC2=O,-8.091
188,A1746,O=C(COc1ccc(Cl)cc1Cl)[C@H](Cn1ccnc1)OCC1CC1,-10.824
189,A3130,Cc1ccc(CS[C@H](Cn2ccnc2)c2ccccc2)cc1,-7.398
190,A3340,COc1ccc(CC[C@@H](Cn2ccnc2)Sc2ccc(F)cc2)cc1,-8.150
191,A4264,CC(C)(Cc1ccccc1)c1ccc(OC[C@@H](O)COC(N)=O)cc1,-8.799
192,A2558,CCN(Cc1ccccc1)Cc1cccc2ccccc12,-7.484
193,A3149,Cc1ccc(CN(C)Cc2cccc3ccccc23)cc1,-7.171
194,A3191,COCc1ccc(CN(C)Cc2cccc3ccccc23)cc1,-8.540
195,A1572,Cc1ccc(C(=O)CN2CN(Cc3ccccc3)CSC2=S)cc1,-8.981
196,A249,Fc1ccc([C@@H](Cn2ccnc2)OCc2ccc(Cl)cc2)cc1,-8.360
197,A322,Fc1ccc([C@H](Cn2ccnc2)OCc2cccc(Cl)c2)cc1,-8.006
198,A1594,CCCN(CCC)CCOC(=O)c1ccccc1-c1ccccc1,-9.038
199,A272,CC(=O)c1ccc(CO[C@@H](Cn2ccnc2)c2ccc(Cl)cc2)cc1,-8.221
200,A2501,CN(CCc1cccc2ccccc12)Cc1ccccc1,-7.521
201,A3105,Cc1ccc([C@@H](Cn2ccnc2)OCc2cc(C)cc(C)c2)cc1,-7.890
202,A2508,CN(C/C=C/c1ccccc1)Cc1cccc(N(C)C)c1,-7.604
203,A330,Cc1ccc([C@@H](Cn2ccnc2)OCc2cccc(C)c2)cc1,-8.042
204,A3151,COc1ccccc1CN(C)Cc1ccc(C(F)(F)F)cc1,-7.167
205,A325,Cc1ccc([C@@H](Cn2ccnc2)OCc2cccc(Cl)c2)cc1,-7.913
206,A2615,OCc1ccc(CO[C@@H](Cn2ccnc2)c2ccc(Cl)cc2Cl)cc1,-8.718
207,A2598,CN(Cc1ccc(F)c(F)c1)Cc1cccc2ccccc12,-6.896
208,A4683,C[C@@H](O)C/C=C/CN(C)Cc1cccc2ccccc12,-7.232
209,A3227,CSc1ccc(CN(C)Cc2cccc3cccnc23)cc1,-7.818
210,A4368,Fc1ccc(CN[C@@H](Cn2ccnc2)c2ccc(Cl)cc2Cl)cc1,-8.876
211,A344,Cc1ccc([C@H](Cn2ccnc2)OCc2ccc(C)cc2C)cc1,-8.252
212,A4372,Cc1ccc([C@H](Cn2ccnc2)OCc2ccccc2F)c(Cl)c1,-8.123
213,A3258,COc1ccc(CN(C)Cc2cccc3cccnc23)cc1,-7.528
214,A369,Clc1ccc([C@H](COCc2ccccc2)Cn2ccnc2)cc1,-8.139
215,A3354,Fc1cccc(F)c1O[C@@H](CCc1ccc(Cl)cc1)Cn1ccnc1,-8.956
216,A3143,COc1ccc(CN(C)Cc2cccc3ccccc23)cc1OC,-7.862
217,A2635,Clc1ccc(CCO[C@@H](Cn2ccnc2)c2ccccc2)cc1,-8.213
218,A3116,Cc1cccc(CO[C@@H](Cn2ccnc2)c2ccc(F)cc2Cl)c1,-8.704
219,A5331,O=C(O)CCc1ccc(CCCCc2ccccc2)cc1,-7.720
220,A329,Cc1ccc(CCO[C@H](Cn2ccnc2)c2ccc(Cl)cc2)cc1,-8.581
221,A1944,CCCNCc1nc2ccccc2n1Cc1ccc(Cl)cc1,-8.780
222,A1874,CC(C)C[C@H](Oc1ccc(Cl)cc1F)C(=O)[C@@H](Cn1ccnc1)OC(C)(C)C,-10.269
223,A3262,CN(Cc1ccc(CO)cc1)Cc1ccc2ccccc2c1,-8.474
224,A3182,COc1cccc(CN(C)Cc2cccc3ccccc23)c1OC,-7.680
225,A4707,C[C@@H](/C=C/CN(C)Cc1cccc2ccccc12)C(=O)O,-7.743
226,A3179,CN(Cc1ccc(C(F)(F)F)cc1)Cc1ccccc1O,-7.326
227,A3173,Cc1ccccc1CN(C)Cc1ccc(C(C)(C)C)cc1,-8.105
228,A3169,CN(Cc1ccc(Cl)cc1)CC1CCCC2CC[NH+](C)C21,-7.141
229,A4720,CN(CC#CCCN)Cc1cccc2ccccc12,-7.388
230,A1776,O=C(COc1ccc(Cl)cc1Cl)[C@@H](Cn1ccnc1)N1CCCC1,-10.386
231,A295,Fc1ccc([C@@H](Cn2ccnc2)OCc2cccc(Cl)c2)cc1,-8.206
232,A4711,CC(C)C/C=C/CN(C)Cc1cccc2ccccc12,-7.675
233,A3156,COC(=O)c1ccc(CN(C)Cc2cccc3ccccc23)cc1,-7.384
234,A3364,Clc1ccc(CC[C@@H](Cn2ccnc2)OCc2ccccc2)cc1,-7.702
235,A4706,C[C@@H](O)CC/C=C/CN(C)Cc1cccc2ccccc12,-7.693
236,A3159,CN(Cc1ccco1)Cc1cccc2ccccc12,-7.200
237,A306,Clc1ccc([C@@H](Cn2ccnc2)OCCCOc2ccccc2)cc1,-8.797
238,A2557,CN(Cc1cccc2ccccc12)C[C@@H](O)c1ccccc1,-7.752
239,A2588,CN(Cc1ccc(C#N)cc1)Cc1cccc2ccccc12,-7.476
240,A1587,CCCN(CCC)CCOC(=O)c1ccc(-c2ccccc2)cc1,-9.742
241,A3133,COc1ccc([C@@H](Cn2ccnc2)SCc2ccc(C)cc2)cc1,-8.535
242,A1714,CCN(CC)CCCOc1cccc(-c2ccccc2)c1,-8.478
243,A1873,CC(C)C[C@@H](Oc1ccc(F)cc1Cl)C(=O)[C@@H](Cn1ccnc1)OC(C)C,-9.968
244,A4493,CN(Cc1ccc(Cl)cc1)C[C@](O)(Cn1cncn1)c1ccc(F)cc1F,-9.372
245,A4473,CCC(=O)N1CCN(C[C@](O)(Cn2cncn2)c2ccc(F)cc2F)CC1,-8.622
246,A341,Cc1ccc([C@H](Cn2ccnc2)OCc2ccccc2Cl)cc1,-8.045
247,A1609,CCN(CC)CCOC(=O)c1ccoc1-c1ccccc1,-8.234
248,A704,Cc1ccc(O[C@H](Cn2ccnc2)c2ccc(C)cc2Cl)cc1,-8.659
249,A5956,CCCCCCCCN[C@@H](C)[C@@H](O)c1ccc(OC)cc1,-8.773
250,A3083,CC(C)c1ccc([C@@H](Cn2ccnc2)OCc2ccccc2)cc1,-8.886
251,A337,CC(=O)c1ccc([C@@H](Cn2ccnc2)OCc2ccc(C)cc2)cc1,-8.905
252,A451,CC(=O)[C@@H](c1ccccc1OCc1cccc(F)c1)n1ccnc1,-9.165
253,A371,Clc1ccc([C@@H](COCc2ccccc2)Cn2ccnc2)cc1,-8.169
254,A379,Clc1ccc(CO[C@@H](CCn2ccnc2)c2ccccc2)cc1,-7.902
255,A3115,COCc1ccc(CO[C@@H](Cn2ccnc2)c2ccc(F)cc2Cl)cc1,-8.937
256,A308,CCc1ccc(CO[C@@H](Cn2ccnc2)c2ccc(C)cc2)cc1,-7.936
257,A2606,CN(C)c1nc2ccc(OCCCN3CCC(CO)CC3)cc2s1,-8.971
258,A3180,CN(Cc1ccccc1)Cc1ccc(-c2ccccc2)cc1,-8.318
259,A2545,CN(C/C=C/c1ccccc1)Cc1cccc2c1OCCC2,-7.830
260,A3128,Clc1ccc([C@@H](Cn2ccnc2)SCCN2CCCC2)c(Cl)c1,-9.246
261,A49,Fc1ccc(CO[C@@H](CCn2ccnc2)c2ccc(F)cc2F)cc1,-8.731
262,A3260,CN(Cc1cc(Br)cnc1O)Cc1cccc2ccccc12,-8.811
263,A250,Fc1ccc(CO[C@@H](Cn2ccnc2)c2ccc(F)cc2)cc1,-8.032
264,A287,CC(C)c1ccc([C@H](Cn2ccnc2)OCc2ccccc2)cc1,-9.490
265,A3242,CN(Cc1ccc(C(C)(C)C)cc1)Cc1ccccc1F,-8.025
266,A1644,CCCN(CCC)CCOC(=O)c1ccsc1-c1ccccc1,-7.418
267,A3168,CN(Cc1ccc(F)cc1)Cc1ccnc2ccccc12,-7.761
268,A4733,CN(CCCC(=O)C(C)(C)C)Cc1cccc2ccccc12,-7.493
269,A885,CC(=O)OC(C)(C)c1ccc(C[C@H](C)CN2C[C@@H](C)O[C@@H](C)C2)cc1,-9.216
270,A1666,CCN(CC)CCOC(=O)c1ccc(-c2ccc(C)cc2)cc1O,-8.202
271,A2120,Cc1cn(C[C@H](O[C@@H](C)Cn2ccnc2)c2ccc(Cl)cc2Cl)cn1,-9.710
272,A933,CC[C@@H](Cc1ccc(C(=O)CC(C)(C)C)cc1)N1C[C@@H](C)O[C@@H](C)C1,-9.646
273,A4441,O[C@@](CNCCc1cccs1)(Cn1cncn1)c1ccc(F)cc1F,-9.247
274,A4681,CN(CC#CC(C)(C)O)Cc1cccc2ccccc12,-8.040
275,A1703,CCN(CC)CCOC(=O)c1c(C)oc(-c2ccccc2)c1O,-8.797
276,A3226,CN(Cc1ccc(F)cc1)Cc1cncc2ccccc12,-7.772
277,A348,CCc1ccc(O[C@H](Cn2ccnc2)c2ccc(Cl)cc2)cc1,-8.319
278,A772,CCC(C)(C)c1ccc(CC(=O)N2C[C@@H](C)O[C@H](C)C2)cc1,-8.395
279,A3376,Cc1cccc(S[C@H](CCc2ccccc2)Cn2ccnc2)c1,-8.574
280,A3196,COc1cccc(CN(C)Cc2ccc3ccccc3c2)c1,-7.877
281,A1933,CC(=O)CCc1nc2ccccc2n1Cc1ccc(Cl)cc1,-8.314
282,A3088,CCc1ccc([C@H](Cn2ccnc2)OCc2ccccc2)cc1,-8.053
283,A2597,CC(C)CN(C/C=C/c1ccccc1)Cc1ccccc1,-8.010
284,A884,CCC(C)(C)c1ccc(C[C@@H](C)CN2C[C@@H](CO)O[C@H](C)C2)cc1,-9.864
285,A3107,Clc1ccc(C[C@@H](Cn2ccnc2)Oc2ccc(Cl)cc2)cc1,-8.492
286,A3203,CN(Cc1ccc(Br)cc1)Cc1cccc2ccncc12,-8.384
287,A2550,CN(Cc1ccsc1)Cc1cccc2ccccc12,-6.873
288,A3125,COc1ccc([C@H](Cn2ccnc2)OCc2ccc(Cl)cc2)cc1,-7.763
289,A1852,CSCC[C@H](Oc1ccc(Cl)cc1Cl)C(=O)C(C)(C)Cn1ccnc1,-9.752
290,A3176,CN(Cc1ccc2ccccc2c1)Cc1ccccc1C#N,-9.110
291,A4370,COc1ccc(CS[C@@H](Cn2ccnc2)c2ccccc2)cc1,-7.480
292,A1136,CCCCN(C(=O)c1cncn1[C@H]1CCCc2ccccc21)C1CC1,-8.855
293,A4672,Cc1ccc([C@@H](Cn2ccnc2)OCc2ccccc2)c(Cl)c1,-7.661
294,A3512,C[C@@H](N1CCN(C(=O)NC(C)(C)C)CC1)[C@](O)(Cn1cncn1)c1ccc(F)cc1F,-10.815
295,A382,COc1cccc(OC[C@@H](Cn2ccnc2)c2ccc(Cl)cc2)c1,-8.215
296,A4484,O[C@@](CNCCCn1ccnc1)(Cn1cncn1)c1ccc(F)cc1F,-9.803
297,A3217,CC(C)N(Cc1cccnc1)Cc1cccc2ccccc12,-7.003
298,A3140,CN(Cc1ccc(Cl)cc1)Cc1cccc2cccnc12,-7.819
299,A1682,CCN(CC)CCOC(=O)c1cc2ccccc2n1Cc1ccccc1,-7.506
300,A2487,CCN(C/C=C/c1ccccc1)Cc1ccccc1OC,-8.202
301,A1165,CCOC(=O)[C@H]1CCN(C(=O)c2cncn2[C@H]2CCCc3ccccc32)C1,-8.963
302,A3148,CN(Cc1ccc(Cl)cc1)Cc1cccc2ccncc12,-8.161
303,A3163,CN(Cc1ccc(F)cc1)Cc1cccc2cccnc12,-7.629
304,A251,Cc1ccc([C@@H](Cn2ccnc2)OCc2ccc(Cl)cc2)cc1,-8.397
305,A5951,CCCCCCCCN[C@H](C)[C@H](O)c1ccc(Cl)cc1,-7.971
306,A2102,Clc1ccc([C@H](CCn2ccnc2)OCc2ccncc2)c(Cl)c1,-9.377
307,A3170,CN(Cc1ccc(Br)cc1)Cc1cccc2cccnc12,-8.751
308,A1803,CC(C)[C@@H](Oc1ccc(Cl)cc1Cl)C(=O)C1(Cn2ccnc2)CC1,-9.325
309,A4527,Cc1nn(C[C@@](O)(Cn2cncn2)c2ccc(F)cc2F)c(C)c1C,-9.855
310,A333,Cc1ccc([C@H](Cn2ccnc2)OCc2cccc(Cl)c2)cc1,-8.354
311,A2520,CN(Cc1ccccc1)Cc1cccc2ccccc12,-7.274
312,A6174,COc1ccc(CCN[C@H](C)[C@@H](O)c2ccc(SC(C)C)cc2)cc1,-8.881
313,A886,CCC(C)(C)c1ccc(CC(=O)CN2C[C@@H](C)O[C@H](C)C2)cc1,-9.119
314,A821,CCC(C)(CC)c1ccc(C[C@@H](O)CN2C[C@@H](C)O[C@@H](C)C2)c(C)c1,-9.023
315,A877,CC(=O)NC[C@H](C)Cc1ccc(CC(C)(C)CN2C[C@@H](C)O[C@@H](C)C2)cc1,-8.512
316,A3064,Clc1ccc([C@@H](CCn2ccnc2)OCc2cccnc2)cc1,-8.464
317,A2526,CN(C/C=C/c1ccccc1)Cc1cccc2c1CCCC2=O,-8.277
318,A289,Cc1cccc(CO[C@@H](Cn2ccnc2)c2ccc(Cl)cc2)c1,-8.034
319,A2493,CN(C/C=C/c1ccccc1)Cc1ccc(F)cc1F,-7.266
320,A1620,CCN(CC)CCCOC(=O)c1cccc2ccccc12,-7.695
321,A3247,CN(Cc1cncnc1)Cc1cccc2ccccc12,-6.589
322,A3261,CN(Cc1ccc2ccccc2c1)Cc1ccccc1CN,-8.676
323,A3152,COc1cc(CN(C)Cc2cccc3ccccc23)cc(OC)c1,-9.636
324,A438,C[C@@H](c1ccccc1OCc1cccc(F)c1)n1ccnc1,-7.901
325,A1712,CCCN(CCC)CCOC(=O)c1ccc(-c2ccccc2)nc1,-8.300
326,A2577,CN(Cc1ccncc1)Cc1cccc2ccccc12,-7.025
327,A862,CCOC(=O)[C@H]1CN(C[C@H](C)Cc2ccc(C(C)(C)C)cc2)C[C@@H](C)O1,-10.152
328,A320,Cc1ccccc1CO[C@@H](Cn1ccnc1)c1ccc(Cl)cc1,-8.463
329,A1568,CC(C)c1ccc(CN2CN(Cc3ccccc3)CSC2=O)cc1,-8.952
330,A4371,COc1ccc(CN[C@H](Cn2ccnc2)c2ccc(Cl)cc2Cl)cc1,-9.567
331,A942,CC(=O)N[C@H](C)Cc1ccc(C[C@@H](C)CN2C[C@@H](C)O[C@@H](C)C2)cc1,-9.190
332,A4247,NC(=O)OC[C@@H](O)COc1ccc(Cc2ccccc2)cc1,-8.802
333,A4481,C[C@H](O)C(=O)N1CCN(C[C@](O)(Cn2cncn2)c2ccc(F)cc2F)CC1,-9.291
334,A3092,Cc1ccc([C@@H](OCCn2ccnc2)c2ccc(Cl)cc2)c(C)c1,-8.486
335,A1861,CCC[C@@H](Oc1ccc(Cl)cc1Cl)C(=O)[C@H](Cn1ccnc1)N(C)C,-10.201
336,A1558,CC(C)c1ccc(CN2CSC(=O)N(Cc3ccccc3)C2)cc1,-7.631
337,A4438,CN(Cc1ccc(F)cc1)C[C@@](O)(Cn1cncn1)c1ccc(F)cc1F,-8.857
338,A2553,CN(CC/C=C/c1ccccc1)Cc1ccnc2ccccc12,-7.121
339,A3161,CN(Cc1ccccc1)Cc1cccc2cccnc12,-7.018
340,A2387,FC(F)(F)c1ccc(C[C@H](Cn2ccnc2)c2ccccc2)cc1,-7.879
341,A1674,CCN(CC)CCNC(=O)c1cccc(OCc2ccccc2)c1O,-9.112
342,A3202,CN(CC1CC[NH2+]C1)CC1CCCC2CCCCC21,-6.787
343,A1716,CCN(CC)CCCCOC(=O)c1cc(-c2ccccc2)oc1C,-8.834
344,A2570,CN(C/C=C/c1ccccc1)C[C@H](O)c1cccc2ccoc12,-7.404
345,A2547,CN(C/C=C/C(C)(C)C)Cc1cccc2ccccc12,-6.899
346,A2643,OCCCNCCO[C@@H](Cn1ccnc1)c1ccc(Cl)cc1Cl,-8.068
347,A3273,CCCc1ccc(C(=O)OC[C@@H](COC(C)=O)OC(C)=O)cc1,-8.378
348,A4731,CC(C)CCCN(C)Cc1cccc2ccccc12,-6.618
349,A3157,CN(Cc1ccc(C#N)cc1)Cc1ccc2ccccc2c1,-8.731
350,A2533,CN(Cc1ccccc1)Cc1ccc2ccccc2c1,-7.660
351,A787,C[C@@H](Cc1ccc(C(C)(C)C)cc1)CN1C[C@@H](C)O[C@@H](C)C1,-8.783
352,A4691,CN(C/C=C/C(C)(C)C)Cc1ccc2ccccc2c1,-6.775
353,A2144,C[C@@H](Cc1ccccc1)N(C)C(=S)Oc1ccc2c(c1)CCCC2,-7.357
354,A1711,CCN(CC)CCCC(=O)c1ccc(-c2ccccc2)cc1,-8.254
355,A1871,CC[C@@H](Oc1ccc(Cl)cc1Cl)C(=O)[C@@H](Cn1ccnc1)C1CC1,-10.010
356,A805,CCC(CC)c1ccc(C[C@H](C)CN2C[C@@H](C)O[C@@H](C)C2)cc1,-9.290
357,A2333,CC(=O)c1cncn1C[C@@H](c1ccccc1)c1ccc(Cl)cc1,-9.163
358,A3237,CN(Cc1ccc(C(F)(F)F)cc1)Cc1ccc2ccccc2n1,-7.300
359,A3381,COc1ccc(F)cc1O[C@@H](CCc1ccc(Cl)cc1)Cn1ccnc1,-8.642
360,A3123,OC[C@H](Cn1ccnc1)OCc1ccc(Sc2ccccc2)cc1,-9.193
361,A386,Clc1ccc([C@H](OCCn2ccnc2)c2ccccc2Cl)cc1,-9.000
362,A724,Clc1ccc([C@H](Cn2ccnc2)NCc2ccccc2)c(Cl)c1,-9.075
363,A3193,Cc1ccccc1CN(C)Cc1ccc(C(C)C)cc1,-7.627
364,A353,Clc1ccc([C@H](Cn2ccnc2)OCCCc2ccccc2)cc1,-8.356
365,A3248,CN(Cc1ccc(C#N)cc1)Cc1cccc2cccnc12,-7.538
366,A40,Cc1ccc(CO[C@@H](Cn2ccnc2)c2ccc(F)cc2F)cc1,-7.801
367,A5994,CCCCCCCCN[C@H](C)[C@H](O)c1cc(OC)cc(OC)c1,-9.487
368,A263,Fc1ccc([C@H](Cn2ccnc2)OCc2ccc(Cl)cc2)cc1,-8.212
369,A4529,CN(C[C@](O)(Cn1cncn1)c1ccc(F)cc1F)C1CCCC1,-8.787
370,A360,CCCC[C@@H](Cn1ccnc1)OCc1c(Cl)cccc1Cl,-8.041
371,A340,COc1ccc(CO[C@H](Cn2ccnc2)c2ccc(Cl)cc2)cc1,-7.978
372,A3222,CN(Cc1ccc(Br)cc1)Cc1ccnc2ccccc12,-8.119
373,A1643,CCCOc1c(C(=O)OCCN(CC)CC)cccc1-c1ccccc1,-8.362
374,A4361,COc1ccc(C[C@@H](COC(N)=O)OC[C@H](O)COc2ccc(Cl)cc2)cc1OC,-8.952
375,A6183,CCCCCCCN[C@H](C)[C@H](O)c1ccc(C)cc1,-7.706
376,A1629,CC(C)N(CCCN)CCOC(=O)c1ccccc1-c1ccccc1,-9.593
377,A6104,CCCCCCCCN[C@@H](C)[C@H](O)c1cccc(Cl)c1,-7.691
378,A3164,CN(Cc1ccc(Cl)cc1)Cc1cccc2ncccc12,-7.625
379,A4509,OCCN(Cc1ncc[nH]1)C[C@](O)(Cn1cncn1)c1ccc(F)cc1F,-9.260
380,A1759,O=C(C1CCCC1)[C@@H](Cn1ccnc1)Oc1ccc(Cl)cc1Cl,-10.168
381,A5971,CCCCCCCCN[C@H](C)[C@@H](O)c1cccc(OC)c1,-9.187
382,A1694,CCN(CC)CCOC(=O)c1cc(-c2ccc(OC)cc2)ccc1O,-8.556
383,A2575,CN(C/C=C/c1ccccc1)Cc1cccc2c1CCCO2,-8.230
384,A6143,CCCCCCCCN[C@@H](C)[C@H](O)c1cccc(C)c1,-7.894
385,A4653,O=C(NCc1ccc(F)cc1)C(c1ccccc1)(c1ccccc1)n1ccnc1,-9.507
386,A867,CCC(C)(CC)c1ccc(CCN2C[C@@H](C)O[C@H](C)C2)cc1,-8.547
387,A2540,CCN(C/C=C/c1ccccc1)Cc1ccccc1C,-7.245
388,A362,CC(=O)c1ccc([C@H](Cn2ccnc2)OCc2ccccc2)cc1,-8.950
389,A4197,Cc1ccc(CC(=O)OC[C@H](O)COc2ccc(Cl)cc2)cc1,-8.702
390,A2532,C=CCN(C/C=C/c1ccccc1)Cc1ccccc1,-7.506
391,A1648,CCN(CC)CCCOC(=O)c1cc(-c2ccccc2)oc1C,-8.469
392,A439,Clc1cccc(COc2ccccc2CCn2ccnc2)c1,-8.937
393,A2314,O=C(CC[C@@H](c1ccccc1)c1ccc(Cl)cc1)n1ccnc1,-8.972
394,A717,COc1ccccc1[C@@H](Cn1ccnc1)OCc1ccc(Cl)cc1,-8.163
395,A3241,CN(Cc1ccc(Br)cc1)Cc1cccc2ncccc12,-8.637
396,A714,Cc1ccccc1CO[C@@H](Cn1ccnc1)c1ccc(F)cc1Cl,-8.936
397,A1690,CCN(CC)CCOC(=O)C1CC(C2CCCCC2)[NH+](C)C1,-8.931
398,A3142,CN(Cc1cccnc1)Cc1cccc2ccccc12,-6.800
399,A706,Cc1ccccc1[C@H](Cn1ccnc1)OCc1ccc(Cl)cc1,-8.697
400,A2470,CN(C/C=C/C=C/c1ccccc1)Cc1ccccc1,-6.966
401,A1794,O=C(COc1ccc(Cl)cc1Cl)[C@@H](Cn1ccnc1)OCC1CCCC1,-10.350
402,A290,Fc1ccc([C@H](Cn2ccnc2)OCc2cccc(F)c2)cc1,-7.749
403,A2538,C#CCN(C/C=C/c1ccccc1)Cc1ccccc1,-7.429
404,A3110,Clc1ccc([C@H](Cn2ccnc2)NCc2ccccc2Cl)cc1,-8.161
405,A937,CCC(C)(C)c1ccc(C[C@@H](O)CN2C[C@@H](C)O[C@@H](C)C2)c(OC)c1,-8.377
406,A3215,CN(Cc1cc(F)ccc1O)Cc1cccc2ccccc12,-8.794
407,A2556,CN(C/C=C/c1ccccc1)CCCc1ccccc1,-6.983
408,A300,COc1ccc(CO[C@@H](Cn2ccnc2)c2ccc(Cl)cc2)cc1,-8.071
409,A1688,CCN(CC)CCOC(=O)c1ccc(-c2ccccc2OC)cc1O,-8.270
410,A3190,CN(Cc1ccccc1)Cc1cccc2ccncc12,-7.739
411,A265,Fc1ccc([C@@H](Cn2ccnc2)OCc2ccccc2Cl)cc1,-8.960
412,A2535,CCCN(C/C=C/c1ccccc1)Cc1ccccc1,-7.546
413,A778,CCC(C)(C)c1ccc(CCCN2C[C@@H](C)O[C@H](C)C2)cc1,-8.898
414,A1748,CC(C)[C@@H](Oc1ccc(Cl)cc1Cl)C(=O)C(C)(C)Cn1ccnc1,-9.715
415,A3251,CN(Cc1ccc(Br)cc1)Cc1ccc2ccccc2n1,-7.520
416,A3098,Cc1ccc(CO[C@@H](Cn2ccnc2)c2cccc(Cl)c2)cc1,-7.891
417,A6105,CCCCCCCCN[C@@H](C)[C@H](OC)c1ccc(OC)cc1,-8.424
418,A1807,CC[C@@H](Oc1ccc(Cl)cc1Cl)C(=O)[C@@H](Cn1ccnc1)N(C)C,-9.649
419,A2491,CN(C/C=C/c1ccccc1)Cc1cccc2c1OCCO2,-7.671
420,A1704,CCN(CC)CCNCc1ccccc1-c1ccccc1,-8.222
421,A6151,CCCCCCCCN[C@@H](C)[C@H](O)c1cc(OC)cc(OC)c1,-9.080
422,A244,Cc1ccc(CO[C@@H](Cn2ccnc2)c2ccc(Cl)cc2)cc1,-7.758
423,A2534,COc1cccc(CN(C)C/C=C/c2ccccc2)c1,-6.838
424,A4658,O=C(NCc1ccccc1F)C(c1ccccc1)(c1ccccc1)n1ccnc1,-9.611
425,A3211,CN(Cc1ccccc1)Cc1cncc2ccccc12,-7.192
426,A2525,CN(C/C=C/c1ccccc1)C[C@H](O)c1ccc2ccccc2c1,-9.116
427,A56,Fc1ccc(CO[C@@H](Cn2ccnc2)c2ccc(Cl)cc2)cc1,-7.823
428,A712,Fc1ccccc1[C@H](Cn1ccnc1)OCc1ccc(Cl)cc1,-7.979
429,A783,CCC(C)(C)c1ccc(C[C@@H](C)CN2C[C@@H](C)O[C@@H](C)C2)cc1,-9.501
430,A4399,Cc1cc(CO[C@@H](Cn2ccnc2)c2ccc(Cl)cc2Cl)ccn1,-8.334
431,A1617,CCN(CC)CCOC(=O)c1ccc(-c2ccc(Cl)cc2)cc1O,-8.658
432,A851,CC[C@H](C)c1ccc(C[C@H](C)CN2C[C@@H](C)O[C@@H](C)C2)cc1,-8.913
433,A2479,CN(C/C=C/c1ccccc1)Cc1cccc(Cl)c1,-7.298
434,A1660,CCN(CC)CCOC(=O)c1ccc(-c2ccccc2)cc1O,-8.370
435,A446,CCO[C@H](c1ccccc1OCc1cccc(F)c1)n1ccnc1,-8.466
436,A4443,O[C@](CNCc1ncc[nH]1)(Cn1cncn1)c1ccc(F)cc1F,-9.758
437,A5210,O=C(O)CCc1ccc(CNCc2ccccc2)cc1,-7.809
438,A4253,NC(=O)OC[C@@H](O)COc1ccc(OCCN2CCCCC2)cc1,-8.920
439,A2082,C=CCN(CC=C)[C@H](Cn1ccnc1)c1ccc(Cl)cc1Cl,-8.955
440,A2580,COc1ccccc1CCN(C)C/C=C/c1ccccc1,-7.632
441,A4427,CC(=O)N1CCN(C[C@](O)(Cn2cncn2)c2ccc(F)cc2F)CC1,-8.238
442,A922,CC[C@@H](CO)c1ccc(C[C@@H](C)CN2C[C@@H](C)O[C@@H](C)C2)cc1,-7.569
443,A3077,Clc1ccc([C@H](Cn2ccnc2)OCc2cccnc2N2CCCCC2)cc1,-9.608
444,A3269,CN(Cc1ccc[nH]1)Cc1cccc2ccccc12,-6.620
445,A3257,CN(Cc1ccccc1CN)Cc1cccc2ccccc12,-7.486
446,A2563,CN(C/C=C/C=C\c1ccccc1)Cc1ccccc1,-6.737
447,A3410,c1ccc([C@@H](c2ccc(N3CCOCC3)cc2)n2ccnc2)cc1,-8.485
448,A301,CC(=O)c1ccc([C@@H](Cn2ccnc2)OCc2ccc(Cl)cc2)cc1,-8.618
449,A6165,CC(C)Sc1ccc([C@H](O)[C@H](C)NCCc2ccccc2)cc1,-9.081
450,A3268,CN(Cc1ccc(CN)cc1)Cc1ccc2ccccc2c1,-8.248
451,A794,CCC(C)(C)c1ccc(CC(=O)CN2C[C@@H](C)O[C@@H](C)C2)cc1,-8.970
452,A2572,CN(C)/C=C/CN(C)Cc1cccc2ccccc12,-6.401
453,A1695,CCN(CC)CCCNCc1ccccc1-c1ccccc1,-8.007
454,A3185,CN(Cc1ccc(F)cc1)Cc1cccc2ccoc12,-7.222
455,A3167,CN(Cc1ccccc1)Cc1cccc2cnccc12,-7.649
456,A3067,CCc1ccc([C@@H](Cn2ccnc2)OCc2ccc(C)cc2)cc1,-8.434
457,A4467,CN(Cc1cccnc1)C[C@](O)(Cn1cncn1)c1ccc(F)cc1F,-8.820
458,A4401,Cn1cccc1CO[C@H](Cn1ccnc1)c1ccc(Cl)cc1Cl,-8.336
459,A921,CCC(C)(C)c1ccc(C[C@H](O)CN2C[C@@H](C)O[C@@H](C)C2)c(I)c1,-10.411
460,A6071,CCCCCCCCN[C@H](C)[C@@H](OC)c1ccc(OC)cc1,-8.478
461,A253,Cc1ccc([C@@H](Cn2ccnc2)OCc2ccc(Cl)cc2F)cc1,-8.596
462,A2634,Cc1ccc(CO[C@H](Cn2ccnc2)c2ccc(Cl)cc2F)cc1,-8.563
463,A312,Cc1ccc(CO[C@@H](Cn2ccnc2)c2ccc(Br)cc2)cc1,-8.085
464,A3382,Clc1ccc(C[C@@H](Cn2ccnc2)Oc2ccccc2Cl)cc1,-9.162
465,A1661,CCN(CC)CCSc1ccc(-c2ccccc2)cc1O,-8.290
466,A368,Ic1ccc([C@@H](Cn2ccnc2)OCc2ccccc2)cc1,-8.644
467,A1820,CC(C)C[C@H](Oc1ccc(Cl)cc1Cl)C(=O)[C@@H](N)Cn1ccnc1,-9.968
468,A4220,Cc1ccc(CCC(=O)OC[C@H](O)COc2ccc(Cl)cc2)cc1,-9.388
469,A889,C[C@H](Cc1ccc(CC(C)(C)C)cc1)CN1C[C@@H](C)O[C@H](C)C1,-9.040
470,A5100,O=C([C@@H](Oc1ccc(Cl)cc1)n1ccnc1)N1CCC(CO)CC1,-8.916
471,A2481,CN(C/C=C/c1ccccc1)Cc1cccc2c1OCO2,-7.367
472,A758,CC[C@H](Cc1ccc(C(C)C)cc1)CN1C[C@@H](C)O[C@@H](C)C1,-9.333
473,A2602,CN(Cc1ccc(Br)o1)Cc1cccc2ccccc12,-7.868
474,A3316,CC(C)CS[C@@H](CCc1ccc(Cl)cc1)Cn1ccnc1,-8.270
475,A1627,CCCN(CCC)CCOC(=O)c1ccc(-c2ccccc2)o1,-9.275
476,A3256,CN(Cc1ncco1)Cc1cccc2ccccc12,-7.120
477,A2348,Brc1ccc(C[C@@H](Cn2ccnc2)c2ccccc2)cc1,-8.209
478,A2555,COc1ccc(/C=C/CN(C)Cc2ccccc2OC)cc1,-7.713
479,A6073,CC(C)Sc1ccc([C@@H](O)[C@H](C)NCCCc2ccccc2)cc1,-8.636
480,A4387,CC(=O)N[C@H]1CCN(C[C@](O)(Cn2cncn2)c2ccc(F)cc2F)C1,-8.429
481,A1608,CCN(CC)CCOC(=O)c1ccc(-c2ccc(OC)cc2)cc1O,-8.106
482,A5071,O=C(C1CCCCCC1)[C@@H](Oc1ccc(Cl)cc1)n1ccnc1,-8.972
483,A270,CCC(CC)CO[C@@H](Cn1ccnc1)c1ccc(Cl)cc1,-8.126
484,A1865,CC(C)C[C@@H](Oc1ccc(Cl)cc1F)C(=O)C(C)(C)Cn1ccnc1,-9.248
485,A1640,CCN(CC)CCCOC(=O)c1ccsc1-c1ccccc1,-7.564
486,A1650,CCN(CC)CCOC(=O)c1cc2ccccc2cc1O,-7.787
487,A2506,CN(C/C=C/c1ccccc1)Cc1cccc(C#N)c1,-7.821
488,A54,CCC[C@H](Cn1ccnc1)OCc1ccc(C(F)(F)F)cc1,-8.984
489,A1669,CN(C)CCCCOC(=O)c1ccccc1-c1ccccc1,-7.679
490,A905,CCC(C)(CC)c1ccc(CCN2C[C@H](C)O[C@@H](C)C2)cc1,-8.770
491,A2521,CN(C/C=C/c1cccc(Cl)c1)Cc1ccccc1,-6.917
492,A387,Clc1ccccc1CO[C@@H](Cn1ccnc1)c1ccccc1,-8.593
493,A2518,COc1ccccc1CN(C)C/C=C/c1ccccc1,-7.692
494,A908,C[C@H](Cc1ccc(NC(=O)C(C)(C)C)cc1)CN1C[C@@H](C)O[C@@H](C)C1,-8.738
495,A4729,CC(C)CCN(C)Cc1cccc2ccccc12,-6.842
496,A3147,CN(Cc1ccc(Cl)cc1)Cc1cccc2cnccc12,-7.565
497,A759,CCC(C)(C)c1ccc(CCCN2C[C@@H](C)O[C@@H](C)C2)cc1,-9.344
498,A1591,CCN(CC)CCCOc1ccccc1-c1ccccc1,-8.567
499,A2546,C=CCN(C/C=C/c1ccccc1)Cc1ccccc1OC,-9.262
500,A4346,NC(=O)OC[C@@H](O)COc1ccc(COc2ccccc2)cc1,-8.647
501,A278,Cc1cccc(CO[C@H](Cn2ccnc2)c2ccc(Cl)cc2)c1,-8.404
502,A6091,CCCCCCN[C@H](C)[C@H](O)c1ccc(OC)cc1,-7.703
503,A299,Cc1ccc(O[C@@H](Cn2ccnc2)c2ccc(Cl)cc2)cc1,-8.044
504,A845,CCC(C)(C)c1ccc(C[C@@H](C)CN2C[C@@H](C)O[C@@H](C)C2)cn1,-9.098
505,A3073,Cc1cc(C)cc(O[C@@H](Cn2ccnc2)c2ccc(Cl)cc2)c1,-8.134
506,A3131,Clc1ccc([C@H](Cn2ccnc2)SCCN2CCCC2)c(Cl)c1,-8.657
507,A1692,CCN(CC)CCOC(=O)c1ccc(-c2ccc(F)cc2)cc1O,-8.566
508,A2554,CN(C/C=C/c1cccc(Br)c1)Cc1ccccc1,-7.446
509,A1701,CCN(CC)CCOC(=O)c1ccc(-c2ccc(Br)cc2)cc1O,-8.941
510,A1853,CC[C@@H](Oc1ccc(Cl)cc1Cl)C(=O)C1(Cn2ccnc2)CC1,-9.266
511,A2155,OCCN(Cc1ccccc1)C(=S)Oc1ccc2c(c1)CCC2,-8.303
512,A4445,CN(Cc1ncc[nH]1)C[C@](O)(Cn1cncn1)c1ccc(F)cc1F,-8.786
513,A3246,CN(Cc1ccc(F)cc1)C[C@H]1CCCC2CC[NH2+]C21,-7.198
514,A2316,CCc1cn(C[C@H](c2ccccc2)c2ccc(OC)cc2)cn1,-7.870
515,A720,CSc1ccc(CO[C@H](Cn2ccnc2)c2ccc(F)cc2)cc1,-8.179
516,A3186,CN(Cc1ccc(Cl)cc1)Cc1cncc2ccccc12,-7.592
517,A1842,CCC[C@@H](Oc1ccc(Cl)cc1C)C(=O)[C@@H](Cn1ccnc1)OC,-8.952
518,A1655,CCCN(CCC)CCOC(=O)c1nc(-c2ccccc2)ccc1O,-8.774
519,A1805,CC(C)C[C@H](Oc1ccc(Cl)cc1F)C(=O)[C@@H](Cn1ccnc1)OC(C)C,-10.297
520,A1878,O=C(COc1ccc(Cl)cc1Cl)[C@@H](Cn1ccnc1)NC1CC1,-10.257
521,A2642,Clc1ccc([C@H](CCn2ccnc2)OCc2ccccn2)c(Cl)c1,-8.429
522,A1723,CN(C)CCCCCOC(=O)c1ccccc1-c1ccccc1,-8.108
523,A3100,Clc1ccc(C[C@H](Cn2ccnc2)OCc2ccccc2)cc1,-8.085
524,A4241,COc1ccc(C[C@@H](COC(N)=O)OC[C@@H](O)COc2ccc(Cl)cc2)cc1,-11.194
525,A298,N#Cc1ccc(CO[C@@H](Cn2ccnc2)c2ccc(Cl)cc2)cc1,-7.874
526,A2517,CN(C/C=C/c1ccccc1)Cc1ccc(F)c(F)c1,-7.152
527,A6125,CCCCCCCN[C@H](C)[C@H](O)c1ccc(Cl)cc1,-7.801
528,A319,N#Cc1ccc([C@@H](Cn2ccnc2)OCc2ccc(Cl)cc2)cc1,-8.831
529,A3239,COc1ccc(CN(C)Cc2cccc3occc23)cc1,-7.145
530,A928,CCC(C)(C)c1ccc(C[C@H](C)CN2C[C@H](C)O[C@@H](C)C2)cc1,-9.008
531,A311,Cc1ccc(OC[C@H](Cn2ccnc2)c2ccc(Cl)cc2)cc1,-8.168
532,A2513,COc1ccccc1/C=C/CN(C)Cc1ccccc1,-6.973
533,A1886,CC[C@H](Oc1ccc(Cl)cc1Cl)C(=O)[C@H](Cn1ccnc1)N1CCCCC1,-11.093
534,A2537,CN(C/C=C/c1cccc(F)c1)Cc1ccccc1,-7.452
535,A2641,Clc1ccc([C@H](CCn2ccnc2)OCc2ccc(Cl)nc2)cc1,-8.438
536,A2488,CN(C/C=C/c1ccccc1)Cc1cccc(Br)c1,-7.384
537,A4383,CC(=O)N[C@H]1CCN(C[C@@](O)(Cn2cncn2)c2ccc(F)cc2F)C1,-8.637
538,A1835,CC(C)(C)C(=O)[C@H](Cn1ccnc1)Oc1ccccc1C(F)(F)F,-8.474
539,A3304,CC(C)O[C@@H](CCc1ccc(Cl)cc1)Cn1ccnc1,-7.348
540,A1630,CC(C)Cc1ccc(-c2cccc(C(=O)OCCN(C)C)c2O)cc1,-8.302
541,A3313,Clc1ccc(CC[C@@H](Cn2ccnc2)OCc2cccnc2)cc1,-8.742
542,A305,Clc1ccc(CO[C@H](Cn2ccnc2)c2ccccc2)cc1,-7.878
543,A3233,CN(Cc1ccc(Cl)cc1)Cc1cccc2occc12,-7.579
544,A2607,Fc1ccc([C@@H](Cn2ccnc2)OCc2ccccc2)c(Cl)c1,-9.056
545,A3076,Cc1ccc(O[C@@H](Cn2ccnc2)c2ccc(Cl)cc2)cc1C,-7.957
546,A796,CCC(C)(C)c1ccc(CCCN2C[C@H](C)O[C@@H](C)C2)cc1,-9.308
547,A4400,Cc1cn(C[C@@H](OCc2cccnc2)c2ccc(Cl)cc2Cl)cn1,-8.939
548,A2264,c1ccc([C@H](Cn2ccnc2)c2ccc(OCC3CC3)cc2)cc1,-8.806
549,A4690,CN(CC#CCN)Cc1cccc2ccccc12,-6.727
550,A1929,CCNCc1nc2ccccc2n1Cc1ccc(Cl)cc1,-8.282
551,A782,CCC(C)(C)c1ccc(C[C@H](C)CN2CCO[C@@H](C)C2)cc1,-9.111
552,A64,CC(=O)CCCO[C@@H](Cn1ccnc1)c1ccc(Cl)cc1Cl,-8.032
553,A2562,CN(CC/C=C/c1ccccc1)Cc1ccccc1Cl,-7.173
554,A3106,Fc1ccc([C@H](Cn2ccnc2)OCc2ccsc2)cc1,-7.836
555,A6079,CCCCCCCN[C@H](C)[C@@H](O)c1ccc(OC)cc1,-8.067
556,A839,CC[C@H]1CN(CCCc2ccc(C(C)(C)C)cc2)C[C@@H](C)O1,-9.805
557,A276,Fc1ccc(CO[C@H](Cn2ccnc2)c2ccc(Cl)cc2)cc1,-8.775
558,A1680,CCN(CC)CCOC(=O)c1cccc(Oc2ccccc2)c1,-8.439
559,A932,CCC(C)(C)c1ccc(C[C@H](C)CN2C[C@@H](C)O[C@H](C)C2)c(C)c1,-9.763
560,A1815,COc1ccc(CO[C@@H](Cn2ccnc2)C(=O)C(C)(C)C)cc1,-8.326
561,A2581,CC(C)c1ccc(CN(C)C/C=C/c2ccccc2)cc1,-7.803
562,A2497,CC(C)N(C/C=C/c1ccccc1)Cc1ccccc1,-7.910
563,A3187,CN(Cc1ccc(Br)cc1)Cc1cccc2ccoc12,-7.990
564,A2472,CN(C/C=C/c1ccccc1)Cc1ccc(F)cc1,-7.317
565,A1590,CCN(CC)CCOC(=O)c1ccc(-c2ccccc2)cc1,-7.417
566,A2582,CN(C/C=C/c1ccccc1)CCCCc1ccccc1,-7.754
567,A6202,CCCCCCN[C@@H](C)[C@@H](O)c1ccc(OC)cc1,-7.049
568,A2162,CCc1cccc(CN(C)C(=S)Oc2ccc3c(c2)CCC3)c1,-8.038
569,A931,C[C@@H](Cc1ccc(C(C)(C)C)cc1)CN1C[C@@H](C)O[C@H](C)C1,-8.644
570,A4462,O[C@](CNCCc1c[nH]cn1)(Cn1cncn1)c1ccc(F)cc1F,-9.617
571,A4702,CN(Cc1cccc2ccccc12)CC1CCC1,-6.475
572,A941,C=CC(C)(C)c1ccc(C[C@H](C)CN2C[C@@H](C)O[C@@H](C)C2)cc1,-8.887
573,A327,COc1ccccc1CO[C@@H](Cn1ccnc1)c1ccc(Cl)cc1,-8.928
574,A2483,CN(C/C=C/c1ccccc1)Cc1ccc(C#N)cc1,-7.314
575,A2524,Cc1ccccc1CN(C)C/C=C/c1ccccc1,-7.123
576,A3235,COC(=O)c1ccc(CN(C)Cc2ccc3ccccc3c2)cc1,-8.076
577,A2548,CN(C/C=C/c1ccc(C#N)cc1)Cc1ccccc1,-7.252
578,A4434,CN(Cc1ccco1)C[C@@](O)(Cn1cncn1)c1ccc(F)cc1F,-8.290
579,A4496,O[C@](CNCc1ccc[nH]1)(Cn1cncn1)c1ccc(F)cc1F,-8.835
580,A1885,CC(C)(C)C(=O)[C@@H](Cn1ccnc1)Oc1ccc(SC(F)(F)F)cc1,-8.273
581,A2592,C[C@@H](/C=C/c1ccccc1)CN(C)Cc1ccccc1,-7.288
582,A241,Clc1ccc([C@@H](Cn2ccnc2)OCc2ccccc2)cc1,-8.322
583,A4697,CSCCCN(C)Cc1cccc2ccccc12,-6.424
584,A5044,CCC[C@H](Oc1ccc(Cl)cc1)C(=O)C(C)(C)n1ccnc1,-9.122
585,A770,CCC(C)(CC)c1ccc(C[C@H](O)CN2C[C@@H](C)O[C@@H](C)C2)cc1,-9.116
586,A4724,CN(CC(=O)C(C)(C)C)Cc1cccc2ccccc12,-6.504
587,A6052,CCCCCCCCN[C@@H](C)[C@@H](O)c1cccc(OC)c1,-9.042
588,A4369,Clc1ccc([C@@H](Cn2ccnc2)SCCNC2CC2)c(Cl)c1,-8.636
589,A4475,O[C@@](CNCc1ccccn1)(Cn1cncn1)c1ccc(F)cc1F,-8.736
590,A3104,CC(C)SC[C@H](Cn1ccnc1)OCc1ccc(Cl)cc1,-8.041
591,A2583,Cc1cccc(CN(C)C/C=C/c2ccccc2)c1,-6.899
592,A781,CCC(C)(CC)c1ccc(CC(=O)N2C[C@@H](C)O[C@@H](C)C2)cc1,-8.848
593,A1799,O=C(COc1ccc(Cl)cc1Cl)[C@H](Cn1ccnc1)OCC1CCC1,-8.929
594,A6209,CCCCCCCCN[C@H](C)[C@@H](O)c1ccc(OC)c(OC)c1,-7.961
595,A3175,CN(Cc1ccccc1)Cc1cccc2ncccc12,-6.821
596,A1706,CCN(CC)CCCOC(=O)c1ccccc1-c1ccccc1,-8.646
597,A764,CCC(C)(CC)c1ccc(CCCN2C[C@@H](C)O[C@@H](C)C2)cc1,-9.523
598,A4406,C[C@H](CF)CO[C@@H](Cn1ccnc1)c1ccc(Cl)cc1Cl,-7.960
599,A1567,O=C1CN(Cc2ccccc2)CN1Cc1ccccc1,-6.685
600,A820,CC[C@H](Cc1ccc(C(C)(C)C)cc1)N1C[C@H](C)O[C@@H](C)C1,-8.087
601,A791,CCC(C)(C)c1ccc(C[C@H](O)CN2C[C@@H](C)O[C@H](C)C2)cc1,-9.172
602,A2287,Clc1ccc(O[C@@H](CCn2ccnc2)c2ccccc2)cc1,-7.808
603,A3197,CN(Cc1ccc(Br)cc1)Cc1cccc2cnccc12,-7.779
604,A292,Brc1ccc([C@H](Cn2ccnc2)OCc2ccccc2)cc1,-8.664
605,A1406,O=C(c1cncn1[C@H]1CCCc2ccccc21)N1CCCCC1,-8.333
606,A3178,CN(Cc1ccc(Cl)cc1)Cc1cccc2[nH]ccc12,-8.155
607,A3162,CN(Cc1ccc(Cl)cc1)CC1CCCC2CC[NH2+]C21,-7.290
608,A1762,CC[C@@H](Oc1ccc(Cl)cc1Cl)C(=O)[C@H](Cn1ccnc1)C(C)C,-9.831
609,A3070,COc1cccc(CO[C@H](Cn2ccnc2)c2ccc(Cl)cc2)c1,-8.645
610,A2142,CCCN(Cc1ccccc1)C(=S)Oc1ccc2c(c1)CCC2,-7.569
611,A814,CC[C@H](Cc1ccc(C(C)(C)C)cc1)N1C[C@@H](C)O[C@@H](C)C1,-9.124
612,A6059,CCCCCCCCN[C@H](C)[C@H](O)c1cccc(C)c1,-8.141
613,A944,CCC(C)(CC)c1ccc(C[C@@H](O)CN2C[C@@H](C)O[C@@H](C)C2)c(OC)c1,-9.220
614,A2610,Fc1ccc([C@H](Cn2ccnc2)OCc2ccccc2)c(Cl)c1,-8.600
615,A2522,CN(C/C=C/c1ccccc1)C[C@@H](O)c1cccc2ccoc12,-7.826
616,A1664,CCCN(CCC)CC(=O)c1ccccc1-c1ccccc1,-8.232
617,A1932,CCOCc1nc2ccccc2n1Cc1ccc(Cl)cc1,-7.884
618,A1691,CC(C)N(CCN)CCOC(=O)c1cccc(-c2ccccc2)c1O,-9.277
619,A3085,Cc1ccc(CO[C@H](Cn2ccnc2)c2ccc(Cl)cc2)s1,-8.707
620,A5953,CCCCCCCCN[C@H](C)[C@H](O)c1ccc(C)cc1,-7.692
621,A3101,N#Cc1ccc(CO[C@H](CCn2ccnc2)c2ccc(Cl)cc2)cc1,-8.765
622,A259,Cc1ccc([C@H](Cn2ccnc2)OCc2ccc(Cl)cc2)cc1,-8.340
623,A6081,CCCCCCCCN[C@H](C)[C@H](O)c1ccc(Cl)c(OC)c1,-8.697
624,A3322,Cc1ncc([C@@H](CCc2ccc(Cl)cc2)Cn2ccnc2)n1C,-8.728
625,A4407,Clc1ccc([C@H](Cn2ccnc2)OCCCc2cccnc2)c(Cl)c1,-9.349
626,A1685,CC(C)N(CCCN)CC(=O)c1cccc(-c2ccccc2)c1O,-9.166
627,A763,CC[C@H](Cc1ccc(C(C)C)cc1)CN1C[C@@H](C)O[C@H](C)C1,-8.223
628,A906,CCC(C)(C)c1ccc(CCCCN2C[C@@H](C)O[C@H](C)C2)cc1,-9.739
629,A2587,CN(C/C=C/c1ccccc1)CCc1cccc2c1OCO2,-7.388
630,A6120,CC(C)Sc1ccc([C@H](C)NCCCCCO)cc1,-6.434
631,A1678,CCN(CC)CC[C@H](C)OC(=O)c1ccccc1-c1ccccc1,-8.479
632,A3378,CC(C)NC[C@@H](Cn1ccnc1)Sc1c(Cl)cccc1Cl,-8.624
633,A2568,CN(C/C=C/c1ccccc1Br)Cc1ccccc1,-7.528
634,A4428,CN1CCN(C[C@@](O)(Cn2cncn2)c2ccc(F)cc2F)CC1,-8.790
635,A3221,COc1ccccc1CN(C)Cc1ccc2ccccc2c1,-8.210
636,A1623,CCN(CC)CC[C@@H](C)Oc1ccccc1-c1ccccc1,-7.412
637,A3165,COc1ccc(CN(C)Cc2ccc3ccccc3c2)cc1,-7.742
638,A1252,O=C1CCCN1CCO[C@@H](Cn1ccnc1)c1ccc(Cl)cc1Cl,-8.935
639,A2632,CC(=O)CCCCO[C@@H](Cn1ccnc1)c1ccc(Cl)cc1Cl,-9.719
640,A4433,O[C@@](CNC1CCCCC1)(Cn1cncn1)c1ccc(F)cc1F,-9.042
641,A1561,CC(C)Cc1ccc(CN2CSC(=O)N(Cc3ccccc3)C2)cc1,-9.022
642,A3209,CN(Cc1ccc(F)cc1)Cc1ccc(C(C)(C)C)cc1,-8.139
643,A2341,CC(C)(C)Oc1ccc([C@H](Cn2ccnc2)c2ccccc2)cc1,-8.527
644,A1856,CCC(CC)COC(=O)[C@@H](Cn1ccnc1)Oc1ccc(Cl)cc1Cl,-10.891
645,A443,COc1cccc(COc2ccccc2[C@@H](C)n2ccnc2)c1,-8.582
646,A767,CC(C)c1ccc(C[C@H](C)CN2C[C@@H](C)O[C@@H](C)C2)cc1,-8.762
647,A2150,Cc1cccc(CN(C)C(=S)Oc2ccc3c(c2)CCCC3)c1,-7.903
648,A1668,CCN(CC)CCOC(=O)c1c(O)c(-c2ccccc2)cn1C,-8.780
649,A2579,CN(C/C=C/c1ccccc1)C[C@@H](O)c1ccc2ccoc2c1,-6.990
650,A4193,Cc1ccc(C[C@@H](COC(N)=O)OC[C@@H](O)COc2ccc(Cl)cc2)cc1,-8.274
651,A2254,CC(=O)c1cn(C[C@@H](c2ccccc2)c2ccc(Cl)cc2)cn1,-8.233
652,A2595,CN(C/C=C/c1ccccc1)C(=O)Cc1ccccc1,-6.591
653,A1657,CCN(CC)C[C@@H](C)OC(=O)c1ccccc1-c1ccccc1,-8.879
654,A3299,CCCS[C@@H](CCc1ccc(Cl)cc1)Cn1ccnc1,-8.190
655,A3089,Clc1ccc([C@H](CCn2ccnc2)OCc2ccsc2)cc1,-7.978
656,A1621,CCN(CC)CCCNc1ccccc1-c1ccccc1,-8.472
657,A624,CCCCN(CCO)CCOc1ccc(Cl)cc1,-8.215
658,A5986,CCCCCCCCN[C@@H](C)[C@H](O)c1ccc(C)cc1,-7.965
659,A761,C[C@@H]1CN([C@@H](C)Cc2ccc(C(C)(C)C)cc2)C[C@H](C)O1,-8.494
660,A4292,O=C(CCc1ccccc1)OC[C@H](O)COc1ccc(Cl)cc1,-8.101
661,A871,COC(=O)[C@@H]1CN(C[C@@H](C)Cc2ccc(C(C)(C)C)cc2)C[C@@H](C)O1,-9.981
662,A2119,Clc1ccc([C@H](Cn2ccnc2)OCCN2CCCCC2)c(Cl)c1,-9.075
663,A819,CCC(C)(C)c1ccc(CCCN2C[C@@H](C)O[C@@H](C)[C@H]2C)cc1,-9.859
664,A848,CCC(CC)(CC)c1ccc(CCN2C[C@@H](C)O[C@@H](C)C2)cc1,-8.825
665,A868,CCC(CC)c1ccc(C[C@@H](C)CN2C[C@@H](C)O[C@@H](C)C2)cn1,-7.721
666,A2644,CC(=O)CC[C@@H](Cn1ccnc1)OCc1ccc(Cl)cc1,-7.556
667,A3145,CN(Cc1ccc(Cl)cc1)Cc1cccc2ccoc12,-7.504
668,A246,Clc1ccc([C@H](Cn2ccnc2)OCc2ccccc2)cc1,-7.843
669,A3150,CN(Cc1ccc(Cl)cc1)Cc1ccnc2ccccc12,-7.857
670,A328,Clc1cccc(CO[C@@H](Cn2ccnc2)c2ccccc2)c1,-7.890
671,A286,CC(=O)c1ccc([C@@H](Cn2ccnc2)OCc2ccccc2)cc1,-8.178
672,A5064,CC(C)(C)C(=O)[C@H](SCc1ccc(Cl)cc1)n1ccnc1,-7.962
673,A2496,CN(C/C=C/c1ccccc1)Cc1ccccc1Br,-7.544
674,A1612,CCN(CC)CCOC(=O)c1ccc(-c2ccccc2OC)cc1,-8.109
675,A2313,COc1ccc([C@@H](Cn2ccnc2)c2ccc(C)cc2)cc1,-7.955
676,A1388,CCCCN(CCCC)C(=O)c1cncn1[C@H]1CCCc2ccccc21,-9.068
677,A441,C[C@H](c1ccccc1OCc1ccc(Cl)cc1)n1ccnc1,-7.440
678,A824,CC[C@H](Cc1ccc(C(C)(C)C)cc1)CN1C[C@H](C)O[C@@H](C)C1,-9.061
679,A5954,CCCCCCCCN[C@@H](C)[C@H](O)c1ccc(Cl)cc1,-8.041
680,A5111,CC(C)Cc1ccc(O[C@@H](C(=O)C(C)(C)C)n2ccnc2)cc1,-8.352
681,A1729,CCN(CC)CCCC(=O)c1c(O)cccc1-c1ccccc1,-8.004
682,A1876,CC(C)N(C(=O)[C@H](Cn1ccnc1)Oc1ccc(Cl)cc1Cl)C(C)C,-10.380
683,A2482,CN(C/C=C/c1ccccc1)Cc1ccc(N(C)C)cc1,-7.454
684,A1257,Cc1ccc(OCCO[C@H](Cn2ccnc2)c2ccc(Cl)cc2)cc1,-8.952
685,A4732,CN(CCOCC(C)(C)C)Cc1cccc2ccccc12,-7.525
686,A2078,O=C(O[C@@H](Cn1ccnc1)c1ccc(Cl)cc1Cl)C1CCCC1,-9.105
687,A51,Clc1ccc([C@H](CCn2ccnc2)OCc2cccnc2)c(Cl)c1,-9.054
688,A858,C[C@@H]1CN(C[C@H](C)c2ccc(C(C)(C)C)cc2)C[C@H](C)O1,-8.751
689,A1821,Cc1ccc([C@@H](C)O[C@@H](Cn2ccnc2)C(=O)C(C)(C)C)cc1,-8.646
690,A6207,CC(C)CCCNC[C@H](O)c1ccc(SC(C)C)cc1,-7.683
691,A813,CC[C@@H](Cc1ccc(C(C)(C)C)cc1)CN1C[C@@H](C)O[C@H](C)C1,-9.471
692,A5053,CCCC(C)(C)C(=O)[C@H](Oc1ccc(C)cc1)n1ccnc1,-8.422
693,A1656,CCN(CC)CCSc1ccccc1-c1ccccc1,-7.556
694,A6102,CCCCCCCCN[C@H](C)[C@@H](O)c1ccc(Cl)c(OC)c1,-7.550
695,A1263,O=C(CCCO[C@@H](Cn1ccnc1)c1ccc(Cl)cc1Cl)NC1CC1,-9.606
696,A281,Cc1ccc(OC[C@@H](Cn2ccnc2)c2ccc(Cl)cc2)cc1,-8.016
697,A798,CCC(C)(C)c1ccc(CCN2C[C@@H](C)O[C@@H](C)[C@H]2C)cc1,-8.634
698,A380,CC(=O)c1ccc([C@H](Cn2ccnc2)OCc2ccc(Cl)cc2)cc1,-8.172
699,A2364,COc1ccc([C@@H](Cn2ccnc2)c2cccc(OC)c2)cc1,-8.109
700,A3146,CN(Cc1ccccc1C#N)Cc1cccc2ccccc12,-7.555
701,A6226,CSc1ccc([C@@H](C)NCCCCCCCO)cc1,-8.761
702,A1579,CC(C)N1CN(Cc2ccccc2)/C(=N/c2ccccc2)S1,-7.623
703,A825,C[C@@H](Cc1ccc([C@@H](C)O)cc1)CN1C[C@@H](C)O[C@@H](C)C1,-7.482
704,A5119,CCCC(C)(C)C(=O)[C@H](Oc1cccc(Cl)c1)n1ccnc1,-8.764
705,A378,Clc1cccc([C@@H](Cn2ccnc2)OCc2ccccc2)c1,-7.849
706,A784,CCC(C)(C)c1ccc(C[C@@H](C)CN2CCOC(C)(C)C2)cc1,-8.810
707,A2156,CCN(Cc1ccncc1)C(=S)Oc1ccc2c(c1)CCC2,-8.319
708,A2378,CCc1cn(C[C@@H](c2ccccc2)c2ccc(Br)cc2)nn1,-8.263
709,A1659,CCN(CC)CCCCOC(=O)c1ccc(-c2ccccc2)o1,-9.268
710,A1194,CCOC(=O)c1cncn1[C@@H]1CCCc2cc(OC(C)C)ccc21,-7.811
711,A803,CCC(C)(C)c1ccc(CCN2C[C@@H](C)O[C@@H](C)C2)cc1,-8.895
712,A4431,OCCCNC[C@](O)(Cn1cncn1)c1ccc(F)cc1F,-7.707
713,A4398,Cc1nccn1C[C@@H](OCc1cccnc1)c1ccc(Cl)cc1Cl,-8.511
714,A800,CCC(C)(CC)c1ccc(C[C@H](C)CN2CCO[C@@H](C)C2)cc1,-8.629
715,A6094,CCCCCCCN[C@@H](C)[C@H](O)c1ccc(OC)cc1,-7.712
716,A3240,CN(Cc1ccccc1N(C)C)Cc1cccc2ccccc12,-6.954
717,A1689,CCN(CC)CCc1ccccc1-c1ccccc1,-8.206
718,A5122,CCCCc1ccc(O[C@H](C(=O)C(C)(C)C)n2ccnc2)cc1,-9.251
719,A1880,CC[C@H](Oc1ccc(Cl)cc1Cl)C(=O)[C@H](N)Cn1ccnc1,-9.888
720,A347,COc1cccc(CO[C@@H](Cn2ccnc2)c2ccc(Cl)cc2)c1,-8.071
721,A1676,CCN(CC)CCOC(=O)c1ccccc1C(=O)c1ccccc1,-8.386
722,A776,CCC(C)(C)c1ccc(CCN2C[C@H](C)O[C@@H](C)C2)cc1,-8.183
723,A924,CC[C@H]1CN(C[C@H](C)Cc2ccc(C(C)(C)C)cc2)CCO1,-8.830
724,A926,CCC(C)(C)c1ccc(CCCN2C[C@@H](C)OC(C)(C)C2)cc1,-9.310
725,A2358,CC(C)c1cn(C[C@@H](c2ccccc2)c2ccc(F)cc2)cn1,-9.262
726,A5950,CCCCCCCCN[C@@H](C)[C@H](O)c1ccc(OC)cc1,-7.557
727,A356,CC(=O)CCCCO[C@@H](Cn1ccnc1)c1ccc(Cl)cc1,-8.006
728,A1570,O=C1CN(Cc2ccccc2)CN1c1ccccc1,-7.459
729,A773,CCC(C)(C)c1ccc(CCCCN2C[C@@H](C)O[C@@H](C)C2)cc1,-8.437
730,A4256,CCOC(=O)CCc1ccc(OC[C@H](O)COC(N)=O)cc1,-8.594
731,A1697,CCCCN(C)CCOC(=O)c1ccccc1-c1ccccc1,-8.152
732,A1778,CC(C)C[C@@H](Oc1ccc(Cl)cc1Cl)C(=O)[C@@H](C)Cn1ccnc1,-9.824
733,A5999,CCCCN[C@@H](C)[C@@H](O)c1ccc(OC(C)C)cc1,-7.017
734,A916,CC[C@H](Cc1cccc(C(C)C)c1)CN1C[C@@H](C)O[C@@H](C)C1,-9.191
735,A2516,CN(C/C=C/c1ccccc1)Cc1c[nH]c2ccccc12,-7.612
736,A2274,COc1ccc([C@@H](Cn2ccnc2)c2ccccc2)cc1OC,-8.364
737,A1872,CC(C)C[C@@H](Oc1ccc(Cl)cc1Cl)C(=O)C(C)(C)Cn1ccnn1,-9.526
738,A835,CCC(C)(CC)c1ccc(C[C@@H](O)CN2C[C@@H](C)O[C@@H](C)C2)cn1,-8.262
739,A6112,CC(C)CCCN[C@H](C)[C@H](O)c1ccc(SC(C)C)cc1,-7.663
740,A2578,CN(C/C=C\c1ccccc1)Cc1ccccc1,-6.721
741,A2536,CN(CC/C=C/c1ccccc1)CCc1ccccc1,-6.714
742,A342,CCC(CC)CO[C@H](Cn1ccnc1)c1ccc(Cl)cc1,-7.900
743,A801,CCC(C)(CC)c1ccc(C[C@H](C)CN2C[C@@H](C)O[C@@H](C)C2)cn1,-9.308
744,A1178,CCCCOC(=O)c1cncn1[C@H]1CCCc2ccccc21,-8.436
745,A899,CCC(C)(C)c1ccc(CCCN2CCO[C@@H](C)C2)cc1,-8.427
746,A5960,CCCCCCCCN[C@H](C)[C@@H](O)c1ccc(C)cc1,-8.754
747,A2486,CN(C/C=C/c1ccccc1)Cc1ccccc1Cl,-7.193
748,A793,CC[C@H](Cc1ccc(C(C)(C)O)cc1)CN1C[C@@H](C)O[C@@H](C)C1,-7.836
749,A3377,CCCCNC[C@@H](Cn1ccnc1)Sc1c(Cl)cccc1Cl,-9.776
750,A2259,c1ccc(C(OCCn2ccnc2)c2ccccc2)cc1,-7.904
751,A1600,CCN(CC)CCOC(=O)c1cc(-c2ccccc2)oc1C,-8.371
752,A1686,CCN(CC)CCCOC(=O)c1ccc(-c2ccccc2OC)cc1,-8.694
753,A2494,CN(C/C=C/c1ccccc1)Cc1cc2ccccc2o1,-7.907
754,A1610,CC(C)N(CCCN)CCOC(=O)c1cccc(-c2ccccc2)c1O,-7.649
755,A963,CCOC(=O)CCc1cncn1[C@@H]1CCCc2ccccc21,-8.308
756,A2267,COc1ccc(C(Cn2ccnc2)c2ccc(OC)cc2)cc1,-8.299
757,A3154,CN(Cc1ccc(Cl)cc1)Cc1ccc2ccccc2n1,-7.625
758,A826,CCC(C)(C)c1ccc(CCN2C[C@@H](C)O[C@@H](C)C2)nc1,-8.405
759,A2106,Clc1ccc([C@H](Cn2ccnc2)OCC2CCC2)c(Cl)c1,-7.170
760,A3097,Fc1cccc(CO[C@H](Cn2ccnc2)c2ccc(Cl)cc2)c1,-8.661
761,A3081,Clc1ccc([C@H](Cn2ccnc2)OCCc2cccs2)cc1,-8.330
762,A2559,CN(C/C=C/c1ccccc1)Cc1ccc(CO)cc1,-8.348
763,A1562,c1ccc(CN2CCCN(Cc3ccccc3)C2)cc1,-7.688
764,A4439,O[C@@](CNCC(F)(F)F)(Cn1cncn1)c1ccc(F)cc1F,-7.606
765,A780,CC(C)c1ccc(C[C@H](C)CN2C[C@@H](C)O[C@H](C)C2)cc1,-8.196
766,A2515,CN(C/C=C/c1ccccc1)Cc1cc2ccccc2[nH]1,-7.578
767,A1037,CCCN(CCC)C(=O)c1cncn1[C@@H]1CCCc2ccccc21,-8.355
768,A1628,CCN(CC)CCCOC(=O)c1ccc(-c2ccccc2)o1,-7.316
769,A255,Cc1ccc(CO[C@H](Cn2ccnc2)c2ccc(C)cc2)cc1,-8.278
770,A827,CCC(C)(C)c1ccc(C[C@H](C)CN2C[C@@H](C)O[C@H](C)C2)cc1,-9.492
771,A6008,CCCCCCCCN[C@H](C)[C@H](O)c1cccc(Cl)c1,-8.403
772,A3293,CC(C)S[C@H](CCc1ccc(Cl)cc1)Cn1ccnc1,-8.526
773,A1731,CCN(CC)CCN(CC)Cc1ccccc1-c1ccccc1,-8.101
774,A917,CCC(C)(CC)c1ccc(C[C@@H](C)CN2C[C@@H](C)O[C@@H](C)C2)nc1,-8.879
775,A3238,COc1ccc(CN(C)Cc2cccc3[nH]ccc23)cc1,-7.587
776,A317,CC[C@@H](Cn1ccnc1)OCc1c(Cl)cccc1Cl,-7.590
777,A375,COc1ccccc1CO[C@H](Cn1ccnc1)c1ccc(Cl)cc1,-9.141
778,A44,CC[C@@H](Cn1ccnc1)OCc1ccc(C(F)(F)F)cc1,-7.159
779,A3224,CN(Cc1ccccc1)Cc1cccc2[nH]ccc12,-6.533
780,A855,CCC(C)(C)c1ccc(OC[C@H](C)CN2C[C@@H](C)O[C@@H](C)C2)cc1,-9.278
781,A940,CC[C@H](Cc1ccc(C(C)(C)C)cc1)N1C[C@@H](C)O[C@@H](C)[C@H]1C,-9.288
782,A2519,CN(CC/C=C/c1ccccc1)Cc1ccccc1F,-6.939
783,A875,CC(C)c1ccc(C[C@@H](C)CN2C[C@H](C)O[C@@H](C)C2)cc1,-9.117
784,A2527,CC(=O)N(C/C=C/c1ccccc1)Cc1ccccc1,-7.817
785,A2475,CCN(C/C=C/c1ccccc1)Cc1ccccc1,-7.101
786,A5134,O=C([C@H](C1CC1)n1ccnc1)[C@H](Oc1ccc(Cl)cc1)C1CC1,-9.357
787,A3365,COC(=O)[C@H](CCc1ccc(Cl)cc1)Cn1ccnc1,-8.122
788,A6177,CCCCCCN[C@H](C)[C@@H](O)c1ccc(OC)cc1,-7.504
789,A5959,CCCCCCCCN[C@@H](C)[C@@H](O)c1ccc(Cl)cc1,-8.082
790,A1683,CCN(CC)CCCOC(=O)c1ccc(Oc2ccccc2)cc1,-9.391
791,A4515,CCN(Cc1cccnc1)C[C@@](O)(Cn1cncn1)c1ccc(F)cc1F,-9.595
792,A4234,COC(=O)CCc1ccc(OC[C@@H](O)COC(N)=O)cc1,-8.068
793,A120,CS/C=C(\c1cccc(OCCCC(C)C)c1)n1ccnc1,-8.862
794,A713,CC[C@H](CO[C@@H](Cn1ccnc1)c1ccc(Cl)cc1Cl)OC,-8.026
795,A31,CC(C)CCO[C@@H](Cn1ccnc1)c1ccc(Cl)cc1Cl,-8.269
796,A1813,CC(C)(C)C(=O)[C@H](Cn1ccnc1)Oc1cccc(C(F)(F)F)c1,-7.208
797,A5098,CCC[C@@H](C)C(=O)[C@@H](Oc1ccc(F)cc1)n1ccnc1,-8.915
798,A3200,CN(Cc1ccccc1)CC1CCCC2CC[NH2+]C21,-6.859
799,A1773,O=C(C1CCC1)[C@H](Cn1ccnc1)Oc1ccc(Cl)cc1Cl,-9.438
800,A3350,COC(=O)[C@@H](CCc1ccc(Cl)cc1)Cn1ccnc1,-8.330
801,A832,CC[C@H](Cc1ccc(C(C)C)cc1)CN1C[C@H](C)O[C@@H](C)C1,-9.209
802,A437,Clc1ccc(COc2ccccc2CCn2ccnc2)cc1,-7.658
803,A4465,CCN(Cc1ccco1)C[C@](O)(Cn1cncn1)c1ccc(F)cc1F,-9.036
804,A3166,COc1cc(CN(C)Cc2cccc3ccccc23)cc(OC)c1OC,-8.988
805,A837,CC[C@H](Cc1ccc([C@H](C)CC)cc1)N1C[C@@H](C)O[C@@H](C)C1,-8.203
806,A2604,CN(C)c1nc2ccc(OCCCN3CCC(C)(C)CC3)cc2s1,-8.281
807,A1614,CCN(CC)CCCOC(=O)c1ccc2ccccc2c1,-9.157
808,A2100,Clc1ccc([C@@H](Cn2ccnc2)OCCN2CCOCC2)c(Cl)c1,-7.979
809,A1727,CCOc1c(C(=O)OCCN(CC)CC)cccc1-c1ccccc1,-8.347
810,A2308,Brc1ccc([C@@H](OCCn2ccnc2)c2ccccc2)cc1,-8.240
811,A903,C[C@@H]1CN(C[C@@H](O)Cc2ccc(C(C)(C)C)cc2)C[C@H](C)O1,-8.979
812,A846,C[C@@H](Cc1ccc(C(C)(C)C)cc1)CN1CCO[C@@H](C)C1,-8.492
813,A1060,CCOC(=O)CCc1cncn1[C@@H]1CCc2ccccc21,-8.153
814,A1034,CN(Cc1ccccc1)C(=O)c1cncn1[C@H]1CCCc2ccccc21,-8.784
815,A1595,CCN(CC)CCOc1ccccc1-c1ccccc1,-8.156
816,A1606,CCN(CC)CCCOC(=O)c1ccc(-c2ccccc2)cc1,-9.411
817,A1647,CCN(CC)CCCC(=O)c1ccccc1-c1ccccc1,-8.025
818,A1622,CCN(CC)CCOC(=O)c1ccccc1-c1ccccc1,-7.803
819,A359,Ic1ccc([C@H](Cn2ccnc2)OCc2ccccc2)cc1,-8.566
820,A5138,CCC[C@@H](CC)C(=O)[C@H](Oc1ccc(Cl)cc1)n1ccnc1,-9.079
821,A1170,CCOC(=O)c1cncn1[C@@H]1CCCc2cc(C(F)(F)F)ccc21,-8.012
822,A5997,CCCCCN[C@H](C)[C@H](O)c1ccc(SC(C)C)cc1,-7.338
823,A3192,COc1ccc(CN(C)Cc2cccc3ncccc23)cc1,-7.688
824,A6208,CCCCN[C@H](C)[C@@H](O)Cc1ccc(SC(C)C)cc1,-7.620
825,A3338,CC(=O)O[C@@H](CCc1ccc(Cl)cc1)Cn1ccnc1,-8.533
826,A914,CC[C@H]1CN(C[C@@H](C)Cc2ccc(C(C)(C)C)cc2)CCO1,-8.224
827,A260,Clc1ccc(CO[C@@H](Cn2ccnc2)c2ccccc2)cc1,-8.467
828,A1653,CCN(CC)CCOC(=O)c1c(O)c2ccccc2n1C,-8.129
829,A4355,COCCOC[C@H](O)COc1ccc(Cl)cc1,-7.172
830,A1652,CC(C)N(CCOC(=O)c1ccccc1-c1ccccc1)C(C)C,-8.310
831,A3124,CSCC[C@H](Cn1ccnc1)OCc1ccc(Cl)cc1,-8.262
832,A1672,CCN(CC)CCOC(=O)c1ncccc1-c1ccccc1,-8.107
833,A4502,O[C@@](CNCCCF)(Cn1cncn1)c1ccc(F)cc1F,-8.664
834,A930,CCC(C)(C)c1ccc(C[C@H](O)CN2C[C@@H](C)O[C@H](C)C2)cn1,-8.559
835,A891,CCC(C)(CC)c1ccc(CCCN2C[C@@H](C)O[C@H](C)C2)cc1,-9.206
836,A4408,CC(C)NCCO[C@H](Cn1ccnc1)c1ccc(Cl)cc1Cl,-8.639
837,A2302,Brc1cccc([C@@H](Cn2ccnc2)c2ccccc2)c1,-7.683
838,A6006,CCCCCCCCN[C@H](C)[C@H](O)c1ccc(OC)cc1,-8.121
839,A2564,CN(C/C=C/c1ccccc1)C[C@H](O)c1ccccc1,-8.443
840,A4310,CC(C)(C)c1ccc(OC[C@H](CO)COC(N)=O)cc1,-9.091
841,A457,C[C@H](c1ccccc1OCc1cccc(F)c1)n1ccnc1,-7.839
842,A1779,Cc1ccc(CO[C@H](Cn2ccnc2)C(=O)C(C)(C)C)cc1,-8.342
843,A2571,COc1ccc(CCN(C)C/C=C/c2ccccc2)cc1,-7.978
844,A895,CCC(C)(C)c1ccc(C[C@H](C)CN2C(=O)CS[C@@H]2C)cc1,-9.218
845,A2495,CN(C/C=C/c1ccc(Br)cc1)Cc1ccccc1,-7.124
846,A818,CCC(C)(C)c1ccc(C/C=C/CN2C[C@@H](C)O[C@@H](C)C2)cc1,-10.076
847,A6119,CC[C@@H](C)NC[C@H](C)[C@H](O)c1ccc(SC(C)C)cc1,-7.353
848,A5131,CCCC(C)(C)C(=O)[C@@H](Oc1cccc(C)c1)n1ccnc1,-8.678
849,A1771,CC(C)(C)C(=O)[C@@H](Cn1ccnc1)Oc1ccc(Cl)c(C(F)(F)F)c1,-8.381
850,A5018,CC[C@@H](Oc1ccc(Cl)cc1)C(=O)C(C)(C)n1ccnc1,-8.196
851,A61,Clc1ccccc1[C@@H](Cn1ccnc1)OCc1ccccc1,-8.384
852,A817,CCC(C)(C)c1ccc(C[C@@H](C)CN2C[C@@H](C)O[C@@H](C)C2)c(C)c1,-9.099
853,A894,CC[C@H](Cc1ccc(C(=O)C(C)(C)C)cc1)N1C[C@@H](C)O[C@@H](C)C1,-9.840
854,A4466,CC1CCN(C[C@@](O)(Cn2cncn2)c2ccc(F)cc2F)CC1,-8.730
855,A310,COc1ccc([C@@H](Cn2ccnc2)OCc2ccc(Cl)cc2)cc1,-8.825
856,A2489,CN(C/C=C/c1ccccc1)Cc1cccc(F)c1,-7.148
857,A2478,CN(C/C=C/c1ccc(Cl)cc1)Cc1ccccc1,-6.798
858,A3302,CS[C@H](CCc1ccc(Cl)cc1)Cn1ccnc1,-7.349
859,A766,CCC(C)(CC)c1ccc(CCN2C[C@@H](C)O[C@@H](C)C2)cc1,-8.942
860,A2480,CN(CC/C=C/c1ccccc1)Cc1ccccc1,-6.714
861,A5126,O=C([C@H](Oc1ccc(Cl)cc1)n1ccnc1)N1CCCCC1,-7.796
862,A3139,COc1ccccc1CN(C)Cc1ccc(C)cc1,-6.982
863,A866,C[C@H](Cc1ccc(CC(C)(C)C)cc1)CN1C[C@@H](C)O[C@@H](C)C1,-8.723
864,A5039,O=C(Oc1ccc(Cl)cc1)[C@@H](CC1CC1)n1ccnc1,-7.992
865,A918,C[C@@H]1CN([C@H](C)CCc2ccc(C(C)(C)C)cc2)C[C@H](C)O1,-9.182
866,A346,Brc1ccc(CO[C@H](Cn2ccnc2)c2ccccc2)cc1,-8.077
867,A2531,CN(C/C=C/c1ccccc1Cl)Cc1ccccc1,-6.999
868,A2585,CN(C/C=C/c1ccccc1)CCc1ccccn1,-6.249
869,A2605,CN(C)CCOc1ccc2nc(CCCC(C)(C)C)sc2c1,-9.146
870,A6180,CCCCN(C)C[C@H](O)c1ccc(SC(C)C)cc1,-7.746
871,A2590,CN(C/C=C/c1ccc(F)cc1)Cc1ccccc1O,-8.359
872,A4494,O=C1CCN(C[C@@](O)(Cn2cncn2)c2ccc(F)cc2F)C1,-8.661
873,A646,OCCOc1ccccc1COc1ccc(Cl)cc1,-7.900
874,A890,CCC(C)(C)c1ccc(C[C@H](C)CN2C(=O)COC(C)(C)C2=O)cc1,-9.621
875,A901,C[C@@H](Cc1ccc([C@@H](C)O)cc1)CN1C[C@@H](C)O[C@H](C)C1,-9.412
876,A4504,O[C@@](CN1CCC(F)(F)CC1)(Cn1cncn1)c1ccc(F)cc1F,-8.516
877,A5010,O=C([C@@H](Oc1ccc(Cl)cc1)n1ccnc1)N1CCCCC1,-8.950
878,A5115,CC(C)(C)CC(=O)[C@H](Oc1ccc(F)cc1)n1ccnc1,-8.781
879,A2552,CN(C/C=C/c1ccccc1)Cc1ccccc1N(C)C,-8.515
880,A1187,CC(C)(C)OC(=O)c1cncn1[C@H]1CCCc2ccccc21,-8.269
881,A4447,CN(C[C@@](O)(Cn1cncn1)c1ccc(F)cc1F)C1CC1,-8.411
882,A876,CC[C@H](Cc1ccc(C(C)C)cc1)CN1C[C@@H](C)O[C@@H](C)C1,-8.029
883,A6124,CCCCCCCCN[C@@H](C)[C@H](O)c1ccc(Cl)c(OC)c1,-10.239
884,A6190,CCCCCCCCN[C@@H](C)[C@@H](O)c1cccc(Cl)c1,-8.768
885,A4437,CN(Cc1ccccn1)C[C@](O)(Cn1cncn1)c1ccc(F)cc1F,-9.556
886,A2148,C[C@H](Cc1ccccc1)N(C)C(=S)Oc1ccc2c(c1)CCC2,-7.399
887,A4525,O[C@@](CNC1CCC1)(Cn1cncn1)c1ccc(F)cc1F,-8.206
888,A898,CCC(C)(CC)c1ccc(C[C@@H](O)CN2C[C@@H](C)O[C@@H](C)C2)nc1,-9.045
889,A5090,CCC[C@H](C)C(=O)[C@@H](Oc1ccc(Cl)cc1)n1ccnc1,-8.576
890,A2915,CCN(CC)C(=O)c1cccc([C@](O)(c2ccc(Cl)cc2)C2CC2)c1,-9.114
891,A893,C[C@@H](Cc1ccc(C2CCCC2)cc1)CN1C[C@@H](C)O[C@@H](C)C1,-8.410
892,A6107,CCCCCCCCN[C@@H](C)[C@@H](O)c1cccc(C)c1,-7.737
893,A2549,Cc1ccccc1/C=C/CN(C)Cc1ccccc1,-7.334
894,A2511,CN(C/C=C/c1ccccc1)CCc1ccccc1,-6.935
895,A6043,CCCCCCCCN[C@H](C)[C@@H](O)c1cccc(C)c1,-8.718
896,A628,CCCN(CCO)CCOc1ccc(Cl)cc1,-8.388
897,A1332,CN(C)CCNC(=O)[C@H]1c2ccccc2CCc2cc(Cl)cc(Cl)c21,-9.350
898,A1844,Cc1ccc(C(C)(C)C)c(O[C@H](Cn2ccnc2)C(=O)C(C)C)c1,-8.145
899,A1833,Cc1cccc(O[C@H](Cn2ccnc2)C(=O)C(C)(C)C)c1,-8.081
900,A5042,CCC(CC)C(=O)[C@H](Oc1ccc(F)cc1)n1ccnc1,-8.391
901,A1800,CCN(CC)C[C@@H](Oc1ccc(Cl)cc1Cl)C(=O)C(C)(C)C,-9.327
902,A843,CC[C@@H](Cc1ccc(CC(C)(C)C)cc1)N1C[C@@H](C)O[C@@H](C)C1,-8.146
903,A6027,CC(C)CCN[C@H](C)[C@@H](O)c1ccc(SC(C)C)cc1,-7.072
904,A5118,CCCC(C)(C)C(=O)[C@H](Oc1ccccc1Cl)n1ccnc1,-8.564
905,A6012,CCCCCCCCN[C@H](C)[C@H](OC)c1ccc(OC)cc1,-8.098
906,A2099,O=C(O[C@H](Cn1ccnc1)c1ccc(Cl)cc1Cl)C1CCC1,-8.788
907,A2108,Clc1ccc([C@H](Cn2ccnc2)OC/C=C/C2CC2)c(Cl)c1,-8.254
908,A1775,CC(C)C[C@@H](Oc1ccc(Cl)cc1Cl)C(=O)CCn1ccnc1,-8.781
909,A1663,CCN(CC)CCOC(=O)c1nc(-c2ccccc2)ccc1OC,-8.814
910,A2111,CCC(CC)O[C@H](Cn1ccnc1)c1ccc(F)cc1Cl,-7.976
911,A1645,CCN(CC)CCOC(=O)c1cc2ccccc2oc1=O,-7.766
912,A2574,C/C(=C\c1ccccc1)CN(C)C/C=C/c1ccccc1,-7.290
913,A1618,CCN(CC)CCOC(=O)c1c(OC)cccc1OCc1ccccc1,-8.558
914,A4328,Cc1ccc(C(C)(C)c2ccc(OC[C@H](O)COC(N)=O)cc2)cc1,-9.591
915,A3355,CC(C)S[C@@H](CCc1ccc(Cl)cc1)Cn1ccnc1,-8.381
916,A1573,CN1CN(Cc2ccccc2)/C(=N/Cc2ccccc2)S1,-7.203
917,A3415,CCC(CC)O/N=C(\Cn1ccnc1)c1ccc(Cl)cc1Cl,-8.857
918,A5130,CCC(C)(C)C(=O)[C@@H](Oc1ccccc1C)n1ccnc1,-8.126
919,A2514,COc1ccc(CN(C)C/C=C/c2ccccc2)cc1,-7.471
920,A4313,CCCc1cc(Cl)ccc1OC[C@@H](O)COC(N)=O,-8.520
921,A1625,CCN(CC)C[C@H](C)Oc1ccccc1-c1ccccc1,-9.085
922,A1831,CC(C)(C)C(=O)[C@H](Cn1ccnc1)Oc1cc(Cl)c(Cl)cc1Cl,-8.601