Time/Residue,AFR5_R1.xvg,AFR5_R2.xvg
50.0,0.2604,0.4013
51.0,0.147,0.2304
52.0,0.099,0.2117
53.0,0.1054,0.2282
54.0,0.1208,0.1367
55.0,0.1112,0.1109
56.0,0.2911,0.2994
57.0,0.2998,0.2142
58.0,0.3273,0.4069
59.0,0.3221,0.3625
60.0,0.289,0.3368
61.0,0.3581,0.4223
62.0,0.2355,0.2738
63.0,0.1464,0.1589
64.0,0.1079,0.1359
65.0,0.1454,0.1611
66.0,0.1567,0.1863
67.0,0.1225,0.152
68.0,0.1037,0.1178
69.0,0.1025,0.1292
70.0,0.1429,0.1614
71.0,0.1111,0.1069
72.0,0.075,0.0713
73.0,0.0846,0.0679
74.0,0.1747,0.1079
75.0,0.084,0.082
76.0,0.0823,0.074
77.0,0.1994,0.1203
78.0,0.1389,0.1151
79.0,0.0893,0.0826
80.0,0.1349,0.1446
81.0,0.1162,0.1133
82.0,0.1821,0.1777
83.0,0.1107,0.102
84.0,0.0964,0.0842
85.0,0.1132,0.1077
86.0,0.0945,0.0864
87.0,0.0808,0.0705
88.0,0.0839,0.0775
89.0,0.0885,0.0858
90.0,0.1285,0.1327
91.0,0.1657,0.1453
92.0,0.2475,0.2281
93.0,0.173,0.1585
94.0,0.1966,0.1782
95.0,0.141,0.1312
96.0,0.0829,0.0734
97.0,0.076,0.0609
98.0,0.0875,0.0889
99.0,0.0862,0.0749
100.0,0.0854,0.0712
101.0,0.0831,0.0649
102.0,0.1038,0.0943
103.0,0.205,0.2047
104.0,0.0857,0.079
105.0,0.0851,0.0812
106.0,0.1369,0.1065
107.0,0.1098,0.1062
108.0,0.1005,0.1273
109.0,0.102,0.1285
110.0,0.1397,0.1318
111.0,0.1187,0.103
112.0,0.2094,0.1802
113.0,0.2008,0.1795
114.0,0.2723,0.2502
115.0,0.1624,0.1294
116.0,0.1236,0.1182
117.0,0.1325,0.1016
118.0,0.0961,0.0926
119.0,0.1798,0.1361
120.0,0.2016,0.136
121.0,0.1539,0.1073
122.0,0.1083,0.1242
123.0,0.1332,0.0989
124.0,0.1395,0.0966
125.0,0.1533,0.0959
126.0,0.102,0.0764
127.0,0.1006,0.0981
128.0,0.1046,0.0825
129.0,0.1063,0.0734
130.0,0.1191,0.0709
131.0,0.0864,0.0831
132.0,0.1615,0.2318
133.0,0.1044,0.1158
134.0,0.096,0.0751
135.0,0.1175,0.0764
136.0,0.117,0.1017
137.0,0.1152,0.1346
138.0,0.117,0.1025
139.0,0.146,0.1225
140.0,0.2095,0.1717
141.0,0.1623,0.1257
142.0,0.1166,0.1069
143.0,0.1345,0.1115
144.0,0.1454,0.1694
145.0,0.1293,0.1115
146.0,0.074,0.0825
147.0,0.0952,0.0982
148.0,0.1169,0.1129
149.0,0.0855,0.101
150.0,0.0929,0.1043
151.0,0.1583,0.1303
152.0,0.1508,0.1588
153.0,0.0988,0.1268
154.0,0.0971,0.1661
155.0,0.1061,0.1311
156.0,0.117,0.1222
157.0,0.1373,0.1352
158.0,0.085,0.0925
159.0,0.0873,0.1021
160.0,0.2174,0.1819
161.0,0.0974,0.1056
162.0,0.0825,0.1006
163.0,0.0728,0.0832
164.0,0.0786,0.0873
165.0,0.0789,0.1044
166.0,0.07,0.0839
167.0,0.0904,0.0926
168.0,0.1062,0.1139
169.0,0.0615,0.0865
170.0,0.0642,0.0653
171.0,0.0997,0.1084
172.0,0.0898,0.0866
173.0,0.0706,0.0688
174.0,0.0758,0.0748
175.0,0.1745,0.1584
176.0,0.1205,0.1138
177.0,0.0996,0.0897
178.0,0.1217,0.1043
179.0,0.1195,0.0974
180.0,0.1166,0.0783
181.0,0.1349,0.1695
182.0,0.0972,0.0932
183.0,0.1946,0.182
184.0,0.145,0.1437
185.0,0.0839,0.0756
186.0,0.1191,0.1039
187.0,0.0796,0.0665
188.0,0.1099,0.0819
189.0,0.0862,0.0594
190.0,0.1031,0.0894
191.0,0.1994,0.1769
192.0,0.0768,0.0653
193.0,0.0749,0.0733
194.0,0.07,0.0628
195.0,0.1201,0.1048
196.0,0.1008,0.0877
197.0,0.0627,0.0851
198.0,0.0849,0.0811
199.0,0.0755,0.0778
200.0,0.0605,0.066
201.0,0.0688,0.0786
202.0,0.063,0.0703
203.0,0.0718,0.0885
204.0,0.0747,0.096
205.0,0.1371,0.1621
206.0,0.1408,0.138
207.0,0.0893,0.0866
208.0,0.1954,0.2042
209.0,0.1648,0.1773
210.0,0.0934,0.0925
211.0,0.0767,0.0698
212.0,0.1344,0.103
213.0,0.1951,0.1193
214.0,0.1541,0.0894
215.0,0.2102,0.1229
216.0,0.229,0.1554
217.0,0.2005,0.1357
218.0,0.1328,0.0989
219.0,0.1207,0.1104
220.0,0.1736,0.1641
221.0,0.0976,0.087
222.0,0.1355,0.102
223.0,0.1854,0.1882
224.0,0.1377,0.1036
225.0,0.1415,0.0808
226.0,0.1702,0.1129
227.0,0.215,0.1721
228.0,0.1468,0.0796
229.0,0.1853,0.1085
230.0,0.1772,0.0962
231.0,0.1922,0.1073
232.0,0.301,0.1399
233.0,0.2767,0.1122
234.0,0.2609,0.1613
235.0,0.3145,0.2116
236.0,0.2607,0.1694
237.0,0.2715,0.1965
238.0,0.3726,0.3064
239.0,0.2203,0.1475
240.0,0.2388,0.173
241.0,0.2351,0.1459
242.0,0.2064,0.1381
243.0,0.1894,0.1725
244.0,0.1351,0.1016
245.0,0.2469,0.22
246.0,0.1587,0.1561
247.0,0.0998,0.0801
248.0,0.1061,0.0783
249.0,0.0845,0.0792
250.0,0.0829,0.0704
251.0,0.1408,0.071
252.0,0.227,0.2355
253.0,0.1477,0.1171
254.0,0.0828,0.085
255.0,0.0967,0.0639
256.0,0.143,0.1419
257.0,0.0957,0.1015
258.0,0.1171,0.1443
259.0,0.1138,0.0972
260.0,0.1609,0.1424
261.0,0.1266,0.1039
262.0,0.1327,0.0944
263.0,0.1958,0.1622
264.0,0.1593,0.1137
265.0,0.2447,0.1489
266.0,0.1718,0.1259
267.0,0.2413,0.1804
268.0,0.2449,0.1646
269.0,0.2681,0.1827
270.0,0.3493,0.2458
271.0,0.3587,0.3479
272.0,0.5303,0.3202
273.0,0.4934,0.4246
274.0,0.4703,0.2441
275.0,0.4218,0.1698
276.0,0.3162,0.1412
277.0,0.2344,0.1647
278.0,0.1802,0.1433
279.0,0.283,0.1122
280.0,0.2324,0.1224
281.0,0.1896,0.1488
282.0,0.2602,0.1575
283.0,0.2104,0.1472
284.0,0.1326,0.123
285.0,0.1712,0.1365
286.0,0.1238,0.0964
287.0,0.3515,0.24
288.0,0.3864,0.1552
289.0,0.247,0.1461
290.0,0.1847,0.1399
291.0,0.1362,0.1215
292.0,0.1122,0.0872
293.0,0.0808,0.0798
294.0,0.0981,0.0965
295.0,0.1336,0.1064
296.0,0.0987,0.0976
297.0,0.1107,0.0927
298.0,0.0691,0.0588
299.0,0.0678,0.0575
300.0,0.1232,0.0949
301.0,0.1287,0.1143
302.0,0.0823,0.0715
303.0,0.0751,0.0582
304.0,0.107,0.091
305.0,0.106,0.0997
306.0,0.1029,0.1056
307.0,0.0737,0.0715
308.0,0.0643,0.061
309.0,0.0903,0.067
310.0,0.0865,0.0859
311.0,0.0627,0.07
312.0,0.0689,0.0736
313.0,0.0683,0.0547
314.0,0.0593,0.0778
315.0,0.0623,0.0605
316.0,0.0591,0.0535
317.0,0.0564,0.0496
318.0,0.0617,0.0514
319.0,0.0643,0.0582
320.0,0.0655,0.0563
321.0,0.0664,0.0548
322.0,0.0773,0.057
323.0,0.0677,0.0639
324.0,0.0672,0.0586
325.0,0.1072,0.0902
326.0,0.0715,0.0671
327.0,0.0788,0.0721
328.0,0.0798,0.0905
329.0,0.0653,0.0668
330.0,0.0856,0.0916
331.0,0.1253,0.1336
332.0,0.1104,0.1034
333.0,0.0609,0.0593
334.0,0.0703,0.1021
335.0,0.1172,0.1133
336.0,0.0661,0.062
337.0,0.0776,0.0619
338.0,0.0919,0.0897
339.0,0.2128,0.1939
340.0,0.1241,0.1017
341.0,0.1305,0.1029
342.0,0.0978,0.0945
343.0,0.1257,0.1251
344.0,0.1527,0.1577
345.0,0.1004,0.0962
346.0,0.1033,0.1146
347.0,0.1073,0.1201
348.0,0.1124,0.1071
349.0,0.0849,0.096
350.0,0.099,0.0979
351.0,0.123,0.1415
352.0,0.1072,0.1145
353.0,0.0973,0.1063
354.0,0.1215,0.136
355.0,0.1554,0.1502
356.0,0.0845,0.0787
357.0,0.1026,0.1186
358.0,0.0648,0.0651
359.0,0.0568,0.0547
360.0,0.0616,0.0617
361.0,0.0731,0.0813
362.0,0.0588,0.0586
363.0,0.069,0.0728
364.0,0.0932,0.099
365.0,0.0458,0.0489
366.0,0.0571,0.0541
367.0,0.0651,0.0669
368.0,0.0506,0.0504
369.0,0.1057,0.0631
370.0,0.1661,0.0618
371.0,0.0902,0.0661
372.0,0.0884,0.071
373.0,0.1006,0.0773
374.0,0.1285,0.0934
375.0,0.104,0.0908
376.0,0.0859,0.108
377.0,0.1273,0.1066
378.0,0.0826,0.0839
379.0,0.0935,0.0725
380.0,0.1246,0.0772
381.0,0.1439,0.1045
382.0,0.1675,0.1387
383.0,0.1294,0.1072
384.0,0.1536,0.1227
385.0,0.1166,0.1032
386.0,0.1221,0.1131
387.0,0.1901,0.1897
388.0,0.1727,0.1963
389.0,0.1465,0.1602
390.0,0.1409,0.1633
391.0,0.1246,0.2203
392.0,0.1224,0.1125
393.0,0.1107,0.0871
394.0,0.1185,0.0904
395.0,0.1285,0.1051
396.0,0.1153,0.096
397.0,0.0911,0.0776
398.0,0.107,0.0856
399.0,0.1133,0.0896
400.0,0.0849,0.0803
401.0,0.0731,0.0871
402.0,0.0788,0.0549
403.0,0.1302,0.0671
404.0,0.0643,0.0534
405.0,0.0792,0.0737
406.0,0.0781,0.0679
407.0,0.0608,0.0587
408.0,0.0813,0.0795
409.0,0.1148,0.1209
410.0,0.1454,0.1536
411.0,0.1804,0.1787
412.0,0.122,0.1454
413.0,0.0772,0.0792
414.0,0.0844,0.0917
415.0,0.1203,0.1176
416.0,0.0746,0.0749
417.0,0.1038,0.113
418.0,0.1463,0.1478
419.0,0.0567,0.0568
420.0,0.1189,0.0669
421.0,0.067,0.0684
422.0,0.1044,0.0962
423.0,0.0625,0.07
424.0,0.0731,0.0814
425.0,0.1365,0.2267
426.0,0.2029,0.3604
427.0,0.2395,0.4937
428.0,0.3967,0.4148
429.0,0.4259,0.5011
430.0,0.448,0.6828
431.0,0.4375,0.6849
432.0,0.3508,0.4883
433.0,0.3418,0.3289
434.0,0.3666,0.3311
435.0,0.3659,0.1947
436.0,0.2981,0.2255
437.0,0.2065,0.1797
438.0,0.173,0.1594
439.0,0.1856,0.1738
440.0,0.1985,0.1572
441.0,0.1908,0.1967
442.0,0.1517,0.1724
443.0,0.1347,0.1618
444.0,0.185,0.1743
445.0,0.148,0.1303
446.0,0.1531,0.0939
447.0,0.187,0.1514
448.0,0.1292,0.0837
449.0,0.1057,0.1087
450.0,0.1667,0.1663
451.0,0.086,0.0941
452.0,0.0744,0.0734
453.0,0.0973,0.0914
454.0,0.111,0.1182
455.0,0.0954,0.0782
456.0,0.1626,0.1098
457.0,0.0975,0.0692
458.0,0.0983,0.0832
459.0,0.0925,0.0909
460.0,0.1769,0.1607
461.0,0.1519,0.1057
462.0,0.1185,0.0807
463.0,0.0768,0.0669
464.0,0.112,0.1172
465.0,0.0976,0.0903
466.0,0.1333,0.1172
467.0,0.1615,0.1727
468.0,0.0889,0.1171
469.0,0.0735,0.076
470.0,0.1148,0.1004
471.0,0.0985,0.0999
472.0,0.101,0.1433
473.0,0.0608,0.0695
474.0,0.0519,0.0518
475.0,0.0583,0.0599
476.0,0.062,0.0846
477.0,0.0582,0.0603
478.0,0.0629,0.0541
479.0,0.0817,0.0657
480.0,0.0684,0.0633
481.0,0.073,0.0594
482.0,0.1633,0.0613
483.0,0.0786,0.0776
484.0,0.0643,0.0616
485.0,0.1308,0.13
486.0,0.0742,0.0623
487.0,0.1854,0.1423
488.0,0.1795,0.1002
489.0,0.2358,0.116
490.0,0.2272,0.1313
491.0,0.2185,0.1603
492.0,0.2537,0.1791
493.0,0.2745,0.1991
494.0,0.1648,0.0878
495.0,0.144,0.0755
496.0,0.099,0.0671
497.0,0.1242,0.1025
498.0,0.09,0.0667
499.0,0.0908,0.0871
500.0,0.0765,0.0747
501.0,0.0991,0.0886
502.0,0.1397,0.095
503.0,0.1234,0.111
504.0,0.1096,0.0792
505.0,0.0928,0.0607
506.0,0.1261,0.1125
507.0,0.0771,0.0641
508.0,0.123,0.107
509.0,0.1067,0.1198
510.0,0.2286,0.1755
511.0,0.1313,0.086
512.0,0.1275,0.0985
513.0,0.0832,0.0687
514.0,0.1291,0.1247
515.0,0.0779,0.0714
516.0,0.1294,0.1062
517.0,0.1422,0.1197
518.0,0.0877,0.1082
519.0,0.2549,0.2748
