Time/Residue,VOR_R1.xvg,VOR_R2.xvg,Average
50.0,0.2629,0.2707,0.2668
51.0,0.1565,0.1601,0.1583
52.0,0.1199,0.1183,0.1191
53.0,0.124,0.1283,0.12615
54.0,0.1281,0.1287,0.1284
55.0,0.1037,0.1099,0.1068
56.0,0.2097,0.2011,0.2054
57.0,0.1631,0.1774,0.17025
58.0,0.3157,0.3243,0.32
59.0,0.2455,0.2411,0.2433
60.0,0.2183,0.211,0.21465
61.0,0.2797,0.2097,0.2447
62.0,0.201,0.1886,0.1948
63.0,0.1283,0.1405,0.1344
64.0,0.1031,0.1181,0.1106
65.0,0.125,0.1348,0.1299
66.0,0.1426,0.1592,0.1509
67.0,0.1146,0.1349,0.12475
68.0,0.0911,0.1071,0.0991
69.0,0.1005,0.1233,0.1119
70.0,0.1489,0.1536,0.15125
71.0,0.1033,0.1165,0.1099
72.0,0.0719,0.0834,0.07765
73.0,0.0737,0.0841,0.0789
74.0,0.1116,0.1716,0.1416
75.0,0.0757,0.0882,0.08195
76.0,0.0711,0.0763,0.0737
77.0,0.1075,0.1196,0.11355
78.0,0.1079,0.1483,0.1281
79.0,0.0734,0.0875,0.08045
80.0,0.1063,0.1074,0.10685
81.0,0.0989,0.1147,0.1068
82.0,0.1778,0.1897,0.18375
83.0,0.0925,0.1035,0.098
84.0,0.0835,0.0836,0.08355
85.0,0.1105,0.1002,0.10535
86.0,0.1048,0.0925,0.09865
87.0,0.0743,0.0701,0.0722
88.0,0.0808,0.0774,0.0791
89.0,0.1075,0.1106,0.10905
90.0,0.1228,0.127,0.1249
91.0,0.1281,0.1468,0.13745
92.0,0.1721,0.1939,0.183
93.0,0.1637,0.162,0.16285
94.0,0.2,0.1963,0.19815
95.0,0.1504,0.1439,0.14715
96.0,0.1028,0.0825,0.09265
97.0,0.0926,0.0621,0.07735
98.0,0.0973,0.086,0.09165
99.0,0.0949,0.0683,0.0816
100.0,0.0873,0.0679,0.0776
101.0,0.0741,0.0577,0.0659
102.0,0.1224,0.084,0.1032
103.0,0.1853,0.1941,0.1897
104.0,0.0751,0.0679,0.0715
105.0,0.0746,0.0667,0.07065
106.0,0.1367,0.0986,0.11765
107.0,0.1304,0.1057,0.11805
108.0,0.1148,0.1081,0.11145
109.0,0.2315,0.1029,0.1672
110.0,0.1889,0.1071,0.148
111.0,0.1508,0.0968,0.1238
112.0,0.2197,0.1802,0.19995
113.0,0.2091,0.1802,0.19465
114.0,0.2857,0.2716,0.27865
115.0,0.1623,0.1459,0.1541
116.0,0.1227,0.1207,0.1217
117.0,0.1284,0.098,0.1132
118.0,0.1055,0.0884,0.09695
119.0,0.1595,0.132,0.14575
120.0,0.1515,0.1483,0.1499
121.0,0.1256,0.1203,0.12295
122.0,0.1377,0.0879,0.1128
123.0,0.1162,0.1024,0.1093
124.0,0.1253,0.1178,0.12155
125.0,0.1394,0.1458,0.1426
126.0,0.1143,0.1286,0.12145
127.0,0.1318,0.1319,0.13185
128.0,0.1286,0.114,0.1213
129.0,0.1623,0.1072,0.13475
130.0,0.1969,0.1203,0.1586
131.0,0.1652,0.1324,0.1488
132.0,0.2794,0.3705,0.32495
133.0,0.1842,0.1986,0.1914
134.0,0.1603,0.146,0.15315
135.0,0.1401,0.1176,0.12885
136.0,0.1161,0.0922,0.10415
137.0,0.1485,0.1454,0.14695
138.0,0.1112,0.0913,0.10125
139.0,0.1324,0.1037,0.11805
140.0,0.1966,0.1565,0.17655
141.0,0.1591,0.1209,0.14
142.0,0.1381,0.1216,0.12985
143.0,0.1336,0.0999,0.11675
144.0,0.1828,0.1187,0.15075
145.0,0.1345,0.1125,0.1235
146.0,0.1013,0.0815,0.0914
147.0,0.1168,0.0808,0.0988
148.0,0.143,0.1518,0.1474
149.0,0.1186,0.0816,0.1001
150.0,0.0973,0.0906,0.09395
151.0,0.1181,0.1276,0.12285
152.0,0.177,0.1945,0.18575
153.0,0.1096,0.1091,0.10935
154.0,0.106,0.1085,0.10725
155.0,0.1266,0.1205,0.12355
156.0,0.1295,0.124,0.12675
157.0,0.1468,0.1271,0.13695
158.0,0.0804,0.0796,0.08
159.0,0.0795,0.0897,0.0846
160.0,0.1423,0.1364,0.13935
161.0,0.0955,0.0925,0.094
162.0,0.068,0.0753,0.07165
163.0,0.0729,0.0643,0.0686
164.0,0.0748,0.0729,0.07385
165.0,0.0816,0.0756,0.0786
166.0,0.0647,0.0643,0.0645
167.0,0.0754,0.0802,0.0778
168.0,0.1039,0.0911,0.0975
169.0,0.0631,0.057,0.06005
170.0,0.0631,0.0652,0.06415
171.0,0.1072,0.1117,0.10945
172.0,0.0705,0.0846,0.07755
173.0,0.0679,0.1015,0.0847
174.0,0.075,0.0757,0.07535
175.0,0.1775,0.1635,0.1705
176.0,0.1136,0.1055,0.10955
177.0,0.0971,0.0988,0.09795
178.0,0.1136,0.1209,0.11725
179.0,0.1116,0.1224,0.117
180.0,0.1074,0.1187,0.11305
181.0,0.1571,0.1568,0.15695
182.0,0.099,0.0927,0.09585
183.0,0.2003,0.1859,0.1931
184.0,0.1499,0.1437,0.1468
185.0,0.0792,0.0789,0.07905
186.0,0.1012,0.1109,0.10605
187.0,0.1016,0.0715,0.08655
188.0,0.0826,0.1093,0.09595
189.0,0.0603,0.0685,0.0644
190.0,0.0806,0.098,0.0893
191.0,0.1802,0.1882,0.1842
192.0,0.073,0.0738,0.0734
193.0,0.0644,0.0742,0.0693
194.0,0.0596,0.0656,0.0626
195.0,0.1019,0.1106,0.10625
196.0,0.0655,0.0954,0.08045
197.0,0.0596,0.055,0.0573
198.0,0.0773,0.0651,0.0712
199.0,0.0941,0.0644,0.07925
200.0,0.0584,0.0524,0.0554
201.0,0.0647,0.0592,0.06195
202.0,0.0623,0.0547,0.0585
203.0,0.0822,0.0641,0.07315
204.0,0.0712,0.0727,0.07195
205.0,0.1285,0.1036,0.11605
206.0,0.1378,0.134,0.1359
207.0,0.0986,0.07,0.0843
208.0,0.2075,0.1445,0.176
209.0,0.1671,0.1618,0.16445
210.0,0.096,0.106,0.101
211.0,0.0786,0.0702,0.0744
212.0,0.1304,0.1288,0.1296
213.0,0.1392,0.1728,0.156
214.0,0.139,0.1472,0.1431
215.0,0.2142,0.1452,0.1797
216.0,0.2234,0.1732,0.1983
217.0,0.1781,0.1972,0.18765
218.0,0.1581,0.1536,0.15585
219.0,0.1113,0.158,0.13465
220.0,0.1833,0.1892,0.18625
221.0,0.0987,0.1201,0.1094
222.0,0.12,0.1417,0.13085
223.0,0.1603,0.2254,0.19285
224.0,0.1112,0.1294,0.1203
225.0,0.1154,0.15,0.1327
226.0,0.1285,0.1769,0.1527
227.0,0.1859,0.2003,0.1931
228.0,0.1241,0.1293,0.1267
229.0,0.1527,0.2345,0.1936
230.0,0.1686,0.1944,0.1815
231.0,0.2109,0.2155,0.2132
232.0,0.1942,0.2331,0.21365
233.0,0.1853,0.2215,0.2034
234.0,0.2509,0.2867,0.2688
235.0,0.2447,0.365,0.30485
236.0,0.174,0.2426,0.2083
237.0,0.193,0.1933,0.19315
238.0,0.3223,0.2676,0.29495
239.0,0.1521,0.184,0.16805
240.0,0.1612,0.2017,0.18145
241.0,0.1459,0.1891,0.1675
242.0,0.1357,0.1651,0.1504
243.0,0.1938,0.2205,0.20715
244.0,0.1132,0.1306,0.1219
245.0,0.1965,0.2722,0.23435
246.0,0.1463,0.1683,0.1573
247.0,0.0954,0.1103,0.10285
248.0,0.0938,0.1002,0.097
249.0,0.095,0.0996,0.0973
250.0,0.0899,0.0997,0.0948
251.0,0.1332,0.132,0.1326
252.0,0.2372,0.2839,0.26055
253.0,0.1153,0.1444,0.12985
254.0,0.1148,0.1258,0.1203
255.0,0.0827,0.099,0.09085
256.0,0.1479,0.1349,0.1414
257.0,0.1023,0.1219,0.1121
258.0,0.1135,0.1129,0.1132
259.0,0.1179,0.1088,0.11335
260.0,0.1635,0.1537,0.1586
261.0,0.096,0.1101,0.10305
262.0,0.1013,0.1036,0.10245
263.0,0.1789,0.1595,0.1692
264.0,0.1015,0.1178,0.10965
265.0,0.1656,0.1399,0.15275
266.0,0.1587,0.1197,0.1392
267.0,0.394,0.1861,0.29005
268.0,0.4567,0.1663,0.3115
269.0,0.5017,0.2346,0.36815
270.0,0.5221,0.2617,0.3919
271.0,0.5979,0.3157,0.4568
272.0,0.5496,0.3177,0.43365
273.0,0.3784,0.3908,0.3846
274.0,0.3041,0.3451,0.3246
275.0,0.2192,0.2152,0.2172
276.0,0.2831,0.2651,0.2741
277.0,0.1739,0.1759,0.1749
278.0,0.1267,0.1505,0.1386
279.0,0.2515,0.1758,0.21365
280.0,0.2009,0.1574,0.17915
281.0,0.2375,0.1439,0.1907
282.0,0.2224,0.202,0.2122
283.0,0.1668,0.1334,0.1501
284.0,0.1457,0.0918,0.11875
285.0,0.1552,0.1282,0.1417
286.0,0.1321,0.1234,0.12775
287.0,0.2587,0.2668,0.26275
288.0,0.2682,0.2009,0.23455
289.0,0.2035,0.1668,0.18515
290.0,0.189,0.1447,0.16685
291.0,0.1582,0.1119,0.13505
292.0,0.1282,0.0843,0.10625
293.0,0.1025,0.0811,0.0918
294.0,0.108,0.0824,0.0952
295.0,0.1253,0.1405,0.1329
296.0,0.1173,0.1092,0.11325
297.0,0.1156,0.106,0.1108
298.0,0.0814,0.0751,0.07825
299.0,0.0901,0.1337,0.1119
300.0,0.1271,0.1132,0.12015
301.0,0.156,0.1251,0.14055
302.0,0.0981,0.1112,0.10465
303.0,0.0868,0.0705,0.07865
304.0,0.1366,0.1184,0.1275
305.0,0.1321,0.0687,0.1004
306.0,0.1661,0.1037,0.1349
307.0,0.0928,0.0605,0.07665
308.0,0.0733,0.052,0.06265
309.0,0.0986,0.0571,0.07785
310.0,0.1676,0.0718,0.1197
311.0,0.0733,0.0513,0.0623
312.0,0.0784,0.0627,0.07055
313.0,0.0678,0.05,0.0589
314.0,0.0666,0.064,0.0653
315.0,0.0551,0.0537,0.0544
316.0,0.051,0.049,0.05
317.0,0.0458,0.0486,0.0472
318.0,0.0546,0.0538,0.0542
319.0,0.0547,0.0557,0.0552
320.0,0.0556,0.0576,0.0566
321.0,0.0576,0.0568,0.0572
322.0,0.0788,0.0585,0.06865
323.0,0.0649,0.0625,0.0637
324.0,0.063,0.0579,0.06045
325.0,0.0996,0.0939,0.09675
326.0,0.0719,0.0857,0.0788
327.0,0.0772,0.07,0.0736
328.0,0.0882,0.0956,0.0919
329.0,0.0701,0.0653,0.0677
330.0,0.0849,0.0862,0.08555
331.0,0.1587,0.0909,0.1248
332.0,0.108,0.1054,0.1067
333.0,0.0569,0.0573,0.0571
334.0,0.0707,0.068,0.06935
335.0,0.1125,0.1096,0.11105
336.0,0.0618,0.0592,0.0605
337.0,0.0605,0.067,0.06375
338.0,0.0844,0.0861,0.08525
339.0,0.1416,0.1699,0.15575
340.0,0.0969,0.1219,0.1094
341.0,0.1025,0.1169,0.1097
342.0,0.0886,0.0917,0.09015
343.0,0.1155,0.1249,0.1202
344.0,0.1501,0.1483,0.1492
345.0,0.091,0.0891,0.09005
346.0,0.1068,0.0962,0.1015
347.0,0.1097,0.093,0.10135
348.0,0.1168,0.1012,0.109
349.0,0.0987,0.0942,0.09645
350.0,0.1115,0.0858,0.09865
351.0,0.1265,0.1094,0.11795
352.0,0.1166,0.1153,0.11595
353.0,0.1077,0.0916,0.09965
354.0,0.1376,0.1122,0.1249
355.0,0.1547,0.1491,0.1519
356.0,0.0777,0.0764,0.07705
357.0,0.1141,0.1063,0.1102
358.0,0.066,0.0623,0.06415
359.0,0.0525,0.0519,0.0522
360.0,0.0604,0.0587,0.05955
361.0,0.0729,0.0755,0.0742
362.0,0.0574,0.0565,0.05695
363.0,0.0695,0.0658,0.06765
364.0,0.0861,0.0885,0.0873
365.0,0.0625,0.045,0.05375
366.0,0.0528,0.0505,0.05165
367.0,0.0617,0.0581,0.0599
368.0,0.0605,0.0483,0.0544
369.0,0.1067,0.0688,0.08775
370.0,0.0963,0.0634,0.07985
371.0,0.0858,0.0692,0.0775
372.0,0.0798,0.0635,0.07165
373.0,0.1263,0.0845,0.1054
374.0,0.1046,0.1451,0.12485
375.0,0.0913,0.0949,0.0931
376.0,0.1144,0.0848,0.0996
377.0,0.1276,0.1126,0.1201
378.0,0.093,0.0735,0.08325
379.0,0.0837,0.0851,0.0844
380.0,0.1264,0.0983,0.11235
381.0,0.1322,0.1265,0.12935
382.0,0.2064,0.1531,0.17975
383.0,0.1479,0.1248,0.13635
384.0,0.2051,0.129,0.16705
385.0,0.1482,0.1104,0.1293
386.0,0.1692,0.1242,0.1467
387.0,0.2304,0.1928,0.2116
388.0,0.2401,0.2071,0.2236
389.0,0.2349,0.1675,0.2012
390.0,0.2045,0.1445,0.1745
391.0,0.1368,0.1458,0.1413
392.0,0.1234,0.1138,0.1186
393.0,0.1355,0.0944,0.11495
394.0,0.1424,0.1066,0.1245
395.0,0.1342,0.1204,0.1273
396.0,0.1327,0.1097,0.1212
397.0,0.1556,0.0861,0.12085
398.0,0.1138,0.1018,0.1078
399.0,0.1045,0.103,0.10375
400.0,0.1187,0.0827,0.1007
401.0,0.0826,0.0737,0.07815
402.0,0.0684,0.0553,0.06185
403.0,0.0901,0.0667,0.0784
404.0,0.0636,0.0527,0.05815
405.0,0.0733,0.0637,0.0685
406.0,0.0673,0.0591,0.0632
407.0,0.0621,0.0562,0.05915
408.0,0.0739,0.0919,0.0829
409.0,0.0886,0.1066,0.0976
410.0,0.1515,0.1466,0.14905
411.0,0.1798,0.1746,0.1772
412.0,0.1388,0.1385,0.13865
413.0,0.0879,0.081,0.08445
414.0,0.1113,0.0877,0.0995
415.0,0.1433,0.1263,0.1348
416.0,0.1333,0.0773,0.1053
417.0,0.1435,0.1207,0.1321
418.0,0.1604,0.1471,0.15375
419.0,0.0623,0.0549,0.0586
420.0,0.0717,0.0651,0.0684
421.0,0.0682,0.0662,0.0672
422.0,0.107,0.0904,0.0987
423.0,0.0885,0.0693,0.0789
424.0,0.0743,0.0769,0.0756
425.0,0.2293,0.1487,0.189
426.0,0.2582,0.2382,0.2482
427.0,0.4088,0.3864,0.3976
428.0,0.4476,0.489,0.4683
429.0,0.4407,0.5347,0.4877
430.0,0.5105,0.5219,0.5162
431.0,0.5442,0.59,0.5671
432.0,0.43,0.5035,0.46675
433.0,0.4262,0.5028,0.4645
434.0,0.4284,0.4577,0.44305
435.0,0.3069,0.3741,0.3405
436.0,0.3061,0.3004,0.30325
437.0,0.2231,0.2039,0.2135
438.0,0.168,0.1581,0.16305
439.0,0.1774,0.1372,0.1573
440.0,0.1541,0.1285,0.1413
441.0,0.182,0.1213,0.15165
442.0,0.1374,0.1101,0.12375
443.0,0.1444,0.1109,0.12765
444.0,0.1772,0.1502,0.1637
445.0,0.1399,0.14,0.13995
446.0,0.1502,0.1743,0.16225
447.0,0.201,0.2045,0.20275
448.0,0.1702,0.1739,0.17205
449.0,0.2187,0.1539,0.1863
450.0,0.148,0.1569,0.15245
451.0,0.0889,0.0921,0.0905
452.0,0.0722,0.0662,0.0692
453.0,0.0755,0.0718,0.07365
454.0,0.1166,0.1023,0.10945
455.0,0.0923,0.0711,0.0817
456.0,0.1143,0.0829,0.0986
457.0,0.0889,0.0783,0.0836
458.0,0.1111,0.0967,0.1039
459.0,0.1184,0.1109,0.11465
460.0,0.2015,0.1558,0.17865
461.0,0.1169,0.1305,0.1237
462.0,0.0867,0.1918,0.13925
463.0,0.0756,0.0753,0.07545
464.0,0.116,0.1215,0.11875
465.0,0.0818,0.0783,0.08005
466.0,0.1176,0.1453,0.13145
467.0,0.1396,0.1339,0.13675
468.0,0.0774,0.079,0.0782
469.0,0.0688,0.0672,0.068
470.0,0.0937,0.1013,0.0975
471.0,0.0868,0.0978,0.0923
472.0,0.125,0.1143,0.11965
473.0,0.0596,0.0609,0.06025
474.0,0.0481,0.0482,0.04815
475.0,0.0545,0.0526,0.05355
476.0,0.0635,0.0691,0.0663
477.0,0.0561,0.056,0.05605
478.0,0.0544,0.0549,0.05465
479.0,0.067,0.0852,0.0761
480.0,0.0611,0.0642,0.06265
481.0,0.0587,0.0648,0.06175
482.0,0.0634,0.1147,0.08905
483.0,0.0788,0.0897,0.08425
484.0,0.06,0.0604,0.0602
485.0,0.1361,0.1118,0.12395
486.0,0.0628,0.063,0.0629
487.0,0.2128,0.1387,0.17575
488.0,0.1088,0.0967,0.10275
489.0,0.116,0.1103,0.11315
490.0,0.1371,0.1234,0.13025
491.0,0.1781,0.1539,0.166
492.0,0.1692,0.136,0.1526
493.0,0.2316,0.2171,0.22435
494.0,0.1364,0.1225,0.12945
495.0,0.1545,0.1418,0.14815
496.0,0.0839,0.0904,0.08715
497.0,0.1154,0.115,0.1152
498.0,0.0741,0.0768,0.07545
499.0,0.0876,0.0888,0.0882
500.0,0.0791,0.0938,0.08645
501.0,0.0989,0.1134,0.10615
502.0,0.1171,0.1121,0.1146
503.0,0.1216,0.1233,0.12245
504.0,0.0962,0.102,0.0991
505.0,0.0796,0.0923,0.08595
506.0,0.1146,0.1211,0.11785
507.0,0.0669,0.0698,0.06835
508.0,0.1068,0.1081,0.10745
509.0,0.1304,0.11,0.1202
510.0,0.3089,0.2031,0.256
511.0,0.0769,0.1325,0.1047
512.0,0.1254,0.1261,0.12575
513.0,0.0707,0.0716,0.07115
514.0,0.1185,0.1118,0.11515
515.0,0.071,0.069,0.07
516.0,0.1108,0.0995,0.10515
517.0,0.1206,0.1038,0.1122
518.0,0.0956,0.0767,0.08615
519.0,0.2396,0.2489,0.24425
