Time/Residue,AFR4_R1.xvg,AFR4_R2.xvg,Average
50.0,0.281,0.263,0.272
51.0,0.1381,0.1403,0.1392
52.0,0.0958,0.0931,0.09445
53.0,0.1098,0.0968,0.1033
54.0,0.1388,0.1146,0.1267
55.0,0.1467,0.1032,0.12495
56.0,0.285,0.2451,0.26505
57.0,0.2635,0.3222,0.29285
58.0,0.3546,0.4904,0.4225
59.0,0.3343,0.4552,0.39475
60.0,0.3036,0.4026,0.3531
61.0,0.3199,0.5595,0.4397
62.0,0.2445,0.3845,0.3145
63.0,0.205,0.1912,0.1981
64.0,0.1764,0.1324,0.1544
65.0,0.1957,0.1552,0.17545
66.0,0.2203,0.167,0.19365
67.0,0.1885,0.1325,0.1605
68.0,0.162,0.1045,0.13325
69.0,0.1572,0.1278,0.1425
70.0,0.1754,0.1719,0.17365
71.0,0.1467,0.1105,0.1286
72.0,0.1144,0.075,0.0947
73.0,0.1071,0.0738,0.09045
74.0,0.1756,0.1487,0.16215
75.0,0.1294,0.0841,0.10675
76.0,0.1047,0.0768,0.09075
77.0,0.1429,0.1115,0.1272
78.0,0.1609,0.1265,0.1437
79.0,0.1239,0.0802,0.10205
80.0,0.1299,0.1468,0.13835
81.0,0.148,0.1027,0.12535
82.0,0.2071,0.1822,0.19465
83.0,0.1366,0.1035,0.12005
84.0,0.1073,0.0851,0.0962
85.0,0.1116,0.1077,0.10965
86.0,0.1163,0.1193,0.1178
87.0,0.0943,0.0734,0.08385
88.0,0.106,0.0754,0.0907
89.0,0.1253,0.0815,0.1034
90.0,0.181,0.1249,0.15295
91.0,0.1871,0.1192,0.15315
92.0,0.3091,0.2084,0.25875
93.0,0.2378,0.1503,0.19405
94.0,0.2279,0.1871,0.2075
95.0,0.1783,0.1515,0.1649
96.0,0.1142,0.0755,0.09485
97.0,0.0848,0.0688,0.0768
98.0,0.0844,0.0831,0.08375
99.0,0.0759,0.0748,0.07535
100.0,0.0858,0.0766,0.0812
101.0,0.0631,0.0777,0.0704
102.0,0.0858,0.116,0.1009
103.0,0.1782,0.1888,0.1835
104.0,0.0651,0.0808,0.07295
105.0,0.0665,0.1064,0.08645
106.0,0.1037,0.132,0.11785
107.0,0.0995,0.1054,0.10245
108.0,0.0973,0.102,0.09965
109.0,0.1014,0.1423,0.12185
110.0,0.1198,0.16,0.1399
111.0,0.1136,0.1157,0.11465
112.0,0.1984,0.1835,0.19095
113.0,0.219,0.2264,0.2227
114.0,0.3753,0.3504,0.36285
115.0,0.1861,0.1568,0.17145
116.0,0.1397,0.1152,0.12745
117.0,0.1487,0.1181,0.1334
118.0,0.1041,0.0841,0.0941
119.0,0.1729,0.123,0.14795
120.0,0.1814,0.126,0.1537
121.0,0.1207,0.1129,0.1168
122.0,0.0895,0.0922,0.09085
123.0,0.0982,0.112,0.1051
124.0,0.1147,0.1177,0.1162
125.0,0.1599,0.1337,0.1468
126.0,0.0891,0.106,0.09755
127.0,0.1046,0.1347,0.11965
128.0,0.1036,0.123,0.1133
129.0,0.1005,0.1294,0.11495
130.0,0.0986,0.1297,0.11415
131.0,0.0981,0.1,0.09905
132.0,0.1561,0.1923,0.1742
133.0,0.12,0.115,0.1175
134.0,0.0949,0.0855,0.0902
135.0,0.0906,0.0846,0.0876
136.0,0.1093,0.0957,0.1025
137.0,0.0923,0.1083,0.1003
138.0,0.1088,0.0886,0.0987
139.0,0.1123,0.1068,0.10955
140.0,0.1795,0.1288,0.15415
141.0,0.1261,0.0993,0.1127
142.0,0.1233,0.1312,0.12725
143.0,0.1252,0.0827,0.10395
144.0,0.1699,0.1249,0.1474
145.0,0.133,0.0988,0.1159
146.0,0.0966,0.0757,0.08615
147.0,0.1178,0.0819,0.09985
148.0,0.1579,0.1023,0.1301
149.0,0.1062,0.0723,0.08925
150.0,0.0893,0.0713,0.0803
151.0,0.1643,0.106,0.13515
152.0,0.1995,0.1327,0.1661
153.0,0.1076,0.0866,0.0971
154.0,0.0996,0.0961,0.09785
155.0,0.1164,0.1182,0.1173
156.0,0.118,0.1202,0.1191
157.0,0.1318,0.1339,0.13285
158.0,0.081,0.0871,0.08405
159.0,0.0917,0.0924,0.09205
160.0,0.138,0.1928,0.1654
161.0,0.0953,0.1055,0.1004
162.0,0.0766,0.0823,0.07945
163.0,0.0748,0.0811,0.07795
164.0,0.0809,0.0895,0.0852
165.0,0.0823,0.1129,0.0976
166.0,0.0661,0.0706,0.06835
167.0,0.072,0.0845,0.07825
168.0,0.1125,0.118,0.11525
169.0,0.0614,0.0762,0.0688
170.0,0.0667,0.0663,0.0665
171.0,0.1104,0.1091,0.10975
172.0,0.0917,0.0865,0.0891
173.0,0.0737,0.1043,0.089
174.0,0.0886,0.0778,0.0832
175.0,0.1672,0.1629,0.16505
176.0,0.1419,0.1205,0.1312
177.0,0.1073,0.1008,0.10405
178.0,0.1306,0.1264,0.1285
179.0,0.1336,0.1179,0.12575
180.0,0.1211,0.1248,0.12295
181.0,0.1834,0.1788,0.1811
182.0,0.1039,0.1023,0.1031
183.0,0.2048,0.1869,0.19585
184.0,0.1488,0.1546,0.1517
185.0,0.0913,0.0784,0.08485
186.0,0.1104,0.1059,0.10815
187.0,0.0774,0.11,0.0937
188.0,0.0856,0.0926,0.0891
189.0,0.0744,0.0985,0.08645
190.0,0.0869,0.1101,0.0985
191.0,0.1441,0.1308,0.13745
192.0,0.0727,0.0848,0.07875
193.0,0.073,0.0974,0.0852
194.0,0.0615,0.0692,0.06535
195.0,0.1001,0.1053,0.1027
196.0,0.0661,0.0723,0.0692
197.0,0.0794,0.0553,0.06735
198.0,0.0679,0.0657,0.0668
199.0,0.0659,0.0881,0.077
200.0,0.0553,0.0571,0.0562
201.0,0.0644,0.0592,0.0618
202.0,0.0592,0.0601,0.05965
203.0,0.0767,0.0851,0.0809
204.0,0.0711,0.072,0.07155
205.0,0.1193,0.1194,0.11935
206.0,0.1204,0.101,0.1107
207.0,0.0775,0.0882,0.08285
208.0,0.1828,0.1988,0.1908
209.0,0.1384,0.182,0.1602
210.0,0.0781,0.0956,0.08685
211.0,0.068,0.0785,0.07325
212.0,0.108,0.1427,0.12535
213.0,0.1208,0.2006,0.1607
214.0,0.1418,0.1371,0.13945
215.0,0.141,0.1847,0.16285
216.0,0.2023,0.1789,0.1906
217.0,0.2365,0.175,0.20575
218.0,0.342,0.159,0.2505
219.0,0.21,0.1095,0.15975
220.0,0.2109,0.1741,0.1925
221.0,0.1631,0.0943,0.1287
222.0,0.1737,0.1311,0.1524
223.0,0.1985,0.1645,0.1815
224.0,0.167,0.1062,0.1366
225.0,0.1623,0.1062,0.13425
226.0,0.1845,0.1256,0.15505
227.0,0.2121,0.1866,0.19935
228.0,0.1401,0.1167,0.1284
229.0,0.1463,0.1341,0.1402
230.0,0.1848,0.1554,0.1701
231.0,0.2174,0.1893,0.20335
232.0,0.2369,0.2679,0.2524
233.0,0.1833,0.2469,0.2151
234.0,0.1917,0.2204,0.20605
235.0,0.2173,0.2876,0.25245
236.0,0.1635,0.2434,0.20345
237.0,0.1231,0.3199,0.2215
238.0,0.1958,0.4584,0.3271
239.0,0.1407,0.235,0.18785
240.0,0.1714,0.2631,0.21725
241.0,0.1746,0.2091,0.19185
242.0,0.1847,0.162,0.17335
243.0,0.1935,0.2026,0.19805
244.0,0.1346,0.1273,0.13095
245.0,0.2343,0.2207,0.2275
246.0,0.1984,0.1557,0.17705
247.0,0.1177,0.093,0.10535
248.0,0.1154,0.0999,0.10765
249.0,0.1371,0.0876,0.11235
250.0,0.128,0.0829,0.10545
251.0,0.1281,0.1272,0.12765
252.0,0.2109,0.212,0.21145
253.0,0.1719,0.1445,0.1582
254.0,0.1302,0.0968,0.1135
255.0,0.127,0.0896,0.1083
256.0,0.1626,0.1409,0.15175
257.0,0.1307,0.0938,0.11225
258.0,0.126,0.1123,0.11915
259.0,0.1516,0.1119,0.13175
260.0,0.1823,0.1575,0.1699
261.0,0.1215,0.1123,0.1169
262.0,0.1436,0.108,0.1258
263.0,0.2028,0.1825,0.19265
264.0,0.1443,0.1155,0.1299
265.0,0.1932,0.1499,0.17155
266.0,0.2119,0.1416,0.17675
267.0,0.2578,0.2111,0.23445
268.0,0.2353,0.3062,0.27075
269.0,0.2556,0.2861,0.27085
270.0,0.3227,0.4217,0.3722
271.0,0.4616,0.5573,0.50945
272.0,0.454,0.4098,0.4319
273.0,0.4046,0.3679,0.38625
274.0,0.305,0.2709,0.28795
275.0,0.2349,0.1952,0.21505
276.0,0.2605,0.1518,0.20615
277.0,0.3367,0.119,0.22785
278.0,0.2198,0.1033,0.16155
279.0,0.2995,0.1693,0.2344
280.0,0.1803,0.1238,0.15205
281.0,0.2859,0.1152,0.20055
282.0,0.3065,0.1342,0.22035
283.0,0.1966,0.1113,0.15395
284.0,0.1488,0.0981,0.12345
285.0,0.1492,0.1294,0.1393
286.0,0.1054,0.1238,0.1146
287.0,0.2498,0.2281,0.23895
288.0,0.3706,0.2459,0.30825
289.0,0.1851,0.1967,0.1909
290.0,0.1714,0.1418,0.1566
291.0,0.1685,0.1265,0.1475
292.0,0.1275,0.092,0.10975
293.0,0.1288,0.0863,0.10755
294.0,0.1734,0.105,0.1392
295.0,0.1771,0.1182,0.14765
296.0,0.1272,0.0804,0.1038
297.0,0.1321,0.1093,0.1207
298.0,0.1014,0.0661,0.08375
299.0,0.1185,0.0863,0.1024
300.0,0.1103,0.0989,0.1046
301.0,0.1017,0.0801,0.0909
302.0,0.081,0.1211,0.10105
303.0,0.0723,0.0568,0.06455
304.0,0.0936,0.0714,0.0825
305.0,0.0807,0.0655,0.0731
306.0,0.0962,0.126,0.1111
307.0,0.0679,0.0619,0.0649
308.0,0.0592,0.0578,0.0585
309.0,0.0642,0.0757,0.06995
310.0,0.0833,0.0811,0.0822
311.0,0.0625,0.0577,0.0601
312.0,0.0744,0.0601,0.06725
313.0,0.0614,0.0655,0.06345
314.0,0.0847,0.0784,0.08155
315.0,0.0568,0.0538,0.0553
316.0,0.0568,0.0516,0.0542
317.0,0.056,0.0513,0.05365
318.0,0.0584,0.0551,0.05675
319.0,0.0585,0.0574,0.05795
320.0,0.0639,0.0586,0.06125
321.0,0.0679,0.0812,0.07455
322.0,0.0751,0.0773,0.0762
323.0,0.0667,0.0654,0.06605
324.0,0.0697,0.0643,0.067
325.0,0.098,0.1019,0.09995
326.0,0.0963,0.0722,0.08425
327.0,0.0783,0.0805,0.0794
328.0,0.103,0.0907,0.09685
329.0,0.0646,0.0688,0.0667
330.0,0.0852,0.0886,0.0869
331.0,0.1043,0.1403,0.1223
332.0,0.0983,0.1099,0.1041
333.0,0.0579,0.0616,0.05975
334.0,0.0809,0.0797,0.0803
335.0,0.1017,0.1152,0.10845
336.0,0.063,0.068,0.0655
337.0,0.0677,0.0683,0.068
338.0,0.0945,0.0935,0.094
339.0,0.169,0.1923,0.18065
340.0,0.1126,0.1071,0.10985
341.0,0.1114,0.1095,0.11045
342.0,0.1053,0.0984,0.10185
343.0,0.1326,0.1336,0.1331
344.0,0.1614,0.1546,0.158
345.0,0.1032,0.0997,0.10145
346.0,0.1186,0.1122,0.1154
347.0,0.1162,0.1145,0.11535
348.0,0.1152,0.1191,0.11715
349.0,0.1034,0.0989,0.10115
350.0,0.1087,0.1129,0.1108
351.0,0.1317,0.1534,0.14255
352.0,0.1196,0.1233,0.12145
353.0,0.119,0.0967,0.10785
354.0,0.1211,0.1397,0.1304
355.0,0.1542,0.15,0.1521
356.0,0.0814,0.0811,0.08125
357.0,0.1149,0.1244,0.11965
358.0,0.0652,0.0694,0.0673
359.0,0.0539,0.0557,0.0548
360.0,0.0615,0.0631,0.0623
361.0,0.0822,0.0826,0.0824
362.0,0.056,0.0585,0.05725
363.0,0.0637,0.0698,0.06675
364.0,0.0893,0.1066,0.09795
365.0,0.0485,0.0511,0.0498
366.0,0.0489,0.0496,0.04925
367.0,0.0554,0.0556,0.0555
368.0,0.0563,0.0542,0.05525
369.0,0.1009,0.096,0.09845
370.0,0.0684,0.0752,0.0718
371.0,0.0776,0.0745,0.07605
372.0,0.0877,0.0666,0.07715
373.0,0.1258,0.0713,0.09855
374.0,0.1835,0.1177,0.1506
375.0,0.1104,0.0908,0.1006
376.0,0.0943,0.1006,0.09745
377.0,0.1134,0.1082,0.1108
378.0,0.095,0.0771,0.08605
379.0,0.1156,0.0792,0.0974
380.0,0.1467,0.115,0.13085
381.0,0.1614,0.1257,0.14355
382.0,0.1651,0.1558,0.16045
383.0,0.1248,0.1223,0.12355
384.0,0.1689,0.1405,0.1547
385.0,0.1044,0.1174,0.1109
386.0,0.117,0.1275,0.12225
387.0,0.1883,0.1942,0.19125
388.0,0.1838,0.1903,0.18705
389.0,0.1496,0.1711,0.16035
390.0,0.1404,0.1558,0.1481
391.0,0.1146,0.1369,0.12575
392.0,0.1148,0.1196,0.1172
393.0,0.1081,0.1076,0.10785
394.0,0.1161,0.1107,0.1134
395.0,0.1437,0.1328,0.13825
396.0,0.1398,0.1116,0.1257
397.0,0.1142,0.0933,0.10375
398.0,0.1233,0.0903,0.1068
399.0,0.1203,0.101,0.11065
400.0,0.0852,0.0735,0.07935
401.0,0.0705,0.0677,0.0691
402.0,0.0758,0.0691,0.07245
403.0,0.1043,0.0983,0.1013
404.0,0.0647,0.0573,0.061
405.0,0.0751,0.08,0.07755
406.0,0.0721,0.0737,0.0729
407.0,0.0662,0.0568,0.0615
408.0,0.1003,0.0743,0.0873
409.0,0.1059,0.089,0.09745
410.0,0.1628,0.1419,0.15235
411.0,0.182,0.1553,0.16865
412.0,0.1218,0.0945,0.10815
413.0,0.0895,0.0804,0.08495
414.0,0.1186,0.1078,0.1132
415.0,0.1514,0.1343,0.14285
416.0,0.123,0.0888,0.1059
417.0,0.1204,0.1087,0.11455
418.0,0.1597,0.1553,0.1575
419.0,0.0614,0.061,0.0612
420.0,0.0738,0.073,0.0734
421.0,0.0708,0.0736,0.0722
422.0,0.1002,0.0993,0.09975
423.0,0.0878,0.0768,0.0823
424.0,0.0806,0.0776,0.0791
425.0,0.1528,0.1464,0.1496
426.0,0.2765,0.1999,0.2382
427.0,0.2545,0.1787,0.2166
428.0,0.4402,0.285,0.3626
429.0,0.5533,0.4416,0.49745
430.0,0.5483,0.5343,0.5413
431.0,0.5102,0.5379,0.52405
432.0,0.4614,0.3788,0.4201
433.0,0.4723,0.278,0.37515
434.0,0.368,0.2491,0.30855
435.0,0.2605,0.241,0.25075
436.0,0.3234,0.2456,0.2845
437.0,0.2055,0.2297,0.2176
438.0,0.238,0.1975,0.21775
439.0,0.2812,0.2024,0.2418
440.0,0.2709,0.187,0.22895
441.0,0.3401,0.1628,0.25145
442.0,0.3567,0.1603,0.2585
443.0,0.2617,0.1636,0.21265
444.0,0.2316,0.2204,0.226
445.0,0.1735,0.1569,0.1652
446.0,0.1169,0.1584,0.13765
447.0,0.1965,0.1838,0.19015
448.0,0.1184,0.1335,0.12595
449.0,0.1158,0.1526,0.1342
450.0,0.1649,0.2176,0.19125
451.0,0.0814,0.1114,0.0964
452.0,0.0722,0.0812,0.0767
453.0,0.0703,0.0693,0.0698
454.0,0.1005,0.1088,0.10465
455.0,0.067,0.0832,0.0751
456.0,0.1082,0.1108,0.1095
457.0,0.0731,0.0841,0.0786
458.0,0.096,0.1145,0.10525
459.0,0.0963,0.1367,0.1165
460.0,0.1905,0.2786,0.23455
461.0,0.1515,0.1402,0.14585
462.0,0.096,0.1568,0.1264
463.0,0.072,0.0666,0.0693
464.0,0.095,0.099,0.097
465.0,0.0669,0.0743,0.0706
466.0,0.1091,0.1212,0.11515
467.0,0.1571,0.1355,0.1463
468.0,0.0782,0.1077,0.09295
469.0,0.0637,0.0692,0.06645
470.0,0.0978,0.0835,0.09065
471.0,0.1043,0.094,0.09915
472.0,0.1094,0.1058,0.1076
473.0,0.0614,0.0624,0.0619
474.0,0.0517,0.0523,0.052
475.0,0.0543,0.0569,0.0556
476.0,0.0779,0.0655,0.0717
477.0,0.0605,0.0567,0.0586
478.0,0.0575,0.056,0.05675
479.0,0.0806,0.0716,0.0761
480.0,0.0648,0.0646,0.0647
481.0,0.0609,0.0595,0.0602
482.0,0.07,0.0674,0.0687
483.0,0.0958,0.0956,0.0957
484.0,0.0731,0.0669,0.07
485.0,0.1293,0.1478,0.13855
486.0,0.075,0.1021,0.08855
487.0,0.1545,0.1866,0.17055
488.0,0.1016,0.1285,0.11505
489.0,0.1247,0.1445,0.1346
490.0,0.1444,0.1699,0.15715
491.0,0.1791,0.2385,0.2088
492.0,0.1474,0.3491,0.24825
493.0,0.2092,0.3417,0.27545
494.0,0.1206,0.2124,0.1665
495.0,0.119,0.1804,0.1497
496.0,0.0944,0.0932,0.0938
497.0,0.138,0.1163,0.12715
498.0,0.088,0.0744,0.0812
499.0,0.1059,0.0928,0.09935
500.0,0.099,0.0751,0.08705
501.0,0.1193,0.1047,0.112
502.0,0.1199,0.1282,0.12405
503.0,0.101,0.1478,0.1244
504.0,0.091,0.1092,0.1001
505.0,0.0937,0.0789,0.0863
506.0,0.1316,0.1297,0.13065
507.0,0.083,0.0644,0.0737
508.0,0.1161,0.104,0.11005
509.0,0.1036,0.1024,0.103
510.0,0.1485,0.1083,0.1284
511.0,0.1,0.1076,0.1038
512.0,0.1217,0.0857,0.1037
513.0,0.0809,0.0741,0.0775
514.0,0.1252,0.1242,0.1247
515.0,0.0847,0.0726,0.07865
516.0,0.1302,0.1302,0.1302
517.0,0.1358,0.1236,0.1297
518.0,0.1015,0.1185,0.11
519.0,0.2932,0.2897,0.29145
