Time/Residue,AFR2_R1.xvg,AFR2_R2.xvg
50.0,0.2116,0.2104
51.0,0.1256,0.1261
52.0,0.0802,0.0823
53.0,0.0841,0.0923
54.0,0.1019,0.1141
55.0,0.0904,0.1099
56.0,0.2722,0.2385
57.0,0.3893,0.3812
58.0,0.4049,0.525
59.0,0.4237,0.4322
60.0,0.3589,0.2987
61.0,0.532,0.3506
62.0,0.3279,0.2856
63.0,0.2018,0.2231
64.0,0.1434,0.1685
65.0,0.1676,0.1672
66.0,0.1654,0.1712
67.0,0.127,0.1401
68.0,0.0926,0.1183
69.0,0.1072,0.1224
70.0,0.1456,0.1572
71.0,0.1097,0.1191
72.0,0.0727,0.089
73.0,0.0782,0.0903
74.0,0.1125,0.167
75.0,0.0766,0.0924
76.0,0.0689,0.0847
77.0,0.1896,0.2287
78.0,0.113,0.1326
79.0,0.0724,0.0864
80.0,0.0968,0.1113
81.0,0.0943,0.1131
82.0,0.1611,0.1764
83.0,0.0929,0.1059
84.0,0.0745,0.0822
85.0,0.0959,0.1005
86.0,0.1079,0.1148
87.0,0.0632,0.0687
88.0,0.0666,0.0739
89.0,0.0808,0.0819
90.0,0.1137,0.1242
91.0,0.1136,0.1294
92.0,0.2033,0.2283
93.0,0.1323,0.1568
94.0,0.1701,0.1772
95.0,0.1369,0.1338
96.0,0.0674,0.0763
97.0,0.0597,0.0642
98.0,0.0825,0.0714
99.0,0.0639,0.0696
100.0,0.0638,0.0668
101.0,0.0547,0.0528
102.0,0.0738,0.0711
103.0,0.1699,0.1968
104.0,0.0586,0.0601
105.0,0.0576,0.0612
106.0,0.0943,0.0854
107.0,0.1117,0.0832
108.0,0.0901,0.0827
109.0,0.1219,0.083
110.0,0.1131,0.1107
111.0,0.0921,0.0928
112.0,0.1703,0.1764
113.0,0.1385,0.1757
114.0,0.2313,0.3433
115.0,0.1201,0.1552
116.0,0.1061,0.1151
117.0,0.0816,0.1168
118.0,0.0713,0.1158
119.0,0.1203,0.1443
120.0,0.1376,0.1434
121.0,0.104,0.1072
122.0,0.0732,0.104
123.0,0.0923,0.0909
124.0,0.094,0.1119
125.0,0.1211,0.1132
126.0,0.1024,0.0916
127.0,0.1457,0.1235
128.0,0.1326,0.1266
129.0,0.1466,0.1093
130.0,0.1546,0.146
131.0,0.1276,0.1147
132.0,0.2804,0.15
133.0,0.1572,0.1417
134.0,0.1266,0.1404
135.0,0.1004,0.1282
136.0,0.0833,0.1093
137.0,0.134,0.1421
138.0,0.0818,0.1309
139.0,0.1032,0.1356
140.0,0.1716,0.1975
141.0,0.1297,0.1602
142.0,0.1135,0.1552
143.0,0.0976,0.1273
144.0,0.1779,0.2061
145.0,0.114,0.1396
146.0,0.0954,0.1537
147.0,0.0915,0.1313
148.0,0.1059,0.1174
149.0,0.1925,0.1256
150.0,0.0793,0.0989
151.0,0.1444,0.1309
152.0,0.2172,0.1454
153.0,0.0864,0.0828
154.0,0.103,0.0986
155.0,0.1188,0.1204
156.0,0.116,0.1133
157.0,0.1356,0.1345
158.0,0.0782,0.0793
159.0,0.0846,0.0821
160.0,0.169,0.0999
161.0,0.0966,0.0926
162.0,0.0765,0.0814
163.0,0.0701,0.0726
164.0,0.0747,0.0785
165.0,0.0803,0.0814
166.0,0.0656,0.0729
167.0,0.0895,0.0826
168.0,0.1085,0.1009
169.0,0.0796,0.068
170.0,0.0637,0.0695
171.0,0.1007,0.1133
172.0,0.0838,0.0941
173.0,0.0688,0.0778
174.0,0.0754,0.0811
175.0,0.1708,0.1728
176.0,0.118,0.1154
177.0,0.0888,0.1013
178.0,0.1031,0.1178
179.0,0.0958,0.1127
180.0,0.0772,0.1157
181.0,0.1401,0.1489
182.0,0.0882,0.1048
183.0,0.1958,0.1732
184.0,0.146,0.1498
185.0,0.0744,0.0821
186.0,0.0974,0.1132
187.0,0.0938,0.103
188.0,0.132,0.1077
189.0,0.0642,0.0888
190.0,0.0986,0.1145
191.0,0.2085,0.2114
192.0,0.0636,0.0855
193.0,0.0678,0.0905
194.0,0.0625,0.0762
195.0,0.1061,0.1082
196.0,0.1205,0.1137
197.0,0.0572,0.0678
198.0,0.0741,0.0854
199.0,0.0781,0.0703
200.0,0.0588,0.0695
201.0,0.0654,0.075
202.0,0.0646,0.0667
203.0,0.0741,0.0786
204.0,0.07,0.0806
205.0,0.108,0.0989
206.0,0.182,0.1022
207.0,0.1099,0.0774
208.0,0.2488,0.1811
209.0,0.1975,0.1514
210.0,0.1031,0.0884
211.0,0.0811,0.0695
212.0,0.1148,0.1033
213.0,0.1389,0.1416
214.0,0.1035,0.091
215.0,0.1519,0.1326
216.0,0.1895,0.1702
217.0,0.1561,0.1539
218.0,0.1414,0.1429
219.0,0.1487,0.1163
220.0,0.19,0.165
221.0,0.139,0.102
222.0,0.1349,0.1399
223.0,0.1618,0.1844
224.0,0.1415,0.1035
225.0,0.1344,0.0948
226.0,0.1344,0.1197
227.0,0.1895,0.1784
228.0,0.1342,0.1072
229.0,0.1541,0.1303
230.0,0.1308,0.1167
231.0,0.1429,0.1421
232.0,0.2112,0.1506
233.0,0.222,0.1435
234.0,0.1683,0.1565
235.0,0.1982,0.3122
236.0,0.2007,0.2329
237.0,0.1662,0.2062
238.0,0.3347,0.3861
239.0,0.2621,0.1898
240.0,0.3793,0.2045
241.0,0.2949,0.1837
242.0,0.2153,0.1829
243.0,0.1978,0.2322
244.0,0.1292,0.1117
245.0,0.262,0.2183
246.0,0.1845,0.1602
247.0,0.1113,0.0963
248.0,0.1202,0.1031
249.0,0.1121,0.0944
250.0,0.1031,0.0848
251.0,0.1607,0.1081
252.0,0.23,0.2631
253.0,0.1646,0.1684
254.0,0.1117,0.1055
255.0,0.1073,0.0995
256.0,0.1389,0.1374
257.0,0.0942,0.098
258.0,0.1156,0.1013
259.0,0.1161,0.12
260.0,0.1554,0.1544
261.0,0.1088,0.0997
262.0,0.0835,0.1017
263.0,0.17,0.1614
264.0,0.1061,0.1074
265.0,0.153,0.1364
266.0,0.1175,0.1419
267.0,0.1795,0.2124
268.0,0.1937,0.1908
269.0,0.2049,0.2097
270.0,0.2528,0.2172
271.0,0.3617,0.2629
272.0,0.4484,0.3881
273.0,0.2614,0.2527
274.0,0.2339,0.1557
275.0,0.2277,0.1308
276.0,0.159,0.1114
277.0,0.2005,0.1362
278.0,0.2077,0.1181
279.0,0.205,0.0867
280.0,0.1396,0.1186
281.0,0.2015,0.1587
282.0,0.2126,0.1943
283.0,0.1944,0.1627
284.0,0.1444,0.2348
285.0,0.1335,0.3155
286.0,0.1131,0.5651
287.0,0.3265,0.5517
288.0,0.2783,0.5388
289.0,0.1612,0.4009
290.0,0.1387,0.3608
291.0,0.1002,0.224
292.0,0.1105,0.1259
293.0,0.0747,0.1093
294.0,0.083,0.1076
295.0,0.1361,0.1362
296.0,0.0941,0.1072
297.0,0.0973,0.0858
298.0,0.0614,0.0755
299.0,0.0847,0.0933
300.0,0.1131,0.1501
301.0,0.12,0.1028
302.0,0.1127,0.1209
303.0,0.0652,0.0798
304.0,0.0799,0.1052
305.0,0.0942,0.1098
306.0,0.1235,0.1085
307.0,0.0742,0.0842
308.0,0.062,0.0774
309.0,0.0696,0.0962
310.0,0.0805,0.0897
311.0,0.079,0.0698
312.0,0.0781,0.0632
313.0,0.0544,0.0666
314.0,0.0627,0.0843
315.0,0.0553,0.0572
316.0,0.0513,0.051
317.0,0.0484,0.0598
318.0,0.0548,0.0549
319.0,0.0585,0.0535
320.0,0.0561,0.0559
321.0,0.0566,0.0567
322.0,0.0576,0.0536
323.0,0.06,0.0609
324.0,0.0579,0.0582
325.0,0.0887,0.0937
326.0,0.0656,0.063
327.0,0.0706,0.0666
328.0,0.0747,0.0814
329.0,0.0642,0.0624
330.0,0.0853,0.081
331.0,0.102,0.0907
332.0,0.1049,0.1024
333.0,0.0561,0.056
334.0,0.0689,0.0665
335.0,0.1079,0.1047
336.0,0.0614,0.058
337.0,0.0601,0.0574
338.0,0.0862,0.0814
339.0,0.1921,0.2071
340.0,0.0968,0.1029
341.0,0.1099,0.0914
342.0,0.1037,0.0874
343.0,0.1286,0.1166
344.0,0.1606,0.1442
345.0,0.1053,0.0883
346.0,0.1058,0.1081
347.0,0.1029,0.1067
348.0,0.1156,0.1105
349.0,0.0886,0.0917
350.0,0.0955,0.0913
351.0,0.1252,0.1056
352.0,0.1175,0.1119
353.0,0.1001,0.102
354.0,0.1349,0.1123
355.0,0.1482,0.147
356.0,0.0775,0.0748
357.0,0.1206,0.1113
358.0,0.0641,0.0649
359.0,0.052,0.051
360.0,0.0596,0.0595
361.0,0.0735,0.0727
362.0,0.0557,0.0563
363.0,0.066,0.0668
364.0,0.0849,0.0929
365.0,0.045,0.0459
366.0,0.0501,0.0499
367.0,0.0701,0.0627
368.0,0.048,0.0497
369.0,0.0724,0.0616
370.0,0.0634,0.0617
371.0,0.0721,0.0729
372.0,0.1012,0.0816
373.0,0.1171,0.1131
374.0,0.123,0.2145
375.0,0.0983,0.1075
376.0,0.0837,0.0874
377.0,0.106,0.1037
378.0,0.0589,0.1191
379.0,0.068,0.0823
380.0,0.0728,0.085
381.0,0.1006,0.1232
382.0,0.1276,0.147
383.0,0.093,0.1109
384.0,0.0988,0.1169
385.0,0.0889,0.0983
386.0,0.0942,0.1066
387.0,0.1717,0.1756
388.0,0.1471,0.1751
389.0,0.1291,0.157
390.0,0.1246,0.1517
391.0,0.1054,0.1228
392.0,0.0975,0.1156
393.0,0.0827,0.0935
394.0,0.0889,0.0983
395.0,0.099,0.11
396.0,0.0956,0.1032
397.0,0.0758,0.082
398.0,0.0715,0.0931
399.0,0.0861,0.1056
400.0,0.0677,0.0821
401.0,0.0635,0.0648
402.0,0.0585,0.0616
403.0,0.0629,0.0706
404.0,0.0525,0.0615
405.0,0.0622,0.0774
406.0,0.0583,0.0626
407.0,0.054,0.0579
408.0,0.0668,0.0876
409.0,0.1006,0.1144
410.0,0.1401,0.1476
411.0,0.1742,0.1782
412.0,0.123,0.1192
413.0,0.0783,0.0796
414.0,0.0885,0.089
415.0,0.1152,0.1177
416.0,0.0754,0.0758
417.0,0.1049,0.11
418.0,0.1478,0.144
419.0,0.0553,0.0544
420.0,0.068,0.065
421.0,0.0672,0.0671
422.0,0.0961,0.0856
423.0,0.0894,0.0655
424.0,0.0756,0.0723
425.0,0.1477,0.1415
426.0,0.2481,0.2234
427.0,0.3719,0.3166
428.0,0.4406,0.3345
429.0,0.5034,0.377
430.0,0.555,0.4897
431.0,0.5251,0.4902
432.0,0.4682,0.4198
433.0,0.4567,0.4063
434.0,0.3846,0.3684
435.0,0.3077,0.2825
436.0,0.2662,0.3027
437.0,0.1707,0.2418
438.0,0.1355,0.1905
439.0,0.1333,0.2057
440.0,0.1344,0.1928
441.0,0.1379,0.1925
442.0,0.1335,0.2375
443.0,0.117,0.2054
444.0,0.1374,0.2466
445.0,0.1361,0.1847
446.0,0.1327,0.143
447.0,0.1668,0.178
448.0,0.1048,0.1324
449.0,0.1031,0.0979
450.0,0.1491,0.1507
451.0,0.0832,0.0822
452.0,0.0631,0.0733
453.0,0.0625,0.0912
454.0,0.1082,0.1087
455.0,0.0962,0.0835
456.0,0.1314,0.2023
457.0,0.0741,0.0814
458.0,0.09,0.1012
459.0,0.0926,0.1133
460.0,0.1265,0.2172
461.0,0.1115,0.148
462.0,0.1347,0.1396
463.0,0.0638,0.0778
464.0,0.1446,0.1235
465.0,0.1706,0.0746
466.0,0.1974,0.1141
467.0,0.1413,0.1842
468.0,0.1036,0.0777
469.0,0.1172,0.0754
470.0,0.1057,0.1441
471.0,0.1102,0.0925
472.0,0.1335,0.1221
473.0,0.0863,0.0587
474.0,0.0514,0.0475
475.0,0.0548,0.0559
476.0,0.0732,0.062
477.0,0.0552,0.0534
478.0,0.0533,0.0521
479.0,0.0793,0.0758
480.0,0.06,0.0612
481.0,0.0563,0.058
482.0,0.0626,0.0623
483.0,0.0952,0.0781
484.0,0.0571,0.0617
485.0,0.1001,0.0929
486.0,0.0602,0.0613
487.0,0.2001,0.1943
488.0,0.0931,0.0923
489.0,0.117,0.1221
490.0,0.1218,0.1228
491.0,0.1527,0.1529
492.0,0.1258,0.1377
493.0,0.1983,0.1972
494.0,0.0936,0.0975
495.0,0.084,0.0824
496.0,0.0809,0.0784
497.0,0.1231,0.1203
498.0,0.0959,0.0948
499.0,0.1151,0.1018
500.0,0.1356,0.1143
501.0,0.1352,0.1275
502.0,0.1156,0.1317
503.0,0.1272,0.157
504.0,0.0968,0.1511
505.0,0.1131,0.1176
506.0,0.1529,0.1435
507.0,0.0955,0.0938
508.0,0.1298,0.1198
509.0,0.1264,0.1144
510.0,0.2313,0.2926
511.0,0.1005,0.1338
512.0,0.1598,0.1182
513.0,0.0671,0.0967
514.0,0.115,0.1168
515.0,0.0666,0.0746
516.0,0.1128,0.1007
517.0,0.0806,0.1047
518.0,0.079,0.0857
519.0,0.2536,0.2582
