Time/Residue,AFR1_R1.xvg,AFR1_R2.xvg,Average
50,0.2274,0.2621,0.24475
51,0.1294,0.1577,0.14355
52,0.0818,0.0987,0.09025
53,0.0901,0.1047,0.0974
54,0.1136,0.1144,0.114
55,0.0997,0.0945,0.0971
56,0.2567,0.2785,0.2676
57,0.1994,0.3246,0.262
58,0.3281,0.4786,0.40335
59,0.2503,0.5199,0.3851
60,0.2088,0.5224,0.3656
61,0.2931,0.6375,0.4653
62,0.1722,0.415,0.2936
63,0.1531,0.2572,0.20515
64,0.1116,0.1414,0.1265
65,0.1147,0.1499,0.1323
66,0.1359,0.1702,0.15305
67,0.1107,0.1406,0.12565
68,0.0963,0.1094,0.10285
69,0.1021,0.1255,0.1138
70,0.1378,0.1684,0.1531
71,0.1196,0.1174,0.1185
72,0.089,0.079,0.084
73,0.1148,0.0838,0.0993
74,0.1887,0.1314,0.16005
75,0.0891,0.0835,0.0863
76,0.0883,0.0763,0.0823
77,0.2228,0.123,0.1729
78,0.1494,0.1174,0.1334
79,0.0864,0.0772,0.0818
80,0.1632,0.1154,0.1393
81,0.1146,0.1041,0.10935
82,0.1618,0.1684,0.1651
83,0.1021,0.0942,0.09815
84,0.0892,0.0824,0.0858
85,0.1146,0.1037,0.10915
86,0.0869,0.1146,0.10075
87,0.0731,0.0656,0.06935
88,0.0765,0.0675,0.072
89,0.1027,0.1088,0.10575
90,0.1376,0.1148,0.1262
91,0.1236,0.1115,0.11755
92,0.1991,0.1887,0.1939
93,0.1412,0.1318,0.1365
94,0.1851,0.1644,0.17475
95,0.1455,0.134,0.13975
96,0.0796,0.0692,0.0744
97,0.0684,0.0608,0.0646
98,0.0724,0.0833,0.07785
99,0.0797,0.0737,0.0767
100,0.083,0.0739,0.07845
101,0.0798,0.0647,0.07225
102,0.1089,0.0949,0.1019
103,0.2034,0.168,0.1857
104,0.0902,0.0721,0.08115
105,0.1031,0.0844,0.09375
106,0.1414,0.1121,0.12675
107,0.1186,0.1002,0.1094
108,0.1611,0.1205,0.1408
109,0.1981,0.1071,0.1526
110,0.2483,0.1745,0.2114
111,0.1436,0.1124,0.128
112,0.2109,0.1806,0.19575
113,0.1987,0.1654,0.18205
114,0.3296,0.2437,0.28665
115,0.1449,0.1311,0.138
116,0.1275,0.1085,0.118
117,0.1103,0.1133,0.1118
118,0.0856,0.0825,0.08405
119,0.1369,0.1059,0.1214
120,0.1385,0.1308,0.13465
121,0.1077,0.123,0.11535
122,0.1104,0.0921,0.10125
123,0.1049,0.1364,0.12065
124,0.1145,0.1553,0.1349
125,0.1431,0.1613,0.1522
126,0.0767,0.111,0.09385
127,0.1108,0.1653,0.13805
128,0.0863,0.1532,0.11975
129,0.0783,0.1535,0.1159
130,0.0785,0.1536,0.11605
131,0.0727,0.1451,0.1089
132,0.2473,0.1923,0.2198
133,0.1146,0.1458,0.1302
134,0.0727,0.1167,0.0947
135,0.0756,0.1156,0.0956
136,0.1133,0.0943,0.1038
137,0.1004,0.1246,0.1125
138,0.086,0.1157,0.10085
139,0.1069,0.1232,0.11505
140,0.1902,0.1232,0.1567
141,0.1473,0.0998,0.12355
142,0.1044,0.1254,0.1149
143,0.1058,0.0873,0.09655
144,0.1789,0.1216,0.15025
145,0.1117,0.1292,0.12045
146,0.0667,0.1352,0.10095
147,0.1061,0.1143,0.1102
148,0.1164,0.1099,0.11315
149,0.0727,0.093,0.08285
150,0.0773,0.0824,0.07985
151,0.137,0.1204,0.1287
152,0.2331,0.1922,0.21265
153,0.0721,0.1047,0.0884
154,0.0834,0.1436,0.1135
155,0.0967,0.14,0.11835
156,0.1074,0.1532,0.1303
157,0.1252,0.1682,0.1467
158,0.075,0.1129,0.09395
159,0.0814,0.1156,0.0985
160,0.0969,0.1733,0.1351
161,0.0933,0.1084,0.10085
162,0.0745,0.0968,0.08565
163,0.0728,0.0782,0.0755
164,0.0768,0.0816,0.0792
165,0.078,0.0855,0.08175
166,0.0678,0.074,0.0709
167,0.0866,0.0818,0.0842
168,0.1053,0.11,0.10765
169,0.0689,0.0856,0.07725
170,0.0665,0.0724,0.06945
171,0.0998,0.1181,0.10895
172,0.0889,0.0955,0.0922
173,0.0979,0.0775,0.0877
174,0.0771,0.0795,0.0783
175,0.1687,0.1578,0.16325
176,0.1209,0.1232,0.12205
177,0.1004,0.0894,0.0949
178,0.1141,0.106,0.11005
179,0.1071,0.0958,0.10145
180,0.0825,0.0924,0.08745
181,0.1393,0.1379,0.1386
182,0.0969,0.0902,0.09355
183,0.1738,0.1966,0.1852
184,0.1439,0.1489,0.1464
185,0.0788,0.0778,0.0783
186,0.1142,0.1101,0.11215
187,0.0718,0.0667,0.06925
188,0.1061,0.0974,0.10175
189,0.0681,0.0744,0.07125
190,0.0925,0.1014,0.09695
191,0.2018,0.1902,0.196
192,0.0832,0.0684,0.0758
193,0.0913,0.0657,0.0785
194,0.0744,0.0728,0.0736
195,0.1029,0.1106,0.10675
196,0.1004,0.1056,0.103
197,0.0676,0.065,0.0663
198,0.0869,0.0857,0.0863
199,0.0704,0.0779,0.07415
200,0.0604,0.0688,0.0646
201,0.0653,0.0763,0.0708
202,0.0605,0.0734,0.06695
203,0.072,0.0823,0.07715
204,0.0774,0.0958,0.0866
205,0.0801,0.1337,0.1069
206,0.1258,0.1188,0.1223
207,0.0733,0.0906,0.08195
208,0.179,0.1914,0.1852
209,0.153,0.1567,0.15485
210,0.0843,0.0889,0.0866
211,0.0678,0.0794,0.0736
212,0.0958,0.0971,0.09645
213,0.1321,0.1177,0.1249
214,0.0761,0.1019,0.089
215,0.1198,0.1261,0.12295
216,0.1417,0.1527,0.1472
217,0.1292,0.1444,0.1368
218,0.1197,0.1039,0.1118
219,0.088,0.129,0.1085
220,0.1409,0.1871,0.164
221,0.0808,0.1189,0.09985
222,0.1075,0.1308,0.11915
223,0.1509,0.1945,0.1727
224,0.0931,0.1565,0.1248
225,0.1117,0.1471,0.1294
226,0.1115,0.1795,0.1455
227,0.1707,0.2985,0.2346
228,0.1031,0.1755,0.1393
229,0.1262,0.1974,0.1618
230,0.1569,0.179,0.16795
231,0.2049,0.1971,0.201
232,0.3505,0.2045,0.2775
233,0.4514,0.179,0.3152
234,0.5369,0.2423,0.3896
235,0.4761,0.2623,0.3692
236,0.2323,0.203,0.21765
237,0.1616,0.2227,0.19215
238,0.3136,0.3986,0.3561
239,0.1633,0.1942,0.17875
240,0.1814,0.2053,0.19335
241,0.1827,0.1675,0.1751
242,0.1683,0.1797,0.174
243,0.1465,0.187,0.16675
244,0.1138,0.183,0.1484
245,0.2212,0.2724,0.2468
246,0.1487,0.2086,0.17865
247,0.085,0.1526,0.1188
248,0.0839,0.1529,0.1184
249,0.088,0.1318,0.1099
250,0.076,0.1151,0.09555
251,0.0846,0.145,0.1148
252,0.2748,0.2567,0.26575
253,0.1234,0.1786,0.151
254,0.0953,0.1127,0.104
255,0.0767,0.1205,0.0986
256,0.1331,0.1644,0.14875
257,0.098,0.1138,0.1059
258,0.109,0.1362,0.1226
259,0.1049,0.1648,0.13485
260,0.1605,0.1698,0.16515
261,0.1059,0.1285,0.1172
262,0.1171,0.1348,0.12595
263,0.1823,0.2102,0.19625
264,0.1115,0.1573,0.1344
265,0.1172,0.1498,0.1335
266,0.125,0.2062,0.1656
267,0.1946,0.2689,0.23175
268,0.1782,0.2303,0.20425
269,0.2348,0.2556,0.2452
270,0.2867,0.3096,0.29815
271,0.2863,0.4038,0.34505
272,0.3052,0.3867,0.34595
273,0.166,0.3898,0.2779
274,0.138,0.2708,0.2044
275,0.1108,0.2173,0.16405
276,0.1016,0.2469,0.17425
277,0.1545,0.1585,0.1565
278,0.1284,0.1519,0.14015
279,0.1486,0.1738,0.1612
280,0.1363,0.1498,0.14305
281,0.1515,0.1573,0.1544
282,0.1753,0.1506,0.16295
283,0.1206,0.122,0.1213
284,0.0988,0.1076,0.1032
285,0.1312,0.182,0.1566
286,0.0942,0.2661,0.18015
287,0.2216,0.4263,0.32395
288,0.1496,0.333,0.2413
289,0.1292,0.2101,0.16965
290,0.1345,0.1856,0.16005
291,0.1075,0.1439,0.1257
292,0.1037,0.1056,0.10465
293,0.076,0.1074,0.0917
294,0.0894,0.1308,0.1101
295,0.1158,0.1569,0.13635
296,0.0902,0.1326,0.1114
297,0.0999,0.1074,0.10365
298,0.0582,0.0744,0.0663
299,0.0645,0.0972,0.08085
300,0.1065,0.0953,0.1009
301,0.1111,0.1492,0.13015
302,0.0705,0.0985,0.0845
303,0.0584,0.0706,0.0645
304,0.0983,0.0885,0.0934
305,0.0918,0.1045,0.09815
306,0.0894,0.1156,0.1025
307,0.082,0.0706,0.0763
308,0.0849,0.0642,0.07455
309,0.1814,0.1482,0.1648
310,0.0905,0.0947,0.0926
311,0.0936,0.079,0.0863
312,0.093,0.0783,0.08565
313,0.0771,0.0624,0.06975
314,0.0829,0.0809,0.0819
315,0.0655,0.0618,0.06365
316,0.0615,0.0562,0.05885
317,0.0626,0.0601,0.06135
318,0.06,0.0617,0.06085
319,0.0601,0.0599,0.06
320,0.0616,0.0629,0.06225
321,0.0588,0.0655,0.06215
322,0.064,0.0624,0.0632
323,0.0651,0.0643,0.0647
324,0.062,0.0631,0.06255
325,0.093,0.0943,0.09365
326,0.0689,0.069,0.06895
327,0.0751,0.0714,0.07325
328,0.085,0.0844,0.0847
329,0.0684,0.0634,0.0659
330,0.0907,0.0825,0.0866
331,0.1093,0.1189,0.1141
332,0.1073,0.1073,0.1073
333,0.0658,0.0569,0.06135
334,0.0749,0.0688,0.07185
335,0.1206,0.0977,0.10915
336,0.0711,0.0614,0.06625
337,0.0753,0.0621,0.0687
338,0.0952,0.0861,0.09065
339,0.206,0.1705,0.18825
340,0.1198,0.105,0.1124
341,0.1219,0.1054,0.11365
342,0.097,0.0954,0.0962
343,0.1246,0.123,0.1238
344,0.1437,0.165,0.15435
345,0.097,0.1124,0.1047
346,0.1028,0.1162,0.1095
347,0.1066,0.1193,0.11295
348,0.1257,0.1195,0.1226
349,0.1007,0.1138,0.10725
350,0.1058,0.1082,0.107
351,0.1285,0.1293,0.1289
352,0.1319,0.1307,0.1313
353,0.1295,0.1167,0.1231
354,0.1169,0.1361,0.1265
355,0.1577,0.1545,0.1561
356,0.094,0.0808,0.0874
357,0.124,0.1225,0.12325
358,0.0729,0.0659,0.0694
359,0.0648,0.0545,0.05965
360,0.0691,0.0658,0.06745
361,0.0822,0.0766,0.0794
362,0.0625,0.0606,0.06155
363,0.0684,0.0762,0.0723
364,0.0911,0.0901,0.0906
365,0.0544,0.0494,0.0519
366,0.0561,0.055,0.05555
367,0.0869,0.065,0.07595
368,0.059,0.0526,0.0558
369,0.0674,0.0692,0.0683
370,0.0692,0.0715,0.07035
371,0.0981,0.0907,0.0944
372,0.0957,0.1061,0.1009
373,0.1676,0.1557,0.16165
374,0.1476,0.1871,0.16735
375,0.1142,0.112,0.1131
376,0.1404,0.115,0.1277
377,0.1224,0.0778,0.1001
378,0.1003,0.0724,0.08635
379,0.0808,0.0786,0.0797
380,0.0876,0.0876,0.0876
381,0.1133,0.1087,0.111
382,0.1455,0.1523,0.1489
383,0.1101,0.1184,0.11425
384,0.1206,0.1505,0.13555
385,0.1035,0.1161,0.1098
386,0.1085,0.1238,0.11615
387,0.1746,0.2572,0.2159
388,0.153,0.1982,0.1756
389,0.1279,0.2068,0.16735
390,0.1292,0.163,0.1461
391,0.1047,0.1548,0.12975
392,0.1066,0.1107,0.10865
393,0.0942,0.0942,0.0942
394,0.0995,0.0982,0.09885
395,0.1202,0.1025,0.11135
396,0.1029,0.1052,0.10405
397,0.0852,0.0798,0.0825
398,0.091,0.0825,0.08675
399,0.081,0.0809,0.08095
400,0.0851,0.0804,0.08275
401,0.1009,0.0829,0.0919
402,0.0765,0.0617,0.0691
403,0.0862,0.0772,0.0817
404,0.0669,0.0602,0.06355
405,0.0936,0.0705,0.08205
406,0.0978,0.0693,0.08355
407,0.0695,0.0595,0.0645
408,0.0849,0.079,0.08195
409,0.1062,0.107,0.1066
410,0.1657,0.1557,0.1607
411,0.1798,0.18,0.1799
412,0.1301,0.1297,0.1299
413,0.095,0.0792,0.0871
414,0.0917,0.0954,0.09355
415,0.1237,0.128,0.12585
416,0.0794,0.0811,0.08025
417,0.103,0.118,0.1105
418,0.1475,0.1465,0.147
419,0.0591,0.0589,0.059
420,0.0711,0.0709,0.071
421,0.0734,0.0708,0.0721
422,0.0966,0.0971,0.09685
423,0.0811,0.0689,0.075
424,0.0891,0.071,0.08005
425,0.3016,0.1464,0.224
426,0.5022,0.1875,0.34485
427,0.5892,0.2171,0.40315
428,0.6956,0.3068,0.5012
429,0.666,0.3779,0.52195
430,0.8682,0.3611,0.61465
431,0.9457,0.3737,0.6597
432,0.7952,0.3,0.5476
433,0.7849,0.3315,0.5582
434,0.6952,0.279,0.4871
435,0.5295,0.2707,0.4001
436,0.4317,0.2519,0.3418
437,0.3403,0.2085,0.2744
438,0.2308,0.1614,0.1961
439,0.2217,0.1704,0.19605
440,0.1947,0.1559,0.1753
441,0.237,0.1978,0.2174
442,0.2548,0.1538,0.2043
443,0.2231,0.148,0.18555
444,0.2762,0.1714,0.2238
445,0.2138,0.1588,0.1863
446,0.2861,0.1842,0.23515
447,0.3573,0.1989,0.2781
448,0.2634,0.1712,0.2173
449,0.4078,0.176,0.2919
450,0.3197,0.1654,0.24255
451,0.1822,0.0913,0.13675
452,0.1629,0.072,0.11745
453,0.197,0.0745,0.13575
454,0.21,0.1051,0.15755
455,0.1705,0.094,0.13225
456,0.165,0.1191,0.14205
457,0.1529,0.073,0.11295
458,0.1578,0.0793,0.11855
459,0.1393,0.0864,0.11285
460,0.2123,0.1445,0.1784
461,0.1602,0.1166,0.1384
462,0.1507,0.1194,0.13505
463,0.1017,0.0698,0.08575
464,0.1362,0.1006,0.1184
465,0.078,0.0764,0.0772
466,0.1481,0.1065,0.1273
467,0.1443,0.1591,0.1517
468,0.0807,0.1007,0.0907
469,0.0719,0.0738,0.07285
470,0.208,0.1031,0.15555
471,0.0955,0.1036,0.09955
472,0.1165,0.1218,0.11915
473,0.0645,0.0735,0.069
474,0.0519,0.0541,0.053
475,0.0619,0.0597,0.0608
476,0.0699,0.0769,0.0734
477,0.0612,0.0595,0.06035
478,0.0599,0.0537,0.0568
479,0.0707,0.0791,0.0749
480,0.073,0.0646,0.0688
481,0.0669,0.0568,0.06185
482,0.1286,0.0737,0.10115
483,0.0776,0.0817,0.07965
484,0.061,0.0596,0.0603
485,0.1299,0.1561,0.143
486,0.0625,0.0658,0.06415
487,0.1792,0.1527,0.16595
488,0.0883,0.1006,0.09445
489,0.1084,0.1217,0.11505
490,0.1292,0.134,0.1316
491,0.1425,0.1618,0.15215
492,0.1135,0.1539,0.1337
493,0.1799,0.202,0.19095
494,0.088,0.1067,0.09735
495,0.083,0.1022,0.0926
496,0.0733,0.0937,0.0835
497,0.1151,0.13,0.12255
498,0.0904,0.0835,0.08695
499,0.1187,0.1061,0.1124
500,0.1267,0.1027,0.1147
501,0.1651,0.1284,0.14675
502,0.1473,0.165,0.15615
503,0.1616,0.1529,0.15725
504,0.1619,0.1395,0.1507
505,0.1202,0.1167,0.11845
506,0.1902,0.1658,0.178
507,0.0852,0.0815,0.08335
508,0.126,0.1178,0.1219
509,0.1267,0.1069,0.1168
510,0.1938,0.3371,0.26545
511,0.0878,0.1362,0.112
512,0.1409,0.1228,0.13185
513,0.0734,0.073,0.0732
514,0.1177,0.1184,0.11805
515,0.0711,0.0677,0.0694
516,0.1056,0.12,0.1128
517,0.1098,0.0839,0.09685
518,0.0964,0.0889,0.09265
519,0.2766,0.2969,0.28675
